1024 680
-16 1 -2 61
-15 0 -1 0 -2 61
-14 1 -1 61
-16 0 2 0 -1 0 -1 0 1 0 -1 2 1 55
-19 0 -2 0 -1 0 2 0 -1 0 -1 2 -1 55
-12 0 -1 0 1 0 -1 1 -1 58
-13 0 1 0 1 1 1 0 1 58
-12 0 -1 0 -1 61
-10 0 -1 62
-9 0 -1 0 -1 61
-7 1 -1 61
-6 0 -1 0 -1 61
-5 1 -1 61
-5 1 -1 61
-4 1 -1 61
-2 1 -1 61
-1 1 -1 61
0 1 -1 61
1 1 -1 61
2 1 -1 61
2 1 -1 61
2 1 -1 61
2 1 -1 61
2 1 -1 61
2 0 -1 1 1 0 -1 59
7 0 -1 1 -1 0 1 59
7 1 -1 61
6 0 1 0 -1 61
4 0 1 0 -1 61
3 0 1 0 -2 1 1 2 -1 0 1 55
-22 0 23 0 -12 0 1 0 -1 2 3 0 -2 0 -1 54
-50 0 6 0 -2 61
-59 1 -1 0 1 60
-59 1 -1 61
-58 0 -1 0 -3 2 1 3 -1 54
-56 1 -5 2 2 58
-55 0 -1 0 -6 0 1 0 1 0 2 1 -1 0 -1 0 -1 3 1 50
-45 0 -8 0 -16 0 1 0 3 0 4 0 -1 0 1 0 1 4 -1 50
-21 0 -9 0 -12 0 -2 0 -3 0 -1 0 -1 1 1 55
-10 0 -3 0 -5 1 -1 0 -1 2 -1 0 -1 54
-15 0 12 0 -3 0 -4 0 -1 2 1 56
-22 0 5 0 -2 0 -6 0 2 1 -1 0 2 0 -1 2 -1 52
-36 0 5 0 4 0 2 1 1 0 -1 57
-15 0 -8 1 -6 2 -1 57
-36 0 15 0 2 0 5 0 1 0 2 0 1 1 -2 55
-37 0 -15 0 10 0 5 0 -3 0 1 1 -2 0 3 55
-15 0 1 0 5 0 -1 1 -1 58
-29 0 6 0 2 0 6 1 -1 0 -1 0 2 0 -1 55
-13 0 -4 0 2 0 -3 0 1 1 -1 0 1 56
-12 1 1 61
-13 0 1 0 1 61
-13 0 -1 62
-12 1 1 61
-12 1 2 61
-12 1 2 61
-11 1 2 61
-11 1 2 61
-11 1 3 2 -1 58
-11 1 2 2 -1 58
-11 1 1 2 -1 58
-11 4 -1 3 1 54
-12 1 1 2 -1 58
-12 1 2 2 -1 58
-12 1 2 2 -1 58
-13 1 2 61
-13 1 3 61
-13 1 3 61
-14 0 1 0 2 1 1 59
-14 1 1 2 1 58
-14 1 1 2 1 58
-14 1 1 2 1 58
-15 1 1 2 1 58
-15 1 1 2 1 58
-15 4 1 58
-14 0 -1 0 -1 61
-42 0 20 0 -2 0 8 0 2 0 4 2 -2 0 -2 2 -1 0 1 0 1 49
-53 1 -6 1 1 0 6 3 -3 4 1 49
-54 1 -6 2 5 3 -3 4 1 49
-35 0 -21 0 -2 0 1 0 -1 0 4 2 3 0 -1 1 -1 0 -1 51
-14 0 1 0 2 1 1 59
-14 0 -1 2 1 59
-15 1 -1 61
-14 1 -1 61
-14 1 -2 2 1 58
-12 0 -1 0 -3 61
-11 0 2 0 -3 1 1 59
-13 1 -4 61
-13 0 -1 0 -3 61
-12 1 -2 61
-14 0 2 0 -3 61
-16 1 -2 2 1 58
-14 1 -1 2 1 58
-14 0 -1 0 -1 2 1 58
-14 1 -1 61
-13 0 -1 62
-10 0 -2 62
-9 0 -2 0 -1 0 1 0 1 59
-8 0 2 0 -1 61
-8 0 -1 62
-9 0 1 0 1 61
-10 63
-11 0 2 0 1 1 1 59
-14 0 2 0 -1 0 -2 0 -1 1 1 0 1 56
-32 0 3 0 2 0 5 1 1 0 1 0 1 0 -1 0 -1 3 1 50
-30 0 -1 0 5 2 3 3 -1 54
-30 0 2 0 4 0 -1 1 3 3 -1 54
-38 0 5 0 6 1 -1 0 3 3 -1 54
-44 0 -2 0 3 0 3 0 3 0 4 1 -1 56
-36 0 -2 0 -2 1 -2 3 2 55
-25 0 -10 0 -4 0 3 0 2 0 -4 0 -1 0 2 0 1 5 -1 49
-9 0 1 0 5 0 -2 0 -2 0 -3 2 -1 0 1 4 -1 49
-28 0 15 0 2 0 1 0 6 0 1 2 -1 3 -1 0 1 50
-25 0 -18 0 -4 1 -4 0 1 1 1 0 1 0 -1 3 -1 50
-14 0 6 0 3 1 2 2 -1 56
-18 1 -1 61
-18 1 -1 61
-19 1 -1 61
-19 1 -1 61
-20 1 -1 61
-21 0 1 0 -1 61
-22 1 -1 61
-23 0 1 0 -1 61
-24 0 1 0 -1 61
-25 1 -1 61
-26 0 1 0 -1 61
-27 1 -1 61
-26 63
-26 63
-16 1 3 61
-16 1 3 2 1 58
-16 1 2 1 1 0 1 58
-19 0 1 0 -1 1 1 0 1 58
-17 0 -3 0 -4 5 1 55
-13 0 -1 0 -2 1 -1 59
-11 0 -1 0 -1 61
-10 63
-9 0 -1 62
-8 0 -1 62
-6 0 -1 62
-5 0 -1 62
-3 0 -1 0 -1 61
-2 1 -1 61
-1 0 -1 0 -1 61
0 0 -1 0 -1 61
2 0 -1 0 -1 61
3 1 -1 61
3 1 -1 61
4 1 -1 61
5 1 -1 61
5 1 -1 61
5 1 -1 61
5 1 -1 61
5 1 -1 61
7 0 -3 5 -1 56
10 1 -1 61
9 1 -1 61
7 0 1 0 -1 61
6 1 -1 61
3 0 7 0 -5 0 -4 0 4 0 -1 0 1 0 -2 0 1 0 -1 54
-35 0 17 0 -10 0 4 0 -5 0 1 0 1 0 -1 1 -1 1 1 0 -1 51
-51 0 3 0 -3 0 -1 1 -1 58
-53 0 1 0 -6 0 -1 0 -1 0 1 1 2 56
-43 0 -7 0 1 0 -2 0 3 0 -3 0 -1 0 -1 1 -1 2 1 51
-37 1 -12 0 1 0 4 0 2 0 -1 1 -1 0 -1 2 -1 0 -1 50
-22 0 -10 0 -14 0 -1 0 -3 0 -2 1 1 0 1 0 -1 54
-11 0 -3 0 -4 1 -1 0 -1 2 -1 0 -1 54
-6 0 -2 0 -1 61
-2 0 -1 0 -1 2 -1 58
-5 0 7 0 -3 0 -3 0 2 0 -1 0 1 0 -1 56
-23 0 -1 0 2 0 2 0 -4 1 1 0 -3 0 3 3 -1 51
-32 0 8 0 -4 0 3 1 -2 1 2 0 -1 0 1 2 -1 51
-16 0 -6 0 3 0 -6 0 1 0 -1 0 -1 1 -1 55
-32 0 9 0 1 0 3 0 -1 0 -1 0 1 1 1 2 1 52
-43 0 -1 0 -6 0 2 0 2 0 2 1 2 0 -1 5 1 49
-34 0 -3 0 3 0 -2 1 5 1 -1 0 1 0 -2 4 1 49
-37 0 1 0 -4 0 2 0 3 0 7 0 -1 1 -1 0 -1 3 -1 50
-15 0 -8 0 -1 0 -5 0 -1 0 1 0 -1 0 -1 0 2 3 1 51
-11 1 -1 1 1 59
-11 1 -1 2 -1 58
-10 1 -1 2 -1 58
-10 1 -2 61
-12 1 -2 61
-12 1 -2 61
-13 1 -2 61
-14 1 -2 61
-14 1 -2 61
-13 1 -2 61
-14 1 -2 2 1 3 1 54
-14 1 -3 2 1 3 1 54
-14 1 -3 61
-13 1 -3 61
-13 1 -3 61
-14 1 -2 2 -1 58
-14 0 -1 0 -1 61
-12 1 -2 61
-11 0 -1 0 -2 61
-11 1 -2 61
-11 0 1 0 -1 61
-12 63
-13 1 -1 61
-13 1 -1 61
-12 63
-11 0 -1 3 -1 58
-14 0 1 0 -5 0 1 0 2 0 -3 1 1 0 1 0 -1 3 1 50
-12 0 -2 0 -7 2 -3 3 -2 4 -1 49
-12 0 1 0 -6 2 -4 3 -2 4 -1 49
-13 0 -1 0 -2 1 -2 0 -3 2 -1 0 -1 54
-14 0 2 0 1 2 -2 58
-15 0 -1 0 2 2 -1 58
-14 1 1 2 -1 58
-13 0 -1 0 1 61
-12 1 1 2 -1 58
-11 0 -1 0 1 61
-10 1 2 61
-10 1 1 61
-11 1 1 61
-11 0 -1 0 1 1 1 59
-11 0 1 1 1 60
-11 1 -1 61
-11 0 -1 0 -1 61
-11 0 -1 0 -1 61
-10 1 -2 61
-8 0 -1 0 -2 61
-7 1 -1 61
-7 0 -1 2 -1 59
-7 0 1 0 2 61
-8 0 1 0 2 61
-10 1 2 61
-12 0 1 0 1 61
-13 1 2 61
-14 0 2 1 -1 0 1 2 -1 56
-19 0 -1 0 -8 2 -1 1 1 1 -1 54
-18 1 -8 5 -1 0 -1 54
-20 0 2 0 -7 2 2 3 -1 54
-28 0 6 0 -6 0 -1 2 1 1 1 0 -1 54
-37 0 -8 0 -3 0 4 1 1 0 1 2 -1 2 -1 51
-27 0 1 0 -4 0 -1 0 1 0 -1 58
-33 0 3 0 -4 0 1 0 -2 0 4 2 -3 0 1 54
-36 0 1 0 1 0 1 0 1 0 5 0 -1 0 -1 0 1 0 1 4 1 49
-24 0 -7 0 -4 0 -2 0 -1 3 2 55
-17 1 1 0 -1 3 -1 0 -1 55
-16 0 -1 0 -1 61
-15 1 -1 61
-15 1 -1 61
-16 1 -1 61
-17 1 -1 61
-18 1 -1 61
-18 1 -1 61
-19 1 -1 61
-21 0 1 0 1 1 -1 0 -1 2 1 0 1 54
-23 1 4 0 1 1 -2 1 -1 0 -1 0 1 54
-22 1 -1 61
-23 0 1 0 -1 61
-24 0 1 0 -1 61
-25 1 -1 61
-25 1 -1 61
-19 0 4 0 4 1 -3 0 -1 2 1 55
-20 0 -5 0 5 1 4 0 -2 2 -1 0 1 54
-15 0 1 6 -1 55
-14 0 -2 0 -2 61
-11 0 -1 62
-11 63
-10 0 -1 62
-9 63
-8 0 -1 62
-7 0 -1 62
-5 0 -1 62
-3 0 -1 0 -1 61
-2 0 1 0 1 1 -2 0 -1 2 1 0 1 3 -1 50
-1 0 -3 0 2 1 2 0 -2 2 -1 0 1 3 1 50
2 0 -1 0 -1 61
3 1 -1 61
4 1 -1 61
5 1 -1 61
6 1 -1 61
6 1 -1 61
7 1 -1 61
7 1 -1 61
8 1 -1 61
8 1 -1 61
8 1 -1 61
8 0 -1 0 -1 0 1 0 -1 59
12 0 -1 0 -1 0 -1 0 1 59
12 1 -1 61
11 1 -1 61
10 1 -1 61
9 1 -1 61
-5 0 20 0 -12 0 -5 0 6 0 -1 0 1 0 1 0 -1 0 -1 2 1 51
-43 0 3 0 -5 0 5 0 -2 0 2 1 -2 0 1 0 -1 0 1 0 -1 2 1 49
-31 0 -2 0 -11 0 -4 0 5 1 -1 0 -1 1 -1 3 -1 50
-23 0 -11 0 -16 1 -4 0 -3 1 1 0 1 0 -1 2 1 51
-8 0 -2 0 -5 0 -1 0 -1 0 -2 2 -1 0 -1 54
-7 0 1 0 -1 61
-6 0 -2 0 -2 61
-4 0 -1 0 -2 61
-2 3 -1 59
-4 0 2 0 1 61
-14 0 10 0 -7 0 -1 0 4 0 -1 0 1 0 1 0 -1 3 1 51
-30 0 -1 0 -11 0 3 0 2 0 6 1 -1 0 1 3 -1 51
-16 0 -8 0 -11 0 -1 0 -3 0 1 1 -1 0 1 0 1 54
-12 0 3 0 -13 0 1 0 2 0 -4 1 1 0 1 0 -1 54
-9 0 -3 0 -10 0 -1 0 -2 0 -4 3 -1 54
-8 1 -7 1 -1 0 -3 3 -2 54
-10 1 -2 0 1 0 -1 0 -1 3 -1 54
-10 0 1 62
-12 1 1 0 1 60
-13 0 1 0 1 0 1 60
-11 0 1 0 1 0 -1 0 -1 59
-12 1 2 61
-11 0 -1 0 2 61
-12 0 1 0 1 61
-12 0 1 0 1 61
-12 0 -1 0 1 0 -1 60
-12 1 2 2 -1 58
-13 0 1 0 2 61
-13 0 -1 0 1 61
-12 0 1 0 1 61
-12 1 2 61
-13 1 3 61
-14 0 1 0 3 61
-15 1 1 1 1 59
-14 0 -1 0 1 61
-12 0 -1 0 1 2 1 58
-10 1 1 0 -1 60
-12 0 1 0 3 61
-14 1 3 2 1 58
-14 0 1 0 2 2 1 58
-15 1 1 2 1 58
-14 1 1 2 1 58
-13 0 -1 0 -1 1 1 0 1 58
-11 0 -1 0 -3 61
-8 0 -1 0 -1 1 -1 59
-10 0 2 0 3 5 -1 55
-14 0 1 0 2 1 1 0 2 58
-16 3 1 0 1 58
-16 1 -2 61
-16 1 -3 61
-16 1 -1 2 1 58
-16 0 -1 0 -1 2 1 58
-15 1 -1 61
-14 0 -1 62
-15 2 1 1 1 58
-14 4 1 58
-13 1 -1 2 1 58
-12 0 -1 62
-12 0 1 0 -1 0 1 60
-12 4 1 58
-11 0 -1 62
-9 0 -2 62
-8 0 1 62
-8 0 -1 0 1 1 -1 59
-7 1 1 0 1 60
-8 1 1 0 1 60
-9 0 1 62
-9 0 1 62
-11 0 1 0 -1 61
-12 1 -1 61
-12 1 -1 61
-11 1 -2 61
-9 0 -1 0 -1 0 -1 60
-7 0 -2 0 -1 61
-4 0 -2 0 -2 1 1 4 -1 54
-5 0 6 0 -8 0 -3 0 3 0 -2 1 -1 1 -1 54
-21 0 2 0 -8 0 1 0 -5 1 1 1 -1 0 -1 54
-22 0 -1 0 -2 0 1 60
-17 0 -1 0 -4 0 -1 0 1 3 1 55
-22 0 7 0 -2 0 -1 0 -4 0 -2 1 1 1 -1 2 1 51
-23 0 -7 0 3 0 -1 0 3 0 1 2 1 0 -1 3 -1 50
-17 0 -1 0 -1 61
-14 0 -1 0 -1 61
-14 63
-15 0 1 0 1 1 -1 0 -1 2 1 0 1 54
-18 0 2 0 5 1 -1 0 -3 2 1 0 2 54
-24 0 3 0 12 0 1 0 -1 0 -4 1 -1 1 1 54
-25 0 2 0 13 0 -1 0 -1 0 -5 1 1 1 1 54
-32 0 4 0 18 1 -1 0 -3 2 -1 55
-41 0 4 0 17 1 1 0 2 2 -1 55
-46 0 1 0 9 1 2 0 4 3 2 54
-40 0 -13 0 2 0 4 0 2 0 1 2 1 0 1 3 1 50
-19 0 -1 0 -1 0 -1 60
-19 1 -1 61
-20 1 -2 61
-21 1 -2 61
-22 0 1 0 -1 61
-22 0 7 0 -8 0 -1 0 5 4 1 54
-24 0 -7 0 -9 0 1 0 -5 3 -1 55
-14 0 -2 0 -1 61
-11 63
-10 63
-10 1 -1 61
-9 63
-9 63
-9 0 1 0 1 1 -1 59
-8 0 -2 0 2 1 1 59
-4 0 -2 62
-2 2 -1 0 -1 2 1 56
-29 0 21 0 14 0 2 0 -3 0 2 0 1 0 -2 0 -2 3 1 51
-35 0 -18 0 17 0 6 0 -2 0 3 0 -1 0 -2 0 4 0 2 1 1 0 -1 51
2 0 -5 0 2 0 -3 0 3 0 -1 0 -1 0 2 0 -1 2 1 52
6 1 -1 61
6 0 -1 0 -1 61
7 1 -1 61
8 1 -1 61
9 1 -1 61
9 1 -1 61
9 1 -1 61
10 1 -1 61
9 1 2 0 1 1 -1 1 -1 1 1 2 1 51
10 1 -1 61
10 1 -1 61
13 0 -3 62
15 1 -1 61
14 1 -1 61
13 1 -1 61
13 1 -2 61
10 0 4 0 -1 0 -3 0 -1 1 1 1 1 55
-13 0 5 0 -8 0 5 0 2 0 -3 0 1 0 2 1 -1 54
-9 0 -3 0 -3 0 -1 0 -2 0 -1 2 -1 0 -1 54
-7 63
-3 0 -3 1 -1 60
-2 0 1 0 -1 2 -1 58
-3 63
-3 0 -1 62
-2 63
-3 1 -2 0 1 60
-4 1 -2 0 1 60
-3 0 -1 0 -3 0 1 0 -1 0 -1 3 -1 54
-1 0 2 0 -1 61
-2 3 1 59
-1 0 1 2 -1 59
-4 0 2 0 1 61
-8 0 1 0 -1 0 1 60
-10 0 2 1 1 60
-11 63
-11 0 1 62
-12 0 1 0 -1 61
-14 1 -1 61
-14 63
-14 63
-14 1 1 61
-15 1 1 61
-16 0 1 0 1 61
-16 0 -1 62
-14 0 -1 0 -1 1 -1 59
-14 0 1 62
-16 63
-15 63
-14 0 -1 0 -2 61
-12 0 -2 0 -3 61
-9 0 -1 0 -3 61
-8 0 1 0 -1 1 -1 0 -1 58
-12 0 3 0 2 61
-17 0 1 0 1 61
-17 0 -1 0 1 61
-15 0 -1 62
-14 0 -1 0 -1 61
-11 0 -2 0 -2 61
-7 0 -1 0 -1 1 -1 0 -1 58
-8 0 1 0 1 61
-10 0 1 0 1 1 1 59
-11 1 -1 61
-12 0 1 62
-14 1 -1 61
-13 0 -1 62
-12 63
-12 1 -1 61
-13 1 -2 61
-13 1 -2 61
-13 1 -1 61
-12 63
-12 63
-12 63
-12 0 -1 0 -1 61
-10 0 -1 62
-9 4 -1 58
-10 63
-9 0 -1 0 1 61
-9 1 1 61
-8 63
-7 0 -1 62
-7 63
-8 63
-10 0 1 62
-11 63
-10 0 -1 0 -2 61
-9 0 -1 0 -1 1 -1 59
-9 63
-8 63
-6 0 -1 62
-1 0 -4 1 -1 60
2 0 2 0 -1 0 -1 60
-4 0 4 0 -2 0 -1 0 2 0 -1 2 1 55
-22 0 5 0 2 0 6 3 -1 0 -2 3 -1 51
-16 0 -1 0 1 0 -1 1 1 58
-18 0 2 0 -3 1 2 0 -1 2 1 55
-19 0 -1 2 -3 0 -3 1 -1 1 1 3 -1 0 -1 49
-19 0 1 0 7 1 -2 0 -4 2 1 0 2 54
-24 0 2 0 14 0 1 0 -1 0 -4 1 -1 0 -1 0 1 4 -1 49
-17 0 -3 0 4 0 -3 0 2 2 2 56
-37 0 16 0 10 0 4 0 -2 0 3 1 -2 0 -2 0 1 3 -1 50
-51 0 2 0 6 1 2 0 4 2 1 0 2 4 1 49
-54 0 1 0 1 2 1 3 1 54
-55 1 1 1 1 0 1 58
-56 0 1 62
-56 63
-54 0 -1 0 1 61
-42 0 -17 1 5 0 1 59
-17 1 -1 0 -1 60
-17 0 1 0 1 1 -1 0 -1 3 1 4 -1 49
-20 0 2 0 5 1 -1 0 -3 2 1 0 2 54
-24 0 1 0 8 1 -1 0 -4 3 1 54
-27 0 2 0 10 1 -1 0 -4 3 1 54
-14 0 1 0 1 0 -1 0 -1 59
-14 0 -1 2 1 0 -1 58
-12 1 1 2 -1 58
-12 1 2 2 -1 58
-13 0 2 0 5 1 -1 0 -1 58
-22 0 5 0 15 0 1 0 -3 0 -2 1 -1 0 1 55
-28 0 2 0 20 2 -2 2 -1 55
-32 0 1 0 20 5 -1 5 1 49
-33 0 -1 0 17 0 1 0 2 0 1 0 -1 7 1 49
-16 0 -8 0 5 0 -2 0 2 0 -1 0 -1 0 1 1 1 54
-8 0 -2 0 4 1 -1 0 -2 2 1 0 1 54
-4 0 -2 0 6 2 -4 3 2 4 -1 49
-26 0 26 0 -9 0 -1 0 3 0 -3 1 4 0 -4 0 1 1 -1 0 1 1 -1 49
-57 0 2 0 2 0 2 0 -1 0 1 1 1 0 -1 2 -1 0 1 0 -1 50
-25 0 -22 0 22 0 -6 0 -2 0 -2 0 -1 0 -2 0 5 0 1 1 -1 0 1 51
-18 0 4 0 27 0 4 0 -2 0 -4 0 -1 0 -1 1 1 2 -1 51
0 0 -7 0 11 0 -4 0 5 0 -3 0 -1 0 3 0 -1 55
5 0 -2 0 6 0 1 0 1 0 -2 2 -1 0 1 54
9 0 -1 0 1 2 -1 58
10 4 -1 58
11 4 -1 58
11 4 -1 58
10 1 3 2 -3 1 -1 1 2 4 -1 49
1 0 4 0 -4 0 6 0 -1 0 2 1 3 0 -1 0 2 2 -1 51
9 0 -1 0 4 0 -1 0 -1 0 -2 0 -1 1 1 0 1 54
6 0 2 0 9 1 -1 0 -3 3 1 54
2 0 1 0 14 0 1 0 -1 0 -2 58
8 0 2 0 12 0 -4 0 -1 0 -4 1 2 1 1 2 1 1 -1 49
4 0 -4 0 16 0 1 0 2 0 -5 2 1 0 1 54
12 0 -3 0 7 1 2 0 -5 2 -1 0 2 4 -1 49
16 0 -1 2 1 0 -1 2 -1 0 1 3 1 0 -1 49
14 0 4 0 -3 0 -3 0 1 1 1 0 -1 56
-4 0 3 0 -2 0 2 0 -2 1 1 0 -1 56
-6 63
-6 0 -1 0 -1 61
-6 0 -1 1 1 0 -1 0 1 58
-3 1 1 61
-3 63
-3 63
-2 0 -1 62
-1 63
-2 0 -1 1 1 60
2 1 -1 61
0 0 2 62
-2 1 1 1 -1 59
-3 0 1 2 1 59
-5 0 1 0 -1 61
-7 0 2 62
-10 0 1 1 1 60
-10 63
-10 63
-10 0 1 0 -1 61
-12 0 1 0 -1 61
-13 63
-13 1 -1 61
-14 1 -1 61
-15 1 -1 61
-15 1 -1 61
-15 63
-14 63
-15 0 1 62
-14 0 -1 0 -1 61
-11 0 -2 0 -2 61
-8 0 -1 0 -2 61
-7 1 -1 61
-7 0 1 0 1 0 -1 0 -1 59
-13 0 4 0 4 61
-19 0 1 0 2 1 1 59
-19 0 -1 62
-16 0 -2 0 -2 61
-11 0 -2 0 -3 61
-9 0 -1 0 -2 61
-8 1 1 1 -1 3 -1 55
-10 0 1 0 1 2 1 58
-10 63
-11 63
-12 1 1 61
-13 0 1 62
-13 0 -1 0 -1 61
-11 0 -1 0 -2 61
-10 0 -1 0 -1 61
-9 1 -2 61
-9 0 -1 0 -2 61
-8 1 -2 61
-8 0 1 0 -2 61
-9 1 -2 61
-10 0 1 0 -2 61
-11 1 -1 61
-10 63
-11 1 1 61
-11 4 1 58
-11 4 1 58
-10 0 -1 62
-9 63
-8 63
-8 1 1 61
-9 1 1 61
-9 63
-9 1 -1 61
-8 1 -1 61
-8 63
-8 0 1 0 1 61
-10 63
-9 1 1 61
-7 0 -2 0 1 61
-2 0 -3 0 1 61
3 1 1 0 -1 0 1 59
-11 0 15 0 9 0 -2 0 -5 0 -2 1 -1 1 1 2 1 51
-26 0 -3 0 2 0 1 0 1 0 1 1 2 0 1 2 1 0 1 51
-22 0 -1 0 4 1 -1 0 1 58
-21 0 3 0 6 0 -3 0 -2 0 -1 0 1 0 1 0 1 55
-45 0 7 0 9 0 4 0 2 0 3 0 1 1 -1 0 2 2 -1 0 -1 50
-51 0 1 0 4 1 1 0 2 2 1 0 2 4 1 49
-51 0 -4 0 1 0 4 2 -2 3 1 53
-22 0 -5 0 1 0 -7 60
-47 0 14 0 1 0 7 0 1 1 1 57
-55 63
-54 63
-55 63
-56 1 -1 61
-55 0 -1 0 -1 61
-53 0 -1 0 -1 61
-49 0 -5 0 5 0 1 0 -5 0 1 1 1 0 -2 55
-44 0 1 0 15 1 1 0 5 58
-47 0 2 0 11 1 1 0 5 3 1 54
-51 0 1 0 5 1 2 0 3 2 1 0 2 4 1 49
-53 1 2 2 1 3 1 4 1 49
-54 1 1 61
-47 0 4 0 18 1 2 0 5 2 -1 4 -1 50
-30 0 -17 0 10 0 -4 0 5 0 1 2 2 0 1 2 1 51
-19 1 2 61
-20 0 1 0 2 61
-22 0 3 0 1 0 -1 0 1 59
-39 0 13 0 -3 0 -1 0 1 0 1 1 1 56
-52 63
-52 0 1 62
-52 0 -2 0 1 0 1 60
-39 0 -8 0 11 0 -1 0 -4 0 1 0 -1 0 -1 0 1 4 1 50
-25 0 -5 0 9 0 -2 0 5 0 -4 1 -1 0 1 0 1 2 1 0 -1 50
-31 0 9 0 -5 2 4 0 1 0 1 0 -5 0 3 4 1 49
-50 0 6 0 8 0 1 0 -2 0 7 0 1 0 -3 0 3 0 2 2 -1 0 1 50
-59 0 1 0 1 0 1 0 1 2 1 56
-59 0 -1 0 1 2 1 2 -1 55
-58 1 -1 1 1 0 1 58
-30 0 -26 0 5 0 -6 0 1 0 1 0 1 0 -4 0 1 0 1 1 -1 52
-34 0 7 0 14 0 8 0 -9 0 6 0 1 0 -2 4 -1 0 1 50
-24 0 -9 0 27 1 1 0 -1 0 -1 0 -1 0 3 4 -1 50
-5 0 -7 0 14 0 -1 0 5 0 -3 2 -1 0 1 54
2 0 -1 0 6 0 1 0 1 0 -1 3 1 54
-5 0 17 0 7 0 -6 0 -4 0 1 1 1 0 -2 0 1 54
-39 0 3 0 17 0 2 0 1 0 7 0 1 0 1 0 -1 0 2 3 -1 50
-37 0 -2 0 22 0 -1 0 -1 0 8 1 -1 0 1 0 1 3 1 50
-22 0 -17 0 9 1 9 0 4 1 1 0 2 0 1 54
-10 0 2 0 -5 0 1 0 1 4 1 54
-11 0 2 0 -8 1 -1 59
-15 0 6 0 -8 0 -2 0 2 0 2 1 -1 0 -2 0 2 3 -1 0 1 49
-19 0 -2 0 -10 0 -2 0 -1 0 3 1 -1 1 1 54
-24 0 5 0 -5 1 -3 0 9 1 1 0 -3 0 1 1 -1 0 -1 1 1 49
-28 0 -4 0 21 0 2 0 -5 0 7 1 -1 0 2 0 1 1 -1 52
-17 0 -3 0 29 0 -1 1 1 2 2 55
-14 0 -4 0 14 0 3 0 6 0 -2 2 -1 0 1 54
-7 0 -1 0 1 61
-6 0 -1 62
-4 63
-3 63
-4 0 1 0 2 61
-5 1 2 61
-4 0 -1 0 1 61
-4 0 -1 0 1 61
-1 0 -2 1 1 60
3 63
1 0 3 62
-2 0 1 62
-3 0 1 62
-5 0 2 0 -1 61
-10 0 3 0 2 61
-12 1 1 61
-12 1 1 61
-12 1 2 61
-11 1 2 2 -1 58
-11 1 1 2 -1 58
-12 0 1 3 -1 58
-13 63
-14 63
-14 63
-14 63
-14 63
-13 1 -1 61
-13 0 -1 0 -1 0 1 60
-9 0 -2 0 -1 61
-7 63
-6 63
-8 0 3 0 3 0 -1 0 -1 0 -1 58
-16 0 3 0 5 1 1 59
-21 0 1 0 1 1 1 4 1 54
-23 0 2 0 2 1 -2 0 -2 2 1 0 2 54
-23 0 -2 0 6 1 -1 0 -4 2 1 0 1 54
-15 0 -2 0 8 0 1 0 2 0 -4 0 -1 0 -1 0 -3 55
-10 0 -2 0 3 0 -1 0 1 0 -2 58
-9 0 1 0 3 2 -1 58
-9 0 -1 0 1 1 1 59
-8 1 -1 61
-9 0 2 0 1 1 -1 0 -1 58
-13 3 1 59
-12 1 -1 61
-11 0 -1 0 -1 61
-9 0 -1 0 -1 61
-7 1 -1 61
-6 1 -1 61
-6 63
-5 1 1 61
-6 0 1 62
-6 0 1 0 1 61
-9 0 2 0 4 1 -2 0 -2 2 1 0 1 54
-8 0 -2 0 2 1 2 0 -1 2 -1 0 1 54
-7 0 1 0 -1 61
-9 0 1 0 -1 61
-10 1 -1 61
-9 63
-9 63
-9 63
-8 63
-9 63
-9 0 1 0 1 61
-9 0 -1 62
-8 63
-8 0 1 0 1 61
-10 1 1 61
-10 1 1 61
-10 1 1 61
-11 1 1 61
-11 1 1 61
-12 1 1 61
-9 0 -2 0 2 0 1 60
-5 0 7 0 8 0 -5 0 -6 0 -2 1 1 4 1 51
-33 0 3 0 1 0 8 0 8 0 4 1 2 0 2 3 -1 1 1 2 -1 0 -1 45
-22 0 -1 0 -3 0 -1 0 -1 2 -1 0 -1 55
-20 1 -4 4 1 0 1 55
-36 0 15 0 5 1 -2 0 1 0 1 0 -2 0 -1 55
-54 63
-55 63
-52 0 -5 1 4 2 -2 3 1 53
-23 0 -4 0 1 0 -7 0 -1 5 -1 53
-49 0 12 0 1 0 7 0 1 1 1 57
-55 63
-55 1 -1 2 1 3 -1 54
-54 1 -1 61
-54 1 -1 61
-54 0 -1 62
-53 63
-53 0 1 62
-54 63
-55 63
-54 63
-54 63
-54 0 1 62
-60 63
-48 0 -19 0 5 0 4 0 -3 2 -2 56
-21 0 -1 0 1 0 -1 0 1 2 1 0 -1 55
-22 63
-23 0 1 62
-29 0 6 0 -3 0 -2 0 2 1 1 57
-50 0 5 0 -2 0 3 0 -2 1 1 0 -1 56
-53 63
-53 63
-49 0 -4 0 2 1 -1 59
-45 0 -1 0 4 0 1 1 -3 1 -1 1 1 2 1 0 -2 50
-40 0 -2 0 4 1 -1 0 4 2 -2 0 2 2 -1 0 2 50
-49 0 12 0 -1 0 1 0 2 0 1 1 1 0 1 0 -1 2 1 0 -1 50
-48 0 -11 0 -15 1 7 0 3 3 1 3 -1 50
-29 0 -12 0 -24 0 1 0 -3 1 1 1 4 0 -1 3 1 50
-42 0 16 0 -9 0 5 0 -7 0 -1 1 -1 0 -1 3 -1 51
-39 0 -21 0 4 0 6 0 -2 1 1 0 -1 3 1 52
-33 0 18 0 -9 0 3 0 5 0 2 0 -1 0 1 0 -1 3 -1 0 -1 4 1 45
-38 0 -9 0 -14 0 2 1 -3 2 3 0 1 3 1 4 -1 45
-25 0 1 0 4 0 -2 0 -7 0 -2 1 -2 0 -2 0 -1 3 -1 50
-24 0 -4 0 6 0 1 1 1 1 2 1 3 54
-28 0 15 0 10 0 -6 0 3 2 -1 0 -1 0 1 54
-52 63
-53 63
-31 0 -26 0 2 0 -2 0 -2 1 1 3 1 53
-8 0 -2 0 4 0 2 0 1 1 -1 1 1 55
-3 0 5 0 2 0 -1 1 -1 3 1 54
-11 0 -3 0 7 0 3 0 2 0 -3 0 1 0 -2 0 -1 0 1 2 1 51
-7 0 1 0 2 61
-3 0 -3 0 2 0 -2 0 2 0 -1 0 1 0 -1 0 1 5 -1 49
-39 0 20 0 -3 0 9 0 -2 1 1 1 -1 2 1 0 -1 51
-50 63
-43 0 -14 0 3 0 7 0 -2 0 1 0 -1 1 -1 55
-28 0 7 0 18 0 2 0 -5 0 1 0 -1 0 -1 1 -1 54
-28 0 -2 0 25 2 -1 2 1 0 -1 54
-25 0 -3 0 24 1 1 0 -4 2 1 55
-20 0 -1 0 21 1 1 0 -5 3 1 4 -1 49
-19 1 18 1 1 0 -6 3 1 4 -1 49
-16 0 -3 0 13 1 2 0 -5 3 2 54
-11 0 -2 0 7 1 1 0 -4 2 -1 0 2 4 -1 49
-7 0 -2 0 3 2 -3 3 2 4 -1 49
-2 0 -3 0 1 2 -1 3 1 4 -1 49
3 0 -1 0 1 61
1 0 3 0 1 61
-2 0 1 0 1 0 -1 60
-4 0 1 0 3 2 -1 58
-10 0 4 0 5 1 -1 0 -1 58
-16 0 1 0 5 61
-18 0 1 0 4 2 1 2 -1 55
-20 1 2 1 1 0 2 58
-19 0 -1 0 -2 1 1 0 2 58
-17 0 -1 0 -3 2 2 3 1 54
-14 0 -1 0 -3 2 2 58
-14 0 1 0 -1 2 1 58
-15 0 3 1 -2 0 -2 59
-16 0 -4 0 2 1 2 59
-13 0 1 0 -2 0 -1 60
-15 1 1 61
-14 0 -1 62
-11 1 -1 61
-10 0 -1 0 -1 61
-9 1 1 1 -1 59
-9 1 2 2 -1 3 1 54
-10 0 2 0 4 0 -1 0 -1 0 -2 3 1 4 -1 49
-21 0 7 0 8 0 1 1 -1 1 -1 1 1 54
-27 0 -1 0 5 2 -3 2 1 0 2 54
-28 0 3 0 8 0 -2 0 -1 0 -4 0 1 1 -1 3 1 0 1 50
-41 0 3 0 7 0 1 0 2 0 2 3 -2 4 1 49
-43 1 2 1 2 0 4 2 -2 0 -3 4 1 49
-38 0 -7 0 -6 0 1 0 2 0 9 2 -1 4 -2 50
-17 0 -11 0 -6 0 -4 0 -2 0 2 2 2 0 1 2 1 0 1 50
-10 1 -4 2 1 58
-8 0 -1 0 -3 1 -1 0 1 58
-8 0 2 0 -1 2 2 2 -1 55
-11 1 -4 0 1 0 1 0 3 2 1 0 -1 54
-10 0 -1 0 -3 1 -1 0 1 3 -1 54
-8 0 -1 0 -2 6 -1 54
-7 0 -1 0 -1 6 -1 54
-6 1 -1 2 1 58
-5 1 -1 61
-6 63
-7 1 -1 2 1 58
-8 0 1 0 1 1 -1 0 1 58
-8 0 -1 0 2 61
-11 0 4 0 2 0 -1 0 -1 2 1 56
-24 0 4 0 2 0 2 0 2 0 2 0 1 0 1 56
-22 0 -6 0 3 1 -1 0 3 0 -1 7 1 49
-7 0 -2 0 1 0 -2 0 1 0 1 0 -1 1 1 55
-8 0 1 62
-12 0 1 0 2 0 1 1 -1 1 -1 1 1 2 1 51
-11 63
-11 63
-10 0 -1 62
-9 63
-10 0 1 0 1 0 -1 0 -1 0 -1 2 1 55
-17 0 4 0 5 0 1 4 -1 55
-13 0 -4 0 3 0 -1 0 1 3 1 55
-10 0 1 0 1 61
-11 0 1 0 1 61
-27 0 11 0 17 0 3 0 -6 0 -3 1 -2 4 1 51
-20 0 -10 0 9 0 -3 0 6 2 1 56
-13 1 1 61
-14 0 1 0 2 61
-14 1 1 61
-14 63
-12 0 -3 62
-14 0 1 0 -4 0 4 0 4 3 3 0 1 2 -1 51
-15 0 2 0 -4 0 1 0 -2 0 -3 1 1 0 -1 2 -1 1 -1 0 -1 49
-14 0 -1 0 1 2 -3 58
-12 0 1 0 -1 0 -1 1 -1 58
-36 0 20 0 -2 0 1 0 -1 2 1 0 -1 55
-54 63
-54 0 -1 0 -1 1 1 0 1 2 -1 0 -1 4 1 49
-48 0 -8 0 -6 0 4 0 1 0 3 0 -1 0 1 1 -2 4 1 49
-26 0 -1 0 -1 0 -4 1 1 1 -1 56
-38 0 2 0 -13 0 3 0 2 1 1 0 2 0 1 55
-35 0 -3 0 -12 1 -2 0 -3 2 1 0 -1 54
-35 0 6 0 -5 0 -3 0 -2 0 -3 0 1 1 -1 0 -1 4 -1 49
-52 0 2 1 1 60
-53 63
-53 0 -1 0 -1 61
-50 0 -2 0 -5 1 2 0 3 2 -1 0 -2 4 1 49
-44 0 -3 0 -14 1 2 0 6 3 -2 3 -1 50
-38 0 -3 0 -21 1 1 0 5 2 1 0 1 54
-33 0 -2 0 -24 2 1 2 2 0 2 4 1 49
-32 0 1 0 -21 1 -1 0 -2 3 1 4 1 49
-31 0 -2 0 -20 2 -2 2 1 55
-25 0 -3 0 -16 1 -2 0 -5 3 -1 4 -1 49
-60 63
-58 0 -4 0 2 0 3 0 -2 1 -1 0 1 0 -1 55
-27 0 -12 0 5 0 -5 0 3 1 -1 57
-23 0 2 62
-23 0 -1 62
-25 0 3 0 1 0 -1 0 -1 0 -1 1 -1 56
-45 0 12 0 -2 0 3 0 -1 2 1 56
-53 63
-53 63
-51 0 -3 62
-47 0 -2 0 -9 0 -1 0 6 0 1 0 1 0 1 0 -2 0 1 1 -1 52
-43 0 -5 0 -10 0 1 0 -3 0 4 3 3 54
-28 0 -5 0 -7 0 -2 0 3 0 -3 1 -1 0 4 5 -1 49
-24 0 -8 0 -6 0 3 0 -6 0 -3 2 -2 0 2 2 -1 51
-4 0 -2 0 8 0 -3 0 -1 0 -4 2 1 0 2 4 -1 49
-31 0 25 0 1 0 1 0 3 0 -3 1 1 0 -2 0 1 54
-50 0 -5 0 3 0 4 0 -3 1 -2 0 2 0 -1 2 -1 52
-25 0 -1 0 6 0 -5 0 6 0 -4 0 -1 0 -1 0 1 0 2 2 1 51
-29 0 -4 1 2 0 -4 0 -3 1 1 1 2 54
-29 0 4 0 5 0 1 0 2 0 -6 2 1 55
-30 0 -2 0 1 1 1 0 -7 1 -1 1 2 54
-36 0 12 0 -5 0 -3 0 -1 0 -5 1 1 0 -4 0 2 2 1 51
-52 0 1 62
-53 63
-31 0 -26 0 1 0 -1 0 1 0 -1 0 1 0 -1 0 1 55
-22 0 10 0 10 0 3 0 -5 0 -3 1 -1 4 1 0 -1 50
-29 0 10 0 12 0 -6 0 2 0 1 1 2 0 -3 0 2 2 1 51
-47 0 -4 0 11 0 5 0 -2 0 4 1 3 1 1 54
-19 0 -12 0 8 0 -4 0 2 1 -1 0 1 0 4 0 1 1 1 52
-15 1 5 0 2 4 -2 0 1 54
-39 0 20 0 3 0 6 0 1 1 -1 1 1 55
-51 1 1 61
-44 0 -12 1 6 2 -1 57
-45 0 16 1 5 60
-55 1 1 61
-54 1 1 61
-54 1 1 61
-53 63
-52 0 -1 0 1 2 1 2 -1 0 1 54
-50 0 -1 0 5 1 -1 0 3 2 -1 0 2 4 1 49
-46 0 -2 0 9 1 -1 0 6 2 -1 0 3 4 1 49
-42 0 -3 0 16 1 -2 0 7 3 2 3 1 50
-34 0 -5 0 24 1 -2 0 5 2 2 0 -1 3 1 50
-31 0 3 0 28 1 -1 0 1 3 -1 54
-33 0 1 0 27 0 -1 0 1 4 -1 54
-34 0 -1 0 24 2 -1 2 1 0 -1 54
-19 0 -11 0 1 0 -4 0 9 2 3 3 1 52
-14 0 1 0 -9 6 1 54
-14 0 -1 0 -7 2 1 58
-18 0 4 0 3 0 2 0 -5 0 -3 1 -1 0 3 0 1 3 -1 50
-13 0 -4 0 6 0 -1 0 1 0 -6 3 2 4 -1 49
-12 0 1 0 1 0 1 0 1 0 -2 2 -2 0 2 4 -1 49
-13 0 2 0 7 0 -1 0 -4 0 -1 2 2 55
-19 0 3 0 14 2 -4 1 -1 4 1 51
-19 0 3 0 3 0 -2 0 3 0 -1 1 1 1 1 2 -1 51
-28 0 1 0 8 0 2 0 -2 0 -1 0 -1 0 -1 0 -2 0 1 54
-15 0 -3 0 7 0 -2 0 1 0 -2 0 -1 1 1 0 1 4 -1 49
-16 0 2 0 3 0 1 0 1 0 -2 3 1 54
-14 0 -3 0 2 2 -1 58
-11 0 2 0 2 2 -1 58
-23 0 17 0 10 0 -3 0 -7 0 1 0 -1 0 1 0 -2 2 1 52
-40 0 2 0 15 0 1 0 1 0 5 3 1 2 -1 51
-44 0 1 0 12 0 -1 0 1 0 6 3 2 2 1 51
-47 0 2 0 10 1 1 0 5 3 2 54
-50 1 4 0 2 0 1 0 2 2 1 0 2 0 1 0 1 0 -1 1 1 49
-36 0 -5 0 -5 0 -2 0 -2 0 -7 0 -1 0 1 0 3 0 3 3 1 6 1 43
-32 0 1 0 8 1 -3 0 -8 1 -1 0 -2 0 -3 3 1 6 -1 43
-36 0 3 0 10 1 1 3 -3 0 -5 4 1 5 -1 43
-37 0 -1 0 6 1 1 0 7 2 -2 0 -5 3 -1 50
-35 0 -2 0 2 0 1 0 1 0 11 2 -1 0 -1 3 -1 0 -1 49
-13 0 -11 0 -1 0 -6 0 -1 0 3 0 -1 1 4 0 1 2 1 51
-6 0 -1 0 1 61
-6 1 1 2 1 58
-4 0 -6 0 2 0 1 0 1 1 1 57
0 63
-7 0 6 0 2 0 2 0 -1 3 -1 55
-9 0 -2 0 4 2 1 58
-4 0 -1 0 1 0 -1 60
-4 0 -1 0 1 61
-5 0 4 0 1 61
-10 0 1 0 2 0 1 1 1 58
-9 0 -1 0 2 1 1 59
-7 1 1 1 1 59
-8 0 1 0 -1 2 -1 58
-9 1 -1 0 -1 0 1 0 -1 1 -1 0 1 0 -1 54
-10 0 -1 0 -4 2 -3 3 -1 54
-9 0 -1 0 -2 1 -1 0 -2 3 -1 54
-8 0 1 0 2 1 -1 0 -1 58
-9 1 3 0 -1 1 -1 0 1 57
-36 0 14 0 10 0 8 0 -2 0 2 2 -2 0 1 1 -1 0 -1 51
-33 0 -6 0 19 1 -1 2 -1 0 3 55
-21 0 -6 0 13 0 1 0 4 0 -4 0 -1 0 -1 0 -1 0 1 2 1 51
-10 1 1 0 -1 0 -1 2 1 56
-17 0 5 0 11 0 -1 0 -3 0 -3 0 1 2 1 1 -1 52
-26 0 -3 0 13 0 2 0 6 0 -2 1 -1 0 -1 0 1 54
-24 0 3 0 2 0 -1 0 -1 0 -1 1 1 0 1 55
-24 0 -5 0 3 0 1 0 2 0 1 1 1 0 -1 3 -1 51
-14 1 3 0 -1 60
-19 0 6 0 3 0 -4 1 1 0 1 1 -1 55
-46 0 -2 0 -6 0 6 0 7 0 1 0 2 0 1 0 3 0 1 0 1 53
-32 0 -13 0 1 0 2 0 -5 0 -1 1 -2 0 1 0 1 2 -1 0 -1 50
-21 0 1 0 9 1 -2 0 -4 2 1 0 2 54
-25 0 2 0 13 1 -1 0 -5 3 1 54
-27 0 1 0 16 1 -1 0 -4 3 1 4 -1 49
-29 0 1 0 19 1 -1 0 -4 58
-31 0 1 0 22 1 -1 0 -2 2 -1 0 -1 54
-37 0 3 0 21 0 1 0 1 0 3 2 -1 0 -1 54
-41 1 15 0 3 0 4 0 5 0 -1 0 -1 5 -1 50
-18 0 -9 0 -1 0 -4 0 1 1 -1 0 1 0 1 3 1 51
-13 0 1 62
-23 0 11 0 -8 0 -1 0 6 2 -1 56
-30 0 -2 0 -16 1 -2 0 -4 2 1 0 -1 54
-28 0 -2 0 -6 1 -3 0 -5 8 -1 49
-26 1 2 0 1 0 -1 0 -4 1 -1 0 -1 5 -1 49
-25 0 3 0 3 0 -2 0 -2 0 -1 1 1 56
-40 0 4 0 15 0 1 2 1 0 -1 0 -2 0 -1 54
-46 0 2 0 12 1 1 0 3 2 -1 55
-44 0 -6 0 -1 0 1 0 9 0 6 1 -1 0 -2 3 -1 51
-36 0 -2 0 -19 2 2 2 2 0 1 54
-31 0 -2 0 -17 1 -1 0 -3 2 1 55
-26 0 -4 0 -10 1 -2 0 -5 3 -1 4 -1 49
-17 0 -4 0 -5 1 -1 0 -3 2 -1 0 -1 54
-9 0 -2 0 -1 0 -1 0 -1 0 -1 3 -1 54
-7 1 2 1 -1 0 -1 58
-10 0 2 0 4 1 1 2 -1 0 -1 55
-12 7 1 55
-13 0 1 2 1 59
-13 0 -1 0 -1 61
-60 63
-60 63
-43 0 -19 0 6 0 1 1 1 1 -2 0 1 55
-23 2 -1 60
-24 63
-27 0 2 0 -1 1 1 59
-36 0 11 0 -5 0 -3 0 1 2 1 56
-52 0 1 0 -1 1 -1 59
-53 63
-52 0 -1 0 1 61
-47 0 -4 0 5 1 -3 0 2 1 1 0 -2 55
-48 0 3 0 10 0 1 0 1 0 4 3 1 54
-49 0 -1 0 9 2 4 3 2 54
-48 1 8 1 1 0 5 3 2 4 1 49
-47 1 7 0 -1 1 5 3 3 4 1 49
-51 0 2 0 3 1 2 0 2 2 2 0 1 3 1 0 1 49
-53 0 1 62
-52 0 -1 0 3 1 -1 0 2 2 -1 0 1 3 -1 0 1 49
-52 0 1 0 3 2 3 3 2 4 1 49
-53 1 2 2 1 3 1 4 1 49
-53 1 1 2 1 8 1 49
-52 1 1 2 1 2 1 0 1 4 1 49
-53 1 1 61
-52 63
-29 0 -28 0 -3 0 -2 0 1 0 1 0 1 0 1 0 -1 55
-34 0 24 0 -8 0 4 1 4 1 2 1 -1 2 -1 0 1 50
-52 0 -1 0 1 0 -1 0 -1 0 1 1 -1 1 1 2 -1 51
-54 1 -1 0 1 60
-48 1 7 0 -2 1 4 1 -2 0 -1 0 1 4 1 49
-37 0 -15 0 3 0 1 0 1 0 4 2 3 5 1 49
-44 0 17 0 1 0 5 60
-53 0 -1 0 1 61
-44 0 -12 1 6 2 -1 1 -1 55
-36 0 8 0 -7 0 2 0 3 0 -1 1 1 0 1 55
-44 0 1 0 -10 2 -1 58
-46 0 1 0 -9 6 1 54
-47 1 -9 2 1 3 1 54
-47 1 -9 2 2 3 1 54
-47 0 1 0 -9 2 3 58
-49 0 1 0 -6 1 -1 0 3 3 -1 54
-50 1 -4 0 -1 1 3 3 -1 54
-52 0 1 0 -2 1 -1 0 2 3 -1 54
-53 4 1 3 -1 54
-58 0 3 1 2 60
-59 63
-59 63
-20 0 -22 1 -10 0 -1 1 -2 57
-7 1 1 61
-10 0 1 0 2 0 2 0 -1 59
-36 0 26 0 3 0 5 0 1 0 1 0 -1 57
-53 1 4 1 -1 0 3 2 -1 0 2 4 1 5 1 43
-41 0 -16 0 6 0 5 0 1 0 4 2 1 0 2 2 -1 0 1 0 1 49
-42 0 19 0 11 0 5 1 2 0 -1 0 -1 0 -2 0 1 1 -1 52
-48 0 -3 0 4 1 5 7 1 51
-46 0 5 0 10 0 -3 0 -4 0 3 1 -3 1 1 54
-58 1 6 2 3 1 1 1 1 54
-56 0 -2 0 9 1 -1 0 5 2 -1 0 3 4 1 49
-53 0 -1 0 13 2 6 3 2 54
-50 0 -2 0 16 1 -2 0 7 3 1 54
-46 0 -1 0 20 1 -1 0 6 2 1 4 1 50
-50 0 9 0 13 0 -1 0 8 0 2 0 -1 0 -1 0 2 0 -1 2 -1 51
-53 1 1 0 -1 8 -1 51
-53 63
-53 63
-53 0 -2 0 -1 0 3 0 1 0 -1 0 -1 1 2 1 1 1 -1 0 -1 50
-35 0 -2 0 2 0 -2 0 -3 0 -10 0 -1 1 1 4 1 50
-33 1 10 1 -1 0 -9 2 -1 0 -2 4 -1 49
-33 0 1 0 13 1 -1 0 -5 2 -2 0 -3 3 1 6 -1 43
-34 1 15 2 1 2 -2 0 -5 4 1 5 -1 43
-36 1 11 0 1 0 2 0 8 2 -2 0 -5 4 1 49
-17 0 -7 0 5 0 -5 0 -1 0 2 0 -1 1 4 0 1 2 2 0 -1 50
-15 0 -1 0 7 0 1 5 1 54
-12 0 1 0 5 0 -1 0 1 59
-10 0 -6 0 4 1 -1 0 -2 2 1 0 1 54
-5 1 8 2 -3 3 1 54
-14 0 4 0 5 0 2 0 1 0 -1 58
-16 0 -1 0 5 0 1 1 -1 58
-9 0 -1 0 5 1 1 0 -1 58
-6 0 -2 0 3 0 1 0 1 0 -1 58
-7 0 6 0 1 61
-13 1 1 61
-12 0 -1 0 1 61
-13 0 4 0 6 0 -1 0 -3 0 -3 1 1 0 2 0 1 54
-23 0 3 0 19 0 1 0 -2 0 -5 1 -1 1 1 54
-20 0 -5 0 16 1 3 0 -5 3 1 54
-11 0 -2 0 5 0 -1 0 2 0 -2 1 1 0 -1 0 1 3 1 50
-12 0 2 0 3 5 -1 55
-16 0 2 0 1 0 -1 60
-17 0 -1 0 3 0 -2 2 1 57
-47 0 11 0 2 0 6 0 1 1 2 0 1 56
-55 1 1 61
-46 0 -17 1 8 0 1 1 -1 57
-12 0 -1 1 -1 0 1 2 -1 56
-29 0 14 0 -8 0 1 0 -1 0 1 0 1 0 2 0 -2 55
-46 0 1 0 -3 0 3 0 -5 0 3 1 3 0 -2 3 -1 4 1 46
-41 1 12 0 1 0 1 3 2 55
-38 0 -1 0 16 0 -1 0 -2 0 -2 1 -1 0 -1 0 -1 54
-38 0 1 0 17 0 -1 0 1 0 1 2 -1 0 -1 54
-44 0 3 0 16 0 -1 0 1 0 4 1 -1 56
-43 0 -16 0 4 0 4 0 1 1 1 1 1 2 1 52
-44 0 15 0 2 0 3 0 -3 0 1 1 1 0 -2 0 1 3 -1 50
-56 0 1 0 3 1 1 0 2 2 1 0 1 3 1 0 1 49
-54 0 -1 62
-54 63
-54 63
-54 63
-55 63
-51 0 -6 1 4 2 -2 57
-17 0 -9 0 1 0 -4 2 -1 57
-14 0 2 0 2 1 -1 0 -2 3 1 54
-26 0 11 0 13 1 -5 0 -2 2 -1 55
-42 0 5 0 17 1 2 0 3 2 -1 55
-50 0 2 0 9 1 2 0 4 3 2 54
-47 0 -11 0 2 0 5 0 2 0 2 2 1 0 1 3 1 0 1 49
-34 0 10 0 3 0 -5 0 -1 59
-56 2 1 60
-56 63
-24 0 -28 0 -4 0 -6 0 -1 0 -1 1 1 0 1 0 -1 54
-12 0 3 1 1 60
-15 1 -1 1 1 59
-17 1 -3 61
-12 0 -4 0 -2 1 -1 3 1 55
-10 0 2 0 2 0 -1 0 -1 0 -1 58
-14 0 2 0 1 1 1 0 1 58
-16 1 2 1 -2 0 -1 2 1 0 1 54
-17 0 1 0 7 1 -1 0 -3 2 1 0 2 4 -1 49
-21 0 2 0 12 1 -2 0 -5 3 1 54
-26 0 3 0 18 1 -1 0 -4 2 -1 0 1 4 -1 49
-60 63
-60 63
-54 0 -11 0 3 0 6 0 -3 1 -1 0 1 4 -1 51
-23 0 -2 0 2 0 -4 0 2 0 -1 0 -1 0 1 0 -1 55
-26 0 1 0 2 61
-27 1 2 61
-29 0 3 1 -2 0 2 1 1 0 -1 56
-49 0 7 0 -2 0 3 0 -2 1 1 57
-53 63
-53 63
-49 0 -3 1 -1 0 1 2 -1 56
-44 0 1 0 -14 0 -1 0 1 0 3 1 1 1 1 54
-44 0 -2 0 -13 0 1 1 1 2 1 0 2 54
-34 0 -6 0 -18 1 2 0 -2 3 1 3 1 50
-26 0 2 0 -20 0 -2 0 -2 0 -4 1 1 0 1 55
-30 1 -16 0 -1 0 1 0 -5 0 1 1 -2 3 1 51
-48 0 8 0 -5 0 4 0 -5 1 1 0 -2 56
-46 0 -12 0 -4 0 4 0 4 0 -2 1 -1 0 2 55
-28 1 -17 0 -1 0 1 0 -5 3 -1 54
-34 0 2 0 -11 0 2 0 -3 0 -5 2 1 0 -1 54
-29 0 -2 0 -6 0 -2 0 -2 0 -6 1 1 0 -1 0 -1 3 1 0 -1 49
-40 0 12 1 -2 0 1 0 -5 2 -3 0 -1 2 1 0 -1 50
-53 0 -1 62
-52 63
-26 0 -29 0 1 0 -3 60
-11 0 10 0 -1 0 -2 0 3 0 -2 0 1 0 -1 0 1 0 -1 3 1 50
-39 0 7 0 -14 0 5 0 1 0 3 0 1 0 1 0 -3 0 -1 2 -1 51
-41 0 -3 0 -15 0 2 0 2 0 6 1 -2 0 -1 0 -1 54
-27 0 -11 0 -18 0 -1 0 -4 0 1 0 1 0 1 0 5 0 -2 2 1 51
-20 0 -1 0 -6 0 1 0 -2 0 -2 0 1 1 -1 0 -1 54
-45 0 17 1 7 60
-54 63
-42 0 -18 1 8 2 -1 1 1 55
-26 0 9 0 -1 0 1 1 -1 2 -1 55
-35 0 1 1 1 60
-40 0 6 0 3 1 -2 59
-52 0 2 0 7 0 2 1 2 2 -1 55
-42 0 -7 0 5 0 -1 0 2 1 -1 1 2 55
-33 0 -1 0 1 61
-32 0 1 3 -1 58
-33 1 -1 0 -1 1 -1 3 -1 54
-36 0 2 0 -3 2 -2 3 -1 54
-38 0 -1 0 -4 0 -1 0 1 0 -2 0 1 2 -1 54
-56 0 6 0 -1 0 4 0 -1 0 -1 0 2 0 -1 0 -1 55
-59 63
-59 0 -1 0 -1 0 1 2 -1 57
-16 0 -16 0 -1 0 -9 0 -2 1 -2 3 -1 53
-8 1 1 6 -1 54
-11 0 3 0 -1 0 1 1 1 1 1 56
-42 0 21 0 2 0 8 0 1 59
-56 0 1 62
-44 0 -18 1 3 2 1 57
-52 0 12 0 -1 0 6 0 2 1 2 0 1 56
-56 0 -4 0 1 0 2 0 -4 0 1 1 1 0 -1 55
-55 0 7 0 2 0 2 0 5 0 1 1 1 56
-59 0 1 0 -3 2 1 58
-61 1 -1 2 1 58
-61 63
-61 63
-61 63
-60 0 -2 1 1 1 1 0 -1 1 -1 55
-53 0 -1 1 -1 8 1 51
-53 63
-53 11 -1 51
-51 0 -4 0 -1 0 4 0 1 0 -2 0 -2 0 -1 0 3 3 -1 5 1 45
-32 0 -2 0 -4 0 -1 0 -1 0 -12 0 -1 1 1 5 -1 49
-31 3 -1 0 -12 8 -1 49
-31 0 -1 0 7 1 -2 0 -11 2 -1 0 -1 4 -1 49
-30 0 1 0 13 1 -1 0 -8 2 -1 0 -2 4 -1 49
-32 1 16 2 -3 2 -3 0 -4 4 1 5 -1 43
-46 0 11 0 10 0 4 0 2 0 6 1 1 4 -1 0 -2 0 1 3 -1 45
-51 0 -1 0 10 1 -1 0 5 3 2 54
-48 0 -1 0 13 1 -1 0 6 3 2 54
-46 1 15 2 6 3 1 54
-46 1 16 2 5 58
-44 0 -1 0 16 2 3 3 -1 54
-43 0 -1 0 17 0 1 0 -1 0 2 1 1 1 -1 54
-40 1 21 2 4 2 -1 0 -1 54
-33 0 -13 0 16 0 7 0 5 0 4 0 -1 0 -2 0 1 0 -1 54
-11 0 2 0 1 0 1 0 1 59
-13 0 1 62
-17 0 5 0 3 0 -3 0 -3 1 1 0 2 56
-46 0 10 0 9 0 3 0 5 0 2 0 1 2 1 2 -2 51
-54 1 1 61
-54 0 -1 0 1 1 -1 0 1 2 -1 55
-40 0 -15 0 10 0 3 0 -1 0 3 0 -1 0 -3 0 2 0 1 2 -1 0 1 50
-15 0 -2 1 -1 0 1 2 1 56
-17 0 4 1 -1 60
-25 0 3 0 1 0 -3 0 -1 1 2 0 1 56
-52 0 5 0 1 0 3 0 1 1 1 0 1 2 1 53
-55 63
-45 0 -18 0 -1 0 8 2 -1 57
-14 0 -2 0 1 61
-13 0 3 0 -1 0 -2 0 3 0 -1 1 -1 0 1 55
-31 0 12 0 -4 0 -4 0 -5 1 2 0 1 4 -1 51
-55 63
-55 0 1 62
-55 0 -2 62
-57 0 2 1 1 1 1 58
-55 0 -5 0 2 0 1 0 -3 0 2 1 1 0 -1 55
-53 0 3 0 2 0 1 0 3 0 1 1 1 0 2 0 1 54
-53 0 -3 0 -2 0 3 0 1 0 -1 0 -1 0 -1 56
-28 0 -8 0 -11 0 -4 1 -4 0 -1 0 1 0 1 0 -1 54
-35 0 18 0 -6 0 -4 0 -4 0 -3 2 -2 0 -1 54
-54 63
-55 63
-55 63
-50 0 -6 1 3 2 -1 57
-26 0 -5 0 2 0 -4 0 -1 0 1 0 -1 2 1 54
-27 0 2 0 1 2 1 3 1 54
-45 0 15 0 1 0 2 0 1 59
-55 63
-56 63
-47 0 -14 0 -1 0 3 0 1 59
-37 0 13 0 -2 0 -4 0 -1 1 1 57
-56 63
-55 0 -1 0 -1 2 1 58
-18 0 -20 0 -2 0 -8 0 -1 5 -1 53
-12 0 4 0 1 2 -1 2 1 0 1 4 -1 49
-15 0 1 0 4 1 -2 0 -4 2 1 0 2 4 -1 49
-17 0 1 0 10 1 -2 0 -6 3 1 54
-22 0 4 0 17 1 -1 0 -4 1 -1 0 -1 0 1 54
-30 0 3 0 19 1 -1 0 -2 2 -1 55
-40 0 4 0 18 1 2 0 3 2 -2 0 -1 54
-46 0 2 0 11 1 2 0 5 3 1 54
-50 0 2 0 4 1 1 0 4 2 1 0 2 4 1 49
-54 0 1 0 1 2 1 2 1 0 1 54
-55 63
-60 63
-60 63
-59 1 1 0 1 0 -1 59
-36 0 -16 0 6 0 -4 0 3 2 -1 0 1 0 1 54
-27 0 1 0 -1 61
-28 0 1 0 1 2 -1 58
-28 0 -1 62
-42 0 13 0 -3 0 1 3 1 0 -1 55
-53 63
-53 63
-50 0 -3 0 1 0 1 60
-44 0 3 0 10 0 -2 0 -2 0 4 1 -1 56
-47 0 -6 0 2 0 2 0 5 0 6 3 1 2 -1 51
-26 0 -8 0 3 0 -2 0 -5 2 1 0 2 0 1 54
-27 0 7 0 10 1 4 0 1 2 -1 0 1 2 -1 0 -1 50
-33 0 -4 0 10 0 5 0 -3 0 -1 0 -1 0 -2 1 1 1 1 52
-37 0 18 0 -3 1 1 1 -1 0 3 0 -1 55
-49 0 -9 0 4 0 6 0 -4 1 -2 0 1 4 -1 51
-24 0 5 0 7 0 -5 0 -3 0 1 0 -1 0 3 0 -2 3 -1 0 1 50
-23 0 -5 0 5 0 -2 0 10 0 -7 2 1 0 1 2 1 0 -1 0 -1 49
-26 0 4 0 -12 1 -3 0 3 1 1 0 -5 0 2 2 -1 0 1 4 -1 45
-38 0 8 0 -4 0 -2 1 1 1 -1 0 3 0 -3 2 1 0 -1 4 1 45
-49 0 2 0 -5 0 1 0 -1 59
-49 0 -1 0 -3 61
-27 0 -26 0 -3 0 -2 1 2 0 1 1 -1 1 1 53
-10 0 3 0 -3 2 2 2 1 0 -1 54
-15 0 -1 0 -1 0 1 4 1 0 -1 54
-11 0 -8 0 -2 0 6 0 -1 0 1 1 1 0 1 0 -1 2 -1 51
7 0 1 0 -4 0 -3 0 2 0 -1 3 -1 54
-7 0 6 0 -9 0 1 0 -1 0 1 0 1 1 -1 0 -1 54
-45 0 17 0 -1 0 9 0 -1 0 1 0 1 0 -1 0 1 55
-53 63
-28 0 -39 0 -16 0 8 0 12 0 1 0 3 1 -1 1 -1 0 -2 52
-15 0 22 0 -11 0 4 0 -9 0 3 1 -2 0 3 0 -1 7 -1 0 1 45
-34 0 1 62
-45 0 11 2 1 0 1 58
-58 0 1 0 1 0 1 0 -1 59
-51 0 -6 0 3 0 1 2 -1 57
-36 0 -2 0 1 0 -1 2 -1 57
-34 1 1 61
-34 0 1 0 1 61
-37 0 2 0 1 1 1 59
-37 2 -2 0 -1 1 1 57
-57 0 4 0 1 0 4 0 1 1 1 3 1 53
-59 63
-56 0 -6 0 -1 0 5 0 2 1 -2 0 -1 2 1 53
-12 0 -9 0 -1 0 -7 0 -2 1 -2 0 -1 2 -1 53
-5 0 -1 1 -1 1 -1 58
-8 0 3 0 2 0 -1 2 1 1 -1 55
-46 0 17 0 1 0 9 0 1 1 2 57
-56 0 1 62
-42 0 -19 1 -3 0 -1 0 -1 0 3 0 2 0 1 55
-53 0 4 0 1 0 3 0 1 1 2 0 1 2 1 53
-55 63
-55 0 -1 62
-55 63
-56 0 1 0 -1 61
-56 1 -1 2 -1 58
-57 1 -2 2 -1 58
-58 0 1 0 -3 61
-58 0 -2 0 -4 0 2 0 1 0 1 0 -1 0 -1 0 -1 0 -1 3 1 0 1 49
-49 0 -2 0 -7 1 1 0 5 1 -1 1 -3 4 1 49
-43 0 -3 0 -14 0 -1 0 2 0 6 0 -1 0 1 1 -2 3 -1 50
-37 0 -2 0 -19 2 3 2 2 0 2 2 -1 0 -1 50
-34 0 -1 0 -18 0 -1 0 -1 0 -3 2 2 0 3 10 1 43
-33 1 -15 2 -7 2 1 0 3 10 1 43
-31 0 -1 0 -13 1 -1 0 -9 2 1 0 2 4 -1 49
-29 0 -1 0 -8 1 -2 0 -12 2 1 0 1 4 -1 49
-27 1 1 1 -2 0 -12 8 -1 49
-28 1 10 1 -2 0 -10 2 -1 0 -1 4 -1 49
-48 0 14 0 5 0 5 0 5 0 -1 1 1 0 -2 0 -1 2 -1 0 -1 50
-57 63
-57 63
-57 63
-57 63
-57 1 1 61
-57 63
-57 63
-43 0 -23 0 -2 0 10 0 1 1 -1 57
-11 0 2 1 1 60
-13 63
-22 0 15 1 -7 1 1 0 2 1 -1 55
-53 63
-54 63
-53 63
-48 0 -11 0 -1 0 7 0 1 1 -2 1 -1 55
-16 0 -2 1 -2 0 -1 1 -1 57
-20 0 3 0 2 0 1 0 1 2 -1 56
-26 0 8 1 -7 0 -2 1 2 0 1 56
-54 0 2 1 1 60
-56 63
-42 0 -22 0 -1 0 6 0 1 2 1 56
-15 0 -1 1 -1 60
-15 63
-27 0 17 0 -1 0 -6 2 1 1 1 55
-53 63
-55 0 1 62
-54 0 -1 62
-55 0 1 1 1 60
-55 63
-52 0 -2 0 -5 1 2 0 3 2 -1 0 -2 3 1 0 1 49
-46 0 -7 0 -10 0 3 0 1 0 5 0 -1 0 1 1 -2 2 -1 0 -1 50
-20 0 -5 0 -1 0 -3 0 -2 1 -1 0 -1 0 1 55
-27 0 13 0 -8 0 -2 0 6 0 1 1 -1 0 -1 55
-39 1 -19 0 -1 1 2 3 1 54
-51 0 6 0 -4 0 3 0 -4 1 1 0 -2 0 1 55
-54 63
-49 0 -6 1 3 2 -1 57
-26 0 -3 1 -3 2 -1 57
-27 0 1 62
-46 0 14 0 -1 0 3 60
-55 1 -1 61
-54 1 -2 2 1 58
-40 0 -18 0 -4 0 3 3 1 0 1 55
-23 0 9 0 -10 0 -4 0 4 2 -1 0 -2 55
-37 1 -19 1 -1 0 2 2 1 0 1 54
-28 0 -9 0 -16 1 -1 0 -5 1 1 0 2 0 -1 2 1 0 1 50
-27 0 11 0 11 0 -1 0 -8 0 1 1 -3 0 -4 0 -1 54
-44 0 3 0 12 0 1 0 2 0 5 3 2 3 -1 50
-50 0 3 0 7 1 1 0 3 3 2 4 1 49
-52 1 1 1 1 0 2 2 1 0 1 4 1 49
-52 3 -1 59
-54 63
-53 0 -1 62
-51 63
-51 1 1 61
-52 1 -1 61
-52 0 -1 0 -3 0 1 0 1 0 1 2 -1 0 -1 54
-60 63
-60 63
-60 63
-50 0 -15 0 5 0 4 0 -3 2 -1 3 1 0 -1 51
-28 0 1 1 -1 0 1 2 1 0 -1 55
-32 1 1 0 1 60
-29 1 -1 0 -1 0 1 59
-31 0 6 0 -6 0 -4 0 2 0 1 1 1 1 -1 54
-50 0 3 0 -2 0 2 0 -2 1 1 0 -1 0 1 55
-52 1 -1 61
-49 0 -4 0 -2 0 1 0 1 0 1 2 -1 0 -1 3 1 50
-36 0 -8 0 -13 0 -2 0 6 2 1 0 1 0 -1 0 1 3 1 49
-23 0 -1 0 -10 0 -4 0 -6 0 -2 6 1 51
-30 1 -6 0 1 0 4 0 2 0 1 0 2 0 1 0 1 2 -1 0 -1 50
-38 0 7 0 -2 2 3 1 -2 0 -3 0 -2 3 1 0 1 4 -1 0 -1 43
-44 0 -3 0 -14 0 3 0 3 0 9 1 2 0 -1 0 -4 4 2 49
-20 0 -1 0 -16 0 -9 0 6 0 5 0 -1 0 -1 0 2 0 -2 0 -1 1 2 1 1 49
-33 1 -27 0 1 0 1 0 9 3 -1 54
-11 0 -12 0 -22 0 -9 0 2 0 4 1 -4 0 4 3 1 51
-25 0 6 0 -31 0 3 0 -6 0 8 0 1 0 2 0 -5 0 3 4 1 49
-20 0 -9 0 -6 0 1 0 -5 0 13 1 -1 0 4 0 -3 2 -1 0 1 50
-7 0 4 0 -6 0 -5 0 5 0 -3 1 -1 0 2 0 -3 2 1 0 -1 0 -1 49
-21 0 3 0 -20 0 2 0 1 0 -1 0 -1 0 1 0 -1 3 -1 0 -1 50
-14 0 -2 0 -20 0 -2 0 1 0 -5 2 1 0 -2 2 1 1 -1 49
-5 0 -12 0 -12 0 1 0 -8 0 -2 2 -2 3 -1 51
9 0 -1 0 -2 1 1 0 -1 2 1 0 -1 54
4 0 3 0 -10 0 2 0 2 0 -1 1 1 0 -1 0 -1 54
8 0 -5 0 -12 0 1 2 -1 2 -1 54
21 0 -4 0 -9 0 -1 0 -1 0 1 58
27 0 -5 0 -16 0 1 0 5 0 -3 1 -1 0 2 4 -1 50
19 0 9 0 -49 0 3 0 7 0 -12 0 1 0 3 0 2 0 1 1 1 0 1 1 2 5 1 43
-2 0 18 0 -54 0 -3 0 -4 0 1 0 1 0 3 0 -10 0 5 1 -1 1 1 0 1 3 -2 0 2 44
15 0 -53 0 -19 0 -6 0 -12 0 2 0 3 0 1 0 6 0 -2 0 2 0 2 0 4 0 -2 3 1 46
12 0 54 0 1 0 -3 0 -3 0 -3 0 -3 0 1 0 1 1 1 0 1 0 1 0 -1 50
-36 0 1 0 5 2 -3 3 1 54
-42 0 5 0 1 0 1 0 3 0 -2 3 1 54
-49 0 3 0 -7 1 1 0 -3 1 1 0 -1 0 1 54
-48 0 -3 0 -5 1 -2 1 -1 1 -1 0 1 54
-38 0 -2 1 -1 2 -1 57
-36 1 1 61
-37 1 1 61
-38 63
-40 0 4 0 2 0 -3 0 -1 1 1 57
-58 0 2 1 2 0 1 1 1 57
-59 63
-53 0 -12 0 -1 0 9 0 1 1 -3 3 1 53
-11 0 -3 0 1 0 -4 2 -2 0 -1 2 -1 53
-10 4 1 58
-10 0 3 1 -3 1 -1 0 1 0 1 56
-49 0 13 0 1 0 8 0 1 1 3 3 1 53
-55 63
-43 0 -14 0 -1 0 -5 0 1 0 1 0 3 0 -1 0 -1 55
-48 0 1 0 -10 2 4 58
-50 0 1 0 -8 1 -1 0 4 3 -1 54
-53 0 1 0 -4 1 -1 0 3 2 1 0 -1 4 1 49
-55 0 1 0 -1 61
-55 63
-55 63
-55 63
-55 63
-45 0 -15 0 6 0 2 0 -5 0 -4 0 1 0 1 0 4 0 -1 3 1 50
-33 0 1 0 14 0 1 4 -3 0 -5 4 1 5 -1 43
-33 0 1 0 11 1 3 0 9 1 -1 0 -3 0 -4 3 -1 0 1 49
-36 0 1 0 -1 1 3 0 13 7 -1 50
-35 1 -12 1 2 0 9 2 3 0 4 3 -1 50
-34 0 -1 0 -16 1 1 0 4 2 1 0 6 4 1 49
-32 1 -18 5 2 0 5 4 1 5 1 43
-32 1 -16 1 -1 0 -4 2 2 0 4 10 1 43
-31 0 -1 0 -11 1 -1 0 -10 2 1 0 2 4 -1 49
-30 0 -1 0 -3 1 -3 0 -12 8 -1 49
-47 0 14 0 3 0 5 0 3 0 -4 2 -4 0 -1 2 -1 51
-56 1 -1 61
-56 1 -1 61
-56 1 -1 61
-56 1 -2 61
-56 1 -1 61
-57 1 -1 1 1 59
-55 0 -1 0 -2 61
-38 0 -27 0 -2 0 8 2 1 0 1 56
-12 0 2 0 1 0 1 60
-13 63
-16 0 6 0 -3 0 -4 0 3 1 1 0 -1 56
-48 0 9 0 -5 0 5 0 -5 0 1 0 1 0 -1 0 1 0 -1 2 -1 4 -1 46
-53 63
-53 63
-35 0 -19 0 -9 0 1 1 1 1 4 0 2 0 -1 54
-18 0 2 0 1 1 -1 59
-22 2 1 0 1 59
-28 0 19 0 2 0 -9 0 -3 2 -1 3 1 52
-55 0 2 0 1 61
-56 63
-38 0 -24 0 -2 0 3 2 1 57
-14 63
-14 63
-31 0 23 0 3 0 -4 0 -1 2 -2 3 1 52
-53 63
-54 63
-53 0 -1 62
-54 0 1 62
-53 0 -3 0 -1 0 2 0 1 1 -1 0 -1 2 1 53
-23 0 -9 0 -5 0 -6 0 -1 0 -2 0 -1 2 -1 54
-19 0 -1 2 -1 0 -1 3 -1 54
-19 1 1 0 1 60
-18 1 2 1 -1 0 -1 2 1 0 1 54
-17 0 2 0 4 0 -2 1 -2 0 1 2 1 4 -1 49
-47 0 13 0 1 0 7 0 1 0 -1 0 2 0 1 0 -1 55
-54 63
-48 0 -7 1 3 2 -1 57
-27 0 -2 0 1 0 -2 2 -1 57
-27 0 1 62
-35 0 5 0 -9 0 1 0 4 0 -1 1 1 0 1 55
-37 0 -1 0 -12 1 -1 0 -3 58
-33 0 -2 0 -8 1 -1 0 -3 3 -1 54
-29 0 -3 0 -2 1 -3 0 -1 2 -2 55
-18 0 -8 0 6 4 -1 0 1 55
-8 1 -2 0 -1 0 2 0 -1 1 1 56
-8 1 -5 0 -2 0 -1 0 -1 0 1 0 1 56
-38 0 19 0 2 0 6 0 1 2 -1 3 -1 52
-52 0 1 0 -1 2 1 58
-52 0 -1 0 -2 5 1 55
-51 7 -1 0 -1 54
-48 0 -1 0 -6 1 2 0 4 2 -1 0 -2 4 1 49
-41 0 -3 0 -18 0 -1 0 2 0 5 1 1 0 1 3 -1 0 -1 50
-37 0 -2 0 -19 2 3 3 1 4 1 49
-34 0 -1 0 -18 1 -1 0 -1 2 2 0 1 3 1 50
-37 0 2 0 -13 0 1 0 -1 0 -2 58
-34 0 -2 0 -10 2 -3 58
-30 0 -1 0 -6 0 -1 0 -2 0 -3 2 -1 0 -1 54
-58 0 3 0 -2 0 2 0 -2 1 1 0 -1 56
-59 63
-58 0 -1 0 -2 1 1 0 1 2 -1 0 -1 54
-55 0 -3 0 -4 0 2 1 4 0 -1 0 1 0 -1 0 -2 4 1 49
-28 0 -10 0 -2 0 -5 0 2 0 1 0 -1 1 1 55
-25 1 -6 0 1 60
-23 0 -1 0 -2 1 -2 0 -1 58
-18 0 -4 0 2 0 1 0 1 0 -2 1 -1 0 2 0 -1 2 -1 51
-12 0 1 0 -20 1 6 0 -7 1 2 0 -1 0 -1 2 1 1 -1 49
-21 0 12 0 -24 0 -3 0 -1 1 1 0 1 0 -2 0 -2 8 1 0 -1 44
-39 0 -4 0 2 0 4 0 -11 0 2 1 -1 0 5 0 -3 2 -1 5 1 45
-16 0 -16 0 12 0 2 0 6 0 -5 1 -3 0 -2 2 1 2 -1 49
7 0 -3 0 -19 0 -2 0 5 0 -4 1 1 0 1 2 1 1 1 50
13 0 -3 0 -21 0 -2 0 -2 0 -5 1 -1 0 -1 0 -1 4 -1 49
14 0 -2 0 -17 0 1 0 -2 0 -5 2 1 0 -2 4 -1 49
21 0 -3 0 -10 0 -1 0 -2 0 -5 2 -1 0 -2 4 -1 49
24 0 -1 0 -6 1 -1 0 -2 2 -1 0 -1 4 -1 49
21 0 5 0 -2 0 -1 0 -3 0 -1 1 2 1 -1 54
19 0 -3 0 4 0 -2 0 1 0 -2 1 1 0 -1 55
21 0 -2 0 -1 1 2 2 1 0 1 3 -1 51
13 0 9 0 3 1 -1 0 -2 1 -1 0 -1 0 -1 4 -1 49
2 0 1 0 1 1 1 4 -1 4 -1 49
2 0 -1 0 -1 61
4 0 -1 0 -1 61
7 0 -1 0 -1 61
11 0 -2 0 -1 61
16 0 -3 0 -1 61
26 0 -6 0 -2 61
35 0 -2 0 -2 61
37 0 -2 1 1 0 -1 2 1 0 -1 55
49 0 -7 0 7 1 1 2 -1 0 2 55
53 0 7 0 2 0 -4 2 1 0 1 0 -1 55
35 0 -12 0 15 0 6 0 1 0 -5 0 1 0 -5 4 3 0 -1 0 -1 3 -1 45
-1 0 64 0 2 0 -3 0 1 0 1 0 -5 1 -1 1 1 1 -1 51
-53 1 1 2 1 58
-54 0 1 3 1 58
-54 1 1 2 1 3 1 54
-54 1 2 2 2 3 1 54
-52 1 5 1 -1 0 3 3 1 54
-52 1 5 2 3 3 1 54
-52 1 6 1 -1 0 3 3 1 54
-50 1 8 2 2 58
-52 0 3 0 7 0 -2 0 1 0 2 1 -1 56
-59 63
-59 63
-51 0 -17 0 -2 0 10 0 2 1 -2 57
-10 0 -3 0 1 0 -2 0 -1 0 -1 0 -1 1 1 55
-8 1 3 2 -1 58
-14 0 7 0 2 0 -4 0 -1 1 2 1 -1 55
-52 0 6 0 1 0 5 0 1 1 2 0 1 2 1 53
-55 63
-42 0 -17 1 1 1 1 0 1 57
-30 0 1 1 1 0 -1 2 -1 56
-32 1 -1 61
-32 0 1 0 -3 1 1 0 -1 3 -1 54
-35 0 3 0 -7 1 1 0 -2 3 -1 54
-40 0 2 0 -10 1 1 0 -2 2 -1 55
-44 0 1 0 -12 5 -1 0 1 54
-46 0 1 0 -11 2 2 2 -1 0 1 54
-49 0 2 0 -9 1 -1 0 3 3 -1 54
-43 0 -14 0 -3 0 4 0 -3 0 -2 1 2 0 6 0 -2 2 -1 51
-30 0 2 0 14 0 1 0 -2 0 -8 2 -2 0 -2 3 1 0 -1 49
-32 1 17 5 -3 0 -5 4 1 5 -1 43
-33 1 11 0 1 0 3 0 9 2 -3 0 -5 4 1 49
-30 0 -1 0 -7 1 6 0 13 1 1 0 1 0 2 3 -2 50
-29 1 -15 2 9 3 6 54
-32 0 1 0 -12 0 1 1 10 1 -1 0 1 0 5 54
-30 1 -16 0 -1 0 1 0 3 2 3 0 6 4 1 5 1 43
-33 0 1 0 -15 0 1 0 -1 0 -3 2 2 0 5 3 1 0 1 5 1 43
-31 0 -2 0 -9 1 -3 0 -11 1 1 0 2 0 2 2 1 0 1 50
-47 0 14 1 5 1 -4 2 -5 3 -1 51
-55 63
-55 63
-55 63
-55 63
-55 63
-55 0 -1 1 1 60
-54 63
-33 0 -28 0 -2 0 2 2 2 0 1 56
-12 0 2 0 -1 0 1 3 1 56
-14 1 1 0 1 60
-14 0 1 62
-21 0 9 0 -11 0 -1 0 6 0 -3 2 1 0 -1 2 1 51
-35 0 2 0 -20 0 1 1 1 2 -1 0 2 2 -1 1 1 49
-29 0 -8 0 -17 0 1 0 -3 0 -3 1 1 0 2 3 1 0 1 50
-16 1 -2 0 -2 0 -3 0 -1 1 -1 0 -1 0 -1 54
-21 0 2 0 1 0 1 0 1 59
-22 0 -2 0 -1 0 2 60
-34 0 26 0 1 1 -1 1 -2 0 -2 56
-55 63
-55 63
-33 0 -26 0 -2 0 -1 2 1 0 1 56
-13 0 2 62
-14 0 -2 62
-36 0 24 0 1 0 3 2 -1 0 -1 56
-53 63
-54 63
-53 63
-54 63
-53 0 -3 0 1 0 2 0 -2 1 -1 0 1 3 -1 52
-38 0 -1 0 18 0 -3 0 -2 1 -1 0 -2 0 -1 0 -1 54
-37 0 -7 0 13 0 5 0 5 0 3 0 -1 0 -2 1 -1 54
-19 0 -1 0 -1 0 -1 60
-37 0 18 0 6 0 2 0 -2 0 2 0 -1 0 -1 0 -2 0 1 3 -1 50
-50 0 1 0 7 1 1 0 4 3 2 4 1 49
-54 0 1 0 1 0 1 0 1 3 1 55
-53 0 -1 62
-48 0 -7 1 3 2 -1 57
-27 0 -2 1 -2 2 -1 57
-27 63
-26 63
-26 1 -1 61
-27 1 -1 61
-27 63
-25 0 -4 0 -2 0 2 0 1 0 2 2 -2 0 -1 54
-8 0 -8 0 -3 0 -2 0 -1 0 2 2 2 55
-1 1 -3 0 -3 0 1 0 1 0 1 1 -1 0 -1 54
-30 0 12 0 -15 0 8 0 4 0 5 0 1 0 1 1 -1 2 -1 0 -1 50
-27 0 -5 0 -24 1 1 0 1 0 -1 0 1 0 2 0 1 54
-17 0 -5 0 -25 1 1 0 -3 3 -1 54
-9 1 -25 0 -1 0 -1 0 -3 1 1 1 -2 54
-9 0 1 0 -11 0 -1 0 -4 0 -2 1 -1 1 -2 4 -1 49
-11 0 1 0 1 0 -1 0 -2 0 -1 1 -1 56
-18 0 4 0 6 1 -1 0 -1 2 -1 4 1 50
-26 0 3 0 4 1 2 0 1 58
-28 0 -1 0 -2 1 1 0 1 2 1 55
-25 0 -1 5 -1 56
-25 1 -1 61
-39 0 3 0 -14 0 2 0 3 0 -1 1 1 3 1 52
-34 0 -2 0 -15 0 -1 0 -1 0 -4 3 -1 54
-28 0 -5 0 -11 1 -2 0 -4 3 -1 54
-22 0 -1 0 -6 2 -3 3 -1 54
-19 0 -1 0 -1 1 -1 0 -1 1 -1 0 -1 0 -1 54
-19 0 1 2 -1 59
-21 1 -2 0 1 0 2 59
-19 1 -2 5 -1 55
-14 0 -5 0 5 0 1 0 -4 0 2 0 -1 1 -1 0 1 3 -1 50
1 0 -6 0 11 0 -1 0 2 0 -2 1 -1 0 4 9 1 45
0 0 9 0 -16 0 -2 0 10 0 -7 1 1 0 -2 2 1 0 1 0 -1 0 -1 49
-8 0 -10 0 -20 0 4 0 -10 0 -1 1 1 1 -2 3 -1 4 1 45
17 0 -8 0 4 0 -1 0 -1 1 -1 2 1 2 -1 51
30 0 -4 1 -2 0 2 2 1 0 -1 55
21 0 8 0 5 0 4 0 -3 0 3 0 -1 0 -1 1 -2 2 -1 0 1 50
29 0 -4 1 -2 0 2 1 -1 0 1 56
31 1 -2 61
25 0 9 0 1 0 -4 0 -2 0 -1 0 1 1 1 55
12 0 -10 2 2 0 -1 1 1 3 -1 0 -1 51
16 0 6 0 6 0 -1 0 -2 0 -1 1 -1 0 -1 55
3 0 2 0 1 0 1 0 2 0 1 1 1 0 1 55
3 0 -1 0 -2 61
5 0 -1 0 -1 61
6 0 -1 0 -1 61
5 0 4 0 4 0 -1 0 -3 0 -1 58
7 0 -9 0 5 1 4 0 -1 2 -1 55
20 0 -5 0 -2 1 1 59
31 0 -4 0 -2 1 -1 59
36 0 -2 0 1 61
37 63
34 0 6 0 5 0 -2 0 -4 0 -1 1 1 0 1 0 1 54
32 0 -11 0 14 0 1 0 5 0 1 0 1 0 -1 0 2 0 1 2 -2 51
33 0 -3 0 -16 0 9 0 1 0 -5 1 8 0 -2 0 -1 1 1 0 3 51
11 0 41 0 -19 0 -2 0 13 0 5 0 -2 0 -1 0 -4 0 1 1 -2 4 1 47
-34 0 8 0 -25 0 -1 0 -6 0 9 1 1 0 2 0 -2 3 1 50
-45 0 1 0 -9 0 1 0 -1 0 3 1 -1 0 1 0 -2 54
-46 0 1 0 -7 2 2 3 -2 54
-48 0 1 0 -6 2 2 3 -2 4 1 49
-49 1 -6 2 2 3 -2 4 1 49
-48 0 1 0 -6 1 -1 0 2 2 1 0 -3 4 1 5 -1 43
-50 0 1 0 -5 2 1 3 -2 4 1 5 -1 43
-52 0 1 0 -5 2 1 3 -1 4 1 49
-54 0 2 0 -3 0 -1 0 -1 59
-59 0 1 62
-59 63
-46 0 -23 0 -2 0 10 0 1 1 -1 57
-13 0 3 3 1 58
-13 1 1 0 -1 1 1 3 -1 54
-21 0 10 0 1 0 -6 0 -1 0 1 0 2 0 1 56
-55 0 3 0 1 0 2 2 1 0 1 2 1 53
-55 63
-35 0 -26 0 -4 1 4 1 2 0 -1 4 1 51
-18 0 3 0 -13 0 -1 1 2 3 1 4 -1 49
-22 0 1 0 -10 1 -2 0 3 8 -1 49
-27 0 2 0 -4 1 -2 0 2 2 1 0 -1 54
-30 0 1 0 1 0 1 1 -1 3 1 54
-31 2 1 60
-31 0 1 0 -1 61
-32 63
-32 0 1 0 -1 61
-30 0 -2 0 -4 1 2 0 -3 2 3 3 -1 51
-26 0 1 0 1 0 -1 0 -4 0 -13 8 -1 49
-29 0 1 0 13 1 -3 0 -10 2 -2 0 -2 3 1 0 -1 49
-32 0 1 0 20 1 -1 0 -3 2 -3 0 -3 10 -1 43
-38 0 4 0 19 1 2 0 7 2 -2 3 -1 0 -2 50
-44 0 1 0 15 0 1 1 9 3 3 54
-45 1 12 1 2 0 9 3 2 54
-46 0 1 0 5 1 2 0 9 2 1 0 2 4 2 49
-48 0 1 0 -1 1 1 0 7 3 1 4 2 49
-50 0 2 0 -5 0 -1 1 5 2 1 0 -1 3 1 0 1 49
-52 1 -4 1 1 0 3 2 1 0 -2 4 1 49
-52 1 -4 2 3 3 -2 4 1 49
-53 1 -4 2 3 3 -2 4 1 49
-53 1 -3 2 2 3 -1 4 1 49
-54 1 -2 2 2 3 -1 4 1 49
-53 1 -3 2 3 3 -2 4 1 49
-53 0 -1 0 -3 1 -1 0 2 2 1 0 -2 4 1 49
-53 1 -1 2 1 3 -1 54
-35 0 -22 0 9 1 -6 0 -3 0 1 0 -1 0 3 0 -1 1 1 52
-15 0 -1 0 10 1 2 0 -5 58
-14 0 -1 0 5 1 1 0 -5 3 1 54
-13 1 2 1 1 0 -4 3 2 54
-13 1 2 2 -3 3 2 4 -1 49
-12 3 1 0 -2 2 -1 0 2 4 -1 49
-12 1 -2 6 1 54
-15 0 2 0 -2 0 -1 0 1 0 1 58
-20 1 -4 0 1 1 2 58
-17 0 -4 0 -3 0 2 1 1 0 -1 1 1 55
-36 0 25 1 5 0 1 1 -1 57
-53 1 -3 2 1 3 -1 54
-54 1 -1 61
-26 0 -24 0 -4 0 -6 0 -1 2 1 56
-12 0 3 0 -1 61
-14 63
-40 0 21 0 2 0 6 0 1 1 -1 0 -1 56
-53 63
-53 63
-53 63
-54 63
-54 63
-54 63
-47 0 -13 0 2 0 5 0 -2 0 -1 1 1 0 2 55
-26 0 1 0 11 0 -1 0 -1 0 -4 3 1 54
-46 0 14 0 5 0 4 0 4 0 -2 2 -2 55
-55 63
-54 63
-53 1 -1 61
-46 0 -10 0 -1 0 4 0 1 1 -1 57
-24 0 -1 0 -2 0 -2 2 -1 57
-24 0 1 0 -1 61
-25 63
-25 63
-24 0 -2 0 -3 0 1 0 1 0 1 2 -1 0 -1 54
-16 0 -6 0 -11 1 2 0 1 1 1 0 2 55
-4 0 -3 0 -6 1 -3 0 -2 2 -1 0 -1 2 1 51
3 0 -3 0 -4 1 1 3 1 55
11 0 -2 0 -1 0 -1 0 -2 0 -2 2 1 55
6 0 3 0 -3 0 1 0 4 2 -1 0 -3 0 -1 54
10 0 -4 0 -11 0 -1 0 -1 0 1 1 1 0 1 55
16 0 -5 0 -4 0 1 0 -2 4 -1 54
20 0 2 0 -1 61
0 0 18 0 1 0 -1 0 -1 0 1 2 -2 55
-19 1 -2 1 1 0 2 1 1 0 2 0 1 54
-21 0 1 0 -3 1 1 59
-22 0 1 0 -2 1 -2 0 -1 58
-23 0 1 6 -1 55
-24 1 -1 61
-23 0 -2 0 -1 1 1 3 1 55
-26 0 -1 1 -1 0 -1 2 1 56
-24 0 -1 0 2 61
-21 0 -2 0 2 1 1 0 -1 58
-18 63
-18 3 -1 59
-19 1 -1 0 1 0 2 59
-16 0 -1 0 -1 1 -1 59
-15 1 -1 61
-15 1 -2 61
-14 0 -1 0 -2 0 1 0 -1 0 1 1 1 0 -1 55
-8 0 -6 0 6 0 1 0 -4 0 3 1 1 0 -1 0 1 3 -1 0 1 49
8 0 -7 0 12 0 -1 0 2 0 -2 1 -1 0 4 0 -1 3 -1 4 1 6 -1 38
19 0 -4 0 -5 0 1 0 3 0 -4 0 -1 0 1 0 -2 0 1 1 1 0 -1 0 -1 50
34 0 -4 0 -6 0 -2 0 1 0 2 2 -1 55
37 1 -10 0 -1 0 1 2 1 0 1 0 -1 2 1 51
35 1 -4 1 -2 2 -1 1 -1 54
34 0 2 0 -1 1 -1 4 -1 54
28 0 10 0 -4 0 -6 0 3 1 1 57
12 0 -14 0 -2 0 2 0 -2 1 2 0 -2 0 2 1 1 53
15 0 9 0 -9 0 1 1 1 1 2 0 -2 55
6 1 -3 1 -1 0 1 2 1 0 -1 54
7 0 -1 0 -1 1 1 3 -1 55
10 1 -3 2 1 58
8 0 5 1 -3 0 -3 0 1 0 1 0 1 56
-15 0 9 0 8 0 3 0 2 0 1 1 -2 0 -1 0 1 54
-1 0 -20 0 2 0 1 0 -1 0 -2 1 -1 0 1 0 1 54
27 0 -5 0 -3 0 -1 2 -1 0 1 56
35 0 -2 0 -1 61
36 1 -1 61
35 0 2 0 1 0 -1 0 -2 1 1 0 1 56
5 0 22 0 15 0 2 1 1 0 1 0 -3 0 -2 0 1 54
6 0 -15 0 7 0 -1 0 2 0 2 0 -2 0 -2 0 -1 0 -1 2 -1 51
32 0 -6 0 8 0 -2 0 -4 0 1 0 -1 1 1 0 1 54
34 0 3 0 6 0 -2 0 3 0 -2 2 -1 55
20 0 14 0 -2 0 -5 0 3 0 -2 0 1 2 -1 54
-17 0 10 0 -6 1 -1 1 1 0 1 0 -1 0 -1 1 -1 52
-27 1 -1 2 -1 3 -1 54
-28 1 -2 2 -1 3 -1 54
-26 0 -3 0 -3 0 2 1 -1 0 -1 2 -1 54
-10 0 1 0 -8 0 -3 0 1 0 -3 0 -1 0 1 1 -2 54
-10 0 -1 0 -11 0 -1 0 1 0 -3 3 -2 4 -1 49
-4 0 -4 0 -15 2 -5 2 1 0 -2 4 -1 49
-23 0 18 0 -15 0 2 1 -4 0 1 1 -2 0 -1 3 -1 50
-47 0 3 0 -14 1 -1 0 1 2 -1 0 1 54
-52 0 1 0 -9 1 -1 0 3 58
-40 0 -22 0 -4 0 8 0 -5 2 2 0 4 3 -1 51
-9 1 6 1 2 0 -7 1 -1 0 -1 0 1 54
-8 1 1 0 -1 1 -4 3 1 54
-18 0 15 0 2 0 -8 1 -3 0 2 1 -2 0 1 2 1 51
-53 0 1 0 -3 0 1 1 1 2 1 0 -1 54
-54 1 -1 61
-42 0 -19 1 5 1 3 2 -3 0 1 2 -1 0 -1 0 1 49
-16 2 -1 1 3 3 3 4 1 49
-20 0 1 0 -1 1 1 0 4 3 3 4 1 49
-20 1 -7 0 -1 0 2 0 3 2 1 0 2 54
-24 0 1 0 -14 2 1 1 1 1 1 54
-25 1 -11 0 -1 0 -1 0 2 2 -2 0 1 2 1 51
-31 0 4 0 -4 1 -3 0 6 2 1 0 -1 3 1 50
-32 0 -1 0 1 0 -1 0 1 0 3 2 1 0 -3 54
-31 0 -1 3 2 2 1 0 -2 4 1 49
-30 0 1 0 -3 0 -3 0 3 0 2 0 1 0 -1 0 -1 0 -1 1 1 52
-38 1 -16 2 1 1 1 0 2 55
-36 1 -10 1 -1 0 -3 1 -1 0 -1 0 -1 54
-36 0 -1 0 -11 2 -2 3 -1 54
-33 0 -3 0 -13 1 1 4 -1 54
-29 0 -2 0 -16 0 1 0 1 0 -1 1 1 0 1 0 -2 54
-23 0 -2 0 -14 1 -2 0 -2 2 -1 0 -2 54
-20 0 -1 0 -10 2 -1 3 -1 4 -1 49
-19 1 -9 2 -1 3 -1 54
-20 0 1 0 -9 6 -1 54
-20 0 -1 0 -11 2 -1 3 -1 54
-18 0 -1 0 -11 2 -2 3 -1 54
-18 0 1 0 -10 2 -2 3 -1 4 -1 49
-20 1 -11 2 -2 3 -2 54
-20 0 -1 0 -12 2 -3 3 -2 54
-16 0 -1 0 -10 0 -1 0 -1 0 -3 3 -2 4 -1 49
-20 0 3 0 -8 2 -3 3 -2 4 -1 49
-25 0 1 0 -11 1 1 0 -4 3 -2 54
-23 0 -4 0 -14 0 1 0 -1 0 -3 1 1 1 -1 54
-16 0 -1 0 -9 2 -3 3 -1 54
-15 1 -9 2 -3 3 -1 54
-13 0 -1 0 -10 2 -2 58
-16 0 4 0 -11 2 -1 2 -1 0 1 4 1 49
-23 0 1 0 -6 0 1 0 -2 0 2 3 1 4 1 49
-20 0 -2 0 -3 1 1 0 1 3 2 4 1 49
-17 1 -5 2 3 2 -1 0 2 54
-18 0 1 0 -4 1 -1 0 4 3 2 54
-20 1 -2 2 5 3 1 54
-30 0 8 0 -7 0 2 0 2 0 2 1 1 0 2 4 1 50
-34 0 -1 0 -10 0 -1 0 1 59
-37 0 2 0 -10 2 1 3 -1 54
-27 0 -10 0 8 0 -2 0 -7 0 1 1 -2 0 1 0 -2 2 -1 51
-17 0 -1 0 12 1 2 0 -4 2 1 4 -1 50
-13 0 -2 0 4 0 -1 0 2 0 -4 2 -1 0 2 4 -1 49
-41 0 19 1 8 0 1 0 -1 0 1 1 -1 3 -1 51
-52 1 -1 61
-52 63
-53 0 1 62
-54 63
-54 1 -1 61
-53 1 -1 61
-53 1 -1 2 1 58
-52 0 -1 0 -1 1 1 59
-51 1 -3 61
-51 1 -3 6 -1 54
-49 0 -2 0 -3 2 1 2 -1 0 -2 4 1 49
-46 0 -1 0 -4 2 2 3 -2 4 1 49
-39 0 -10 0 -6 0 4 1 3 1 1 0 1 0 -1 2 -1 0 -1 50
-20 1 -1 0 -1 0 -1 59
-23 0 1 0 -1 61
-23 0 -1 0 -2 1 1 3 -1 55
-16 0 -5 0 -9 0 1 0 2 0 2 2 1 55
-4 0 -5 0 -8 1 -3 0 -2 3 -1 54
3 0 -2 0 -3 61
3 0 2 0 -1 0 1 0 -2 59
7 0 -2 0 1 1 2 0 2 1 -1 0 -2 0 -1 54
15 0 -5 0 -9 1 2 0 1 1 1 0 3 0 1 54
23 0 -2 0 -4 1 -3 0 -2 1 -1 0 -1 0 -1 2 1 0 1 50
27 1 -3 0 -1 1 2 1 1 1 -1 54
22 0 5 0 3 0 -1 0 -3 0 -1 2 1 55
10 0 7 0 9 2 1 2 -2 55
-5 0 5 0 2 0 1 0 3 0 1 2 1 4 1 50
-11 0 5 0 -3 0 -2 0 -1 0 2 1 1 1 -1 54
-25 0 2 0 8 0 2 0 -1 0 -1 1 -1 56
-24 0 -2 0 2 1 3 3 -1 55
-20 0 -1 0 -3 61
-18 0 -1 0 -3 2 -1 58
-17 1 -1 61
-22 1 -2 2 1 2 1 55
-23 0 -1 0 -3 0 1 5 -1 54
-23 0 1 0 -2 0 1 0 -2 2 1 0 -1 55
-18 0 -4 1 -1 0 2 59
-14 0 -1 0 -4 1 1 59
-11 0 -2 0 -5 1 -1 0 -1 58
-9 1 -3 2 -1 58
-8 0 -1 0 -3 2 -1 58
-5 0 -1 0 -3 2 -1 58
-4 1 -3 2 -1 58
-3 1 -3 2 -1 58
-4 1 -2 1 -1 0 -1 1 1 5 -1 50
-2 0 -10 0 7 0 9 1 4 0 -2 0 -2 0 -4 0 1 4 1 3 -1 6 -1 38
41 0 -12 0 2 0 -4 1 1 0 -1 1 2 0 -1 2 1 51
46 0 2 0 4 0 1 0 -1 4 -1 54
46 3 2 0 -2 58
43 0 2 0 -4 61
38 0 3 0 -3 0 -2 0 1 0 -1 0 1 0 -1 56
20 0 1 0 -5 0 6 0 -1 3 -1 55
29 1 -5 0 -1 1 1 1 -1 56
22 0 4 0 -8 1 1 0 1 3 -1 54
18 1 -9 1 -1 0 1 1 1 1 -1 54
18 0 1 2 -1 0 -2 1 -1 0 1 0 1 4 -1 49
12 0 10 1 -6 0 2 0 -1 0 1 1 -2 55
-23 0 4 0 -4 0 5 0 -1 0 2 0 1 1 1 0 -1 0 1 53
-8 0 -15 0 -6 0 3 0 4 0 4 0 -2 0 1 0 -2 2 -1 1 -1 0 1 49
31 0 -9 0 -3 0 -4 0 -1 0 1 0 -1 0 -1 0 1 55
37 0 -1 0 -1 61
38 63
34 0 5 0 -1 0 -3 0 1 1 1 0 -1 56
2 0 12 0 -13 0 7 0 3 1 1 0 1 56
17 0 -14 0 -8 0 -4 0 -5 0 -2 0 -1 1 1 0 -1 2 1 51
19 0 6 0 4 4 -1 56
12 0 -2 0 6 0 2 0 -2 0 2 2 -1 3 -1 51
12 0 8 0 7 0 -1 0 1 2 -1 56
-5 0 3 1 2 0 1 0 -1 0 1 0 -2 0 2 2 1 52
-15 0 3 0 -7 0 2 0 -1 0 -2 58
-18 1 -6 2 -1 58
-17 0 -1 0 -4 0 1 0 -1 0 -1 0 -1 57
1 0 -2 0 -2 0 -3 2 -2 57
5 0 -3 0 -3 61
6 1 2 0 1 0 -1 1 1 57
-10 0 11 1 3 0 2 1 1 57
-21 0 1 0 -6 1 1 0 -2 3 -1 54
-24 1 -10 0 1 0 1 0 -2 58
-22 1 -11 0 -1 0 -1 0 -1 58
-20 0 -5 0 -11 0 1 0 -1 0 -1 1 1 56
-13 1 -7 0 -1 1 -1 1 -1 56
-17 0 2 0 -11 0 -1 0 2 0 -1 58
-22 0 2 0 -16 1 1 0 -2 3 -1 54
-21 0 -5 0 -19 2 -4 1 1 0 2 0 -1 54
-15 0 -3 0 -12 0 1 0 -5 0 -5 1 1 0 -3 0 -1 2 1 0 -1 50
-13 1 -3 1 1 0 1 58
-10 0 -2 0 -5 61
-5 0 -2 0 -3 1 -1 59
-3 1 -2 0 -1 1 -1 58
-8 1 -1 0 2 0 -2 59
-5 0 2 0 -3 0 -1 0 3 0 -3 3 -1 54
-9 0 -1 0 -6 0 2 0 -2 0 -2 3 -1 4 -1 49
-4 0 1 0 -6 0 -2 0 1 0 -3 3 -2 4 -1 49
-12 0 2 0 -4 0 1 0 -2 0 -2 0 1 1 -1 0 -1 54
-15 0 -1 0 -3 0 1 0 2 59
-14 1 -9 1 1 0 -1 58
-11 0 -3 0 -8 1 -1 0 -2 3 -1 54
-6 0 -2 0 -3 1 -1 0 -1 3 -1 54
-5 1 -2 2 -1 58
-6 1 -2 2 -1 58
-5 1 -2 61
-6 0 1 0 -2 61
-6 1 -3 61
-6 1 -2 61
-5 1 -1 61
-6 1 -1 61
-5 1 -2 2 -1 58
-4 1 -1 2 -1 58
-4 0 1 0 -1 61
-6 0 1 0 -3 1 1 0 -1 58
-9 1 -4 0 1 1 -1 58
-7 0 -1 0 -3 61
-7 1 -2 61
-7 1 -2 0 1 60
-4 0 -1 1 -1 60
-3 63
-6 0 2 0 -4 1 1 0 -1 58
-11 0 2 0 -7 1 -1 3 -1 55
-12 0 -1 2 -2 0 2 2 1 55
-10 1 1 0 -1 0 1 59
-12 1 -1 61
-15 0 4 0 -3 0 -1 0 1 0 -1 58
-23 0 -1 0 -1 0 2 0 -2 2 -1 0 1 55
-20 1 -1 61
-22 0 2 0 -4 1 1 0 -1 3 -1 54
-26 0 2 0 -6 1 1 0 -2 58
-29 0 1 0 -6 1 -1 0 1 2 -2 0 1 3 -1 0 1 49
-35 0 3 0 -9 0 1 0 1 0 2 1 1 0 1 4 1 50
-38 0 1 0 -10 6 -1 54
-41 1 -11 0 1 1 1 8 1 49
-46 0 6 0 -6 0 3 0 -1 0 2 1 -1 0 -1 0 -1 54
-47 0 -1 0 -8 1 1 0 3 3 -1 54
-44 0 -2 0 -10 1 1 0 3 58
-38 0 -2 0 -15 0 -1 0 1 0 2 8 1 49
-36 0 -1 0 -16 2 1 58
-27 0 -10 0 -16 0 2 1 -2 2 2 0 -1 54
-19 0 8 0 -12 0 -1 0 -2 0 -4 2 -1 0 -2 54
-25 0 -2 0 -8 1 1 0 -3 3 -1 54
-19 0 -5 0 -10 2 -2 3 -2 54
-14 0 1 0 -12 0 1 0 1 0 -1 3 -1 54
-12 0 -2 0 -11 1 -1 3 -1 0 -1 54
-16 0 5 0 -4 0 2 0 -2 0 1 1 -1 56
-16 0 -4 0 -8 0 1 0 3 0 2 3 -1 54
-6 0 -4 0 -9 1 -3 0 -1 2 1 55
3 0 -1 0 -1 0 -2 0 -1 4 -1 54
5 0 -2 1 -1 1 -1 1 1 0 1 55
7 0 -1 0 1 1 1 0 1 1 -1 0 -2 0 -1 54
13 0 -3 0 -9 0 -1 0 2 0 1 1 1 0 2 55
17 0 -3 0 -2 0 1 0 -4 0 -2 58
21 0 -2 0 5 0 2 0 2 2 -1 0 -2 55
33 0 -6 0 -5 4 1 0 1 55
43 0 -1 0 -3 0 -2 0 1 0 -2 1 -1 1 -1 54
28 0 16 0 -10 0 -2 0 1 0 1 0 1 0 1 0 -1 0 -1 54
2 0 4 0 -2 0 1 0 1 0 2 1 -2 0 -1 0 -1 2 1 51
8 0 -9 0 -11 1 -1 0 -1 1 1 0 3 3 1 51
15 0 5 0 -7 0 -3 0 2 0 -3 0 1 0 -1 0 -1 0 -1 54
-18 0 15 0 -15 0 5 0 -1 0 1 1 2 0 -2 0 -1 54
-26 0 -2 0 -1 0 1 0 -4 2 -1 56
-17 0 -2 0 1 0 -2 0 2 1 -1 0 1 56
-16 63
-17 0 1 62
-10 0 2 0 -13 2 3 1 1 0 -2 55
-14 0 2 0 -3 1 -2 0 2 1 -1 0 2 0 -2 54
-17 0 1 0 -1 2 -1 58
-16 0 -4 0 -2 0 1 0 -1 59
-9 0 -1 62
-7 1 1 61
-6 0 -1 62
-4 0 -1 62
-2 0 -1 62
-1 63
-3 0 3 0 4 1 -2 0 -1 2 1 55
-9 0 2 0 4 0 2 0 5 0 1 0 -1 0 -3 0 -4 0 -1 1 1 0 1 0 1 50
19 0 -23 0 -18 0 -1 0 -3 1 -1 0 2 0 2 2 1 0 2 4 1 0 1 45
47 0 -5 0 -5 0 -1 0 -2 2 -1 56
52 1 -4 0 -1 0 1 0 -1 2 1 0 -1 54
45 0 6 0 -4 1 -3 0 1 1 1 0 -2 55
43 0 -3 0 7 0 -1 0 1 0 -2 1 -1 0 1 0 1 2 1 51
43 0 2 2 3 0 -2 2 -1 0 1 54
33 0 5 0 -8 0 3 0 -1 0 2 1 3 0 -1 55
34 0 -3 0 2 1 -1 0 -1 2 1 3 1 51
28 0 6 0 6 0 3 1 -1 0 -1 0 -1 56
34 1 1 0 -4 1 -2 2 1 5 -1 49
3 0 21 0 7 0 4 0 -4 2 1 0 -1 0 2 2 -1 0 -1 50
1 0 -7 0 9 0 -4 0 4 0 -2 2 -2 0 1 1 1 0 1 0 2 50
2 0 -8 0 -13 0 4 0 5 0 1 1 1 0 3 0 -1 2 -1 51
28 0 -9 0 -10 0 -1 0 -4 0 -3 2 -1 0 -1 54
38 0 -1 0 -1 1 -1 59
39 1 -1 61
38 63
36 0 2 2 1 59
31 0 -1 0 -4 0 3 0 -1 0 -3 1 2 0 1 0 -1 54
26 0 8 0 1 1 -1 0 -2 2 -2 55
13 0 3 1 1 0 2 0 1 1 -1 0 -1 55
14 0 2 0 -2 0 -3 0 -4 0 -1 1 1 0 1 3 1 51
-1 0 4 0 1 0 3 0 3 0 1 1 1 0 -1 55
-3 0 10 0 -4 0 -2 0 -1 0 1 0 -1 0 2 0 -1 55
-12 1 2 0 -1 0 1 3 1 55
-12 0 -1 0 -1 1 1 59
-12 0 -1 0 -2 0 2 2 -1 57
7 0 -2 0 -3 0 -4 2 -2 57
12 0 -1 0 -2 0 -3 0 -1 2 1 56
3 0 5 0 1 1 -1 1 1 0 1 56
-12 0 5 0 1 0 2 0 1 59
-15 1 -1 61
-10 0 -5 0 -5 1 1 2 1 56
-5 0 1 0 -4 61
-4 0 -2 0 -3 2 -1 58
-3 1 -2 0 1 60
0 0 -1 0 -3 0 -1 60
-1 0 1 0 -2 2 -1 58
-3 0 3 0 2 0 -1 0 -1 0 -1 1 -1 0 -1 55
-8 0 -1 0 -1 0 1 0 2 0 1 58
-3 0 -2 0 -3 1 -1 59
-1 1 -2 61
0 1 -1 61
-1 63
-3 0 2 0 -2 1 1 59
-5 1 -3 1 -1 0 1 58
-6 0 1 0 -1 2 1 58
-1 0 -4 1 -1 60
-8 0 6 0 -2 0 2 4 -1 55
-8 0 -4 0 -2 0 -1 0 -1 0 -1 58
-5 4 -1 58
-5 0 1 0 2 61
-6 1 1 61
-5 0 -2 3 1 58
-4 0 1 62
-4 63
-4 1 1 61
-3 0 -1 0 -1 61
-3 1 -1 61
-4 1 -1 61
-3 1 -1 61
-3 63
-3 63
-3 63
-3 63
-4 1 -1 61
-3 0 -1 0 -1 61
-2 0 1 0 -1 61
-2 1 -1 61
-3 63
-3 63
-3 63
-3 63
-4 0 1 0 -1 1 1 0 -1 58
-5 0 1 0 -3 61
-6 1 -2 61
-7 0 1 0 -3 2 -1 58
-13 0 5 0 -7 1 1 2 1 0 -1 55
-17 0 -1 0 -3 1 -1 0 1 2 1 55
-15 0 -1 0 -4 61
-16 0 2 0 -3 1 -1 59
-19 0 1 0 -3 61
-20 1 -1 1 -1 59
-18 0 -2 0 -1 1 1 0 -1 3 -1 54
-15 1 -4 1 1 0 -2 3 -1 54
-21 0 3 0 -9 0 1 0 1 0 -2 1 1 56
-19 0 -2 0 -7 2 -2 3 -1 54
-14 0 -3 0 -6 1 -1 0 -2 3 -1 54
-10 0 -1 0 -3 2 -1 3 -1 54
-10 0 1 0 -3 2 -1 58
-9 0 -4 0 -2 0 1 0 -1 59
-7 0 5 2 1 0 -1 2 1 55
-16 0 -4 0 -1 0 3 2 1 57
-5 0 -8 0 -1 2 -1 58
4 0 1 0 -1 0 -1 1 -1 58
4 0 -3 0 -1 0 1 0 1 59
1 0 2 0 -8 0 4 0 1 0 -1 1 1 0 1 55
5 0 -1 0 -1 1 -2 0 -2 2 -1 55
6 0 1 3 -1 2 1 55
4 0 2 0 1 1 1 2 -1 0 -1 0 -1 54
8 0 -6 0 -7 1 1 2 1 0 1 55
15 1 2 0 -1 0 -5 0 -4 8 -1 49
11 0 1 0 8 0 1 0 6 0 5 0 1 0 -2 0 -7 0 -2 3 1 0 1 3 1 45
3 0 3 0 -4 0 4 1 9 1 -1 0 2 4 1 0 1 4 -1 44
15 0 -12 1 1 0 -4 1 -1 1 3 0 -1 2 1 0 -1 50
38 0 -6 0 2 0 -1 0 2 0 -2 2 -1 55
44 0 -1 0 1 1 -1 59
42 0 6 0 2 0 -3 0 1 0 -2 1 -1 56
21 0 7 0 -3 0 1 0 -2 0 -1 0 1 0 2 0 -1 0 -2 54
13 0 -1 1 2 0 1 0 3 3 -1 2 -1 51
21 0 -1 0 -2 0 -1 1 1 2 1 55
15 0 6 0 -7 0 -1 0 3 0 -2 0 1 2 -1 54
-12 0 18 0 -14 1 -2 0 2 1 2 0 -2 55
-24 0 -6 0 5 1 -1 2 -2 0 2 4 -1 50
-18 0 1 0 1 0 -1 1 -1 58
-20 0 1 0 2 5 -1 4 1 50
0 0 -5 0 9 0 1 0 -1 0 -2 1 -2 0 1 55
2 0 2 1 3 0 4 0 -1 6 -1 51
3 0 4 0 -17 0 -2 0 4 0 -2 1 1 0 -2 3 1 51
-6 0 3 0 -12 1 -5 0 5 2 -1 0 -1 2 -1 0 1 50
-11 0 1 0 1 1 -2 0 1 1 -1 0 2 0 -1 3 -1 0 1 49
-12 1 3 2 -1 3 1 54
-9 0 -2 0 2 1 1 59
-4 0 -2 62
-2 0 -1 62
-2 0 2 0 1 0 -2 0 -2 0 -1 0 1 0 1 56
-13 0 1 0 1 0 2 0 4 2 -1 56
5 0 -23 0 -12 0 5 0 -1 2 2 1 -1 2 1 51
47 0 -10 0 -6 0 -2 0 -2 0 -1 0 -1 57
56 0 -1 0 -2 61
57 0 1 1 -1 0 -1 0 -1 2 1 55
46 0 10 0 7 0 -2 0 -1 0 -1 0 1 0 -1 0 -1 4 1 50
25 0 1 0 -3 0 1 0 7 0 6 0 1 0 1 0 -4 0 -3 3 -1 0 2 49
29 0 -7 0 -5 0 -1 0 -3 0 8 3 1 1 -1 0 1 0 1 0 1 3 -1 0 1 44
37 0 -3 0 9 4 -2 0 4 0 -1 2 1 0 -1 5 1 44
36 0 7 0 -7 0 -2 0 5 0 -2 1 1 0 -3 0 1 2 1 0 -1 50
15 0 9 0 -9 0 2 0 -3 0 8 3 1 3 1 50
20 0 -8 0 -2 0 -2 0 3 0 7 1 -1 0 2 4 -1 50
11 0 20 0 -26 0 -3 0 9 0 5 2 -2 0 2 2 1 51
12 0 -32 0 -29 0 1 0 -10 0 3 0 2 1 7 0 1 0 1 0 1 0 1 0 2 50
41 0 1 0 -13 1 -2 0 -1 1 1 0 -3 0 -1 3 -1 50
40 1 -3 1 -2 0 1 1 -1 0 1 0 -1 54
40 63
40 63
38 0 1 62
36 0 1 62
31 0 4 0 1 0 -1 0 -1 59
20 0 4 0 1 0 1 0 2 2 -1 0 -1 55
23 0 -3 0 -5 0 -2 0 -3 0 -1 1 2 0 2 55
9 0 9 0 2 0 2 0 4 0 1 1 -1 0 -1 3 -1 51
6 0 -2 0 -4 1 -1 59
9 0 4 0 -4 0 -7 0 3 1 1 0 -1 56
-11 0 1 0 -3 0 1 0 -1 2 -1 56
-10 0 -2 0 -1 0 1 60
-7 0 -2 0 -2 0 2 2 -1 57
15 0 -1 0 -3 0 -4 0 1 1 -2 57
12 0 7 0 2 0 -1 0 -1 0 -1 1 -1 56
-2 0 7 0 3 0 -1 60
-13 0 1 1 1 0 1 59
-10 0 -5 0 -4 0 1 0 2 0 1 58
1 0 -1 0 -2 0 -2 0 -2 0 -1 58
0 0 1 62
0 0 -2 0 -1 2 1 58
3 0 -2 0 -2 1 -1 3 1 55
3 0 1 62
0 0 4 0 2 0 -1 0 -1 2 -1 0 -1 55
-6 0 -1 0 -2 0 1 0 2 0 1 58
1 0 -2 0 -3 0 -1 0 -2 0 -1 58
-1 0 1 0 1 1 -1 59
1 0 -1 0 1 0 -1 60
0 1 2 2 -1 58
1 0 1 0 1 2 -1 58
0 1 1 2 -1 58
-1 0 -1 0 1 2 -1 58
-1 0 1 0 -1 1 1 0 -1 58
-2 0 -1 0 1 1 -1 59
-4 0 3 0 -1 1 1 59
-7 1 -1 61
-7 0 -1 62
-5 0 -1 0 -1 61
-4 0 -1 0 -2 61
-1 0 -1 0 -2 0 -1 0 -1 59
-2 0 1 0 -2 61
-2 1 -2 61
-2 1 -2 1 -1 59
-2 1 -1 61
-2 63
-3 1 2 61
-3 0 -1 62
-2 63
-2 63
-2 63
-3 63
-3 63
-1 3 -1 59
-2 0 -1 0 1 1 1 59
-1 4 -1 58
-2 1 1 61
-2 1 1 61
-3 1 1 61
-3 1 2 2 -1 58
-5 1 3 2 -1 58
-5 0 -2 0 4 1 1 0 -1 58
-2 3 1 0 -1 58
-2 1 -1 61
-1 0 -1 0 -1 61
-2 0 2 0 -4 2 -1 3 -1 54
-4 1 -4 61
-6 0 2 0 -5 1 1 59
-10 0 1 0 -6 61
-12 0 1 0 -6 2 1 58
-14 0 1 0 -5 1 -1 0 1 58
-14 0 -2 2 -1 0 1 2 1 55
-12 1 -1 1 1 59
-14 2 1 0 -1 59
-10 0 -1 62
-7 63
-7 63
-7 0 -2 1 1 60
-9 0 6 1 2 60
-13 0 -2 0 -2 0 3 1 1 58
-2 0 -3 0 -2 0 -2 0 -2 2 1 56
2 0 -2 0 2 1 1 3 1 55
6 0 -3 1 1 0 -1 59
7 0 1 5 1 0 1 55
4 0 2 1 1 0 1 0 1 2 -2 55
7 0 -3 0 -6 1 1 0 1 1 1 0 2 55
9 0 2 1 -1 0 -4 0 -4 3 1 2 1 51
5 0 -3 0 4 0 3 0 6 0 5 1 -4 0 -8 0 -3 1 1 0 2 0 3 0 1 4 -1 0 -1 43
26 0 -13 0 -33 1 5 0 6 0 -1 0 3 0 13 0 3 2 -1 0 -2 4 -2 0 -1 5 1 38
53 0 -8 0 -15 0 -4 0 -8 0 -9 1 -3 0 -4 0 -4 2 -1 1 -1 3 1 0 1 44
57 0 -5 0 -9 0 -1 0 -3 0 -6 0 1 1 -1 0 -3 1 1 2 -2 5 -1 43
43 0 18 0 -20 0 -3 0 5 0 -2 0 1 0 3 0 -7 0 -1 2 2 0 -2 4 -1 45
18 0 -5 0 5 0 4 0 -9 0 4 1 -4 0 5 5 1 3 1 45
37 0 -4 0 5 0 -2 0 3 0 -1 2 -1 0 1 54
38 0 1 0 -2 1 1 0 1 58
38 1 -7 0 -1 0 1 0 -2 2 1 55
29 0 4 0 -4 0 2 0 -2 0 -2 2 -1 0 -1 54
25 0 1 0 -1 61
22 0 1 62
16 0 6 0 -4 0 -2 0 3 0 -1 1 -1 0 1 55
-10 0 13 0 -17 0 3 0 1 0 1 1 2 0 -4 0 -1 2 1 51
-15 0 -3 0 -12 2 3 2 3 5 1 49
-9 0 -4 0 -8 1 -2 0 -1 1 -1 0 1 0 -1 54
-17 0 -10 0 2 0 -1 0 5 0 -1 0 -1 0 -1 0 1 55
-3 0 -5 0 -5 0 1 0 -3 0 4 1 1 0 -2 0 1 2 -1 0 1 50
11 0 -6 0 8 1 -1 2 -1 0 3 0 -1 54
23 0 -4 0 1 0 -1 0 4 0 -3 7 1 0 -1 4 1 44
17 0 11 0 -10 1 2 0 -3 1 -1 1 -2 1 1 52
1 0 8 0 -22 0 -2 0 2 0 2 1 2 0 -4 3 1 0 -1 50
-7 0 -2 0 -11 1 -4 0 6 2 3 0 -2 4 1 49
-6 0 -1 0 2 0 1 0 -1 2 -1 5 -1 50
-3 0 -1 0 1 61
-9 0 5 0 4 0 1 0 2 2 -3 0 -3 2 1 0 1 0 1 50
15 0 -22 0 -26 0 -3 1 -1 1 3 0 6 2 1 0 2 0 1 2 1 1 -1 5 -1 39
39 0 -9 0 -13 0 2 0 -5 0 -3 2 -2 55
57 0 -3 0 -2 0 -1 0 -1 0 -1 58
58 0 1 0 1 0 -1 0 -1 59
43 0 15 0 12 0 -2 0 -4 0 -2 0 1 2 1 2 1 51
38 0 -18 0 -11 0 1 0 8 0 4 0 1 0 7 0 7 0 1 1 1 0 -3 0 -1 0 1 2 -1 0 -2 5 1 39
61 0 -3 0 -4 0 -2 0 -3 0 -2 1 -1 0 -2 0 -1 2 -1 0 -1 0 -1 49
60 0 1 0 -5 0 3 0 1 0 -3 1 2 0 1 0 -1 2 1 1 -1 49
55 0 8 0 -13 0 -1 0 6 0 -5 2 1 0 -1 2 1 0 -1 4 1 45
38 0 6 0 -10 0 1 0 -9 0 6 1 1 0 -2 3 -2 0 2 0 1 49
36 0 -3 0 6 0 1 0 3 0 -2 1 -1 0 3 0 -1 2 1 0 -1 5 1 44
46 0 -2 0 -4 0 -1 0 1 0 -3 2 -2 5 -1 49
48 0 -1 0 -2 1 -2 0 1 3 -1 2 -1 51
51 0 -2 3 -1 3 -1 54
57 0 -2 0 -1 61
56 0 3 0 -4 0 -1 0 2 0 -2 3 -1 54
47 0 4 0 -7 1 -1 0 1 2 -1 55
41 0 1 0 -1 61
39 0 1 0 -1 61
36 0 1 62
28 0 5 2 1 2 -1 0 -1 55
28 0 -4 0 -7 0 -1 0 -1 0 -1 1 2 0 2 55
16 0 10 0 7 0 2 1 1 1 -2 0 -2 3 -1 51
10 0 -2 0 -1 1 -1 4 -1 54
12 4 1 3 -1 54
14 0 -4 3 1 0 1 0 -1 0 1 0 -1 1 1 52
-1 0 9 0 -5 0 5 0 -2 1 1 2 -1 1 1 52
-6 1 -2 61
-2 0 -3 0 -2 0 2 2 -1 57
19 0 1 0 1 0 -7 0 -3 0 -1 0 -1 57
3 0 6 0 3 0 1 0 1 1 1 57
-7 0 5 0 1 61
-10 0 -3 0 -3 0 1 0 2 0 1 58
2 0 -5 0 -4 0 -2 0 -2 0 -1 58
3 0 1 0 -1 1 1 0 1 58
4 0 -1 0 -3 61
5 0 -1 0 -1 0 1 0 -1 59
6 1 -1 61
2 0 3 0 1 4 -1 0 -1 55
-1 1 -3 1 1 0 1 2 1 55
3 0 -2 0 -3 1 -1 0 -1 58
4 0 1 3 -1 58
1 0 2 0 -1 61
0 6 -1 56
-1 0 -1 62
-1 0 1 0 1 61
-3 1 1 61
-2 0 -1 62
-3 0 1 62
-6 0 1 0 1 0 2 60
-4 0 -1 62
-4 0 1 0 -1 61
-5 1 -1 61
-2 0 -2 0 -1 1 1 59
-1 2 1 0 -1 59
-2 0 2 0 1 61
-3 0 -1 0 1 61
-2 0 1 0 1 61
-4 0 1 0 1 61
-3 1 1 0 -1 60
-4 1 1 61
-6 0 -1 1 1 60
-4 3 -1 59
-5 1 1 2 1 58
-4 1 1 2 1 58
-3 0 -1 3 1 58
-2 63
-1 0 -1 62
-3 0 4 1 -1 60
-3 0 -2 1 -2 60
-3 1 1 61
-4 0 1 0 1 61
-4 1 1 61
-5 0 1 62
-6 0 1 62
-8 0 1 7 -1 54
-11 0 -1 1 1 0 -1 0 1 58
-8 0 -1 0 1 61
-4 0 -2 0 3 5 1 55
0 0 -1 0 1 1 1 59
1 63
-1 0 1 0 1 0 1 0 -1 0 1 1 -1 56
-1 1 1 61
-1 1 1 61
-1 4 -1 58
-1 0 1 0 -2 1 1 0 -1 58
-3 0 1 0 -4 2 -1 58
-6 0 1 0 -4 61
-11 0 4 0 -2 61
-11 0 -4 0 1 0 -1 60
-7 0 -1 62
-6 63
-6 0 -2 0 -1 0 1 60
-8 0 5 0 -1 0 2 2 -1 57
-5 0 -1 0 -2 1 1 0 -1 0 -1 0 1 0 -1 55
2 0 -3 1 -1 3 -1 56
5 0 -1 0 -2 2 -1 1 1 0 1 55
4 2 1 0 1 0 1 2 -2 0 -1 54
8 0 -1 0 -5 1 1 0 2 1 1 0 1 55
10 1 2 0 -1 0 -4 0 -3 2 1 3 1 51
7 0 -2 0 2 0 3 0 8 0 6 1 -4 0 -9 0 -4 2 2 0 3 0 2 4 -1 0 -1 43
27 0 -13 0 -35 0 1 0 4 0 4 0 -1 0 3 0 14 0 4 2 -1 0 -2 4 -3 0 -2 5 1 7 1 30
56 0 -10 0 -11 0 -2 0 -10 0 -7 1 -2 0 -7 0 -4 2 -1 0 -3 0 -2 3 1 5 1 0 1 38
63 63
63 63
63 3 -1 59
63 63
47 0 21 0 -16 0 -4 0 8 0 -2 0 1 0 3 0 -3 0 -1 1 -1 0 3 11 1 39
17 0 -7 0 5 0 5 0 -7 0 3 1 -4 0 4 4 -1 50
37 0 -4 0 5 0 -2 0 2 0 -1 1 1 56
37 0 3 0 3 0 -1 1 1 2 -1 55
31 0 2 0 -1 5 1 55
26 0 2 62
21 0 2 0 1 61
16 0 2 0 4 0 1 60
13 0 4 0 4 1 -1 0 -3 2 1 0 1 4 -1 49
1 0 6 0 6 0 1 0 1 0 -1 1 -1 0 -2 0 -1 54
-6 0 1 0 1 1 2 0 3 2 -1 0 -1 54
-25 0 -4 0 6 0 1 0 -2 0 -3 1 1 0 -2 0 1 54
-11 0 -7 0 16 1 -2 1 -1 0 -1 0 1 0 1 54
4 0 -5 0 11 0 -1 0 4 0 -6 2 2 5 -1 49
10 0 -2 2 -1 0 -1 1 1 0 -4 0 3 8 -1 0 1 44
17 0 -5 0 11 0 1 0 -2 0 1 1 -1 0 4 0 -1 2 -1 5 1 45
34 0 -8 0 3 0 -2 0 4 0 -6 2 -1 0 1 4 -1 4 -1 44
40 1 -10 0 -1 0 3 0 -2 3 -1 3 1 0 -1 49
28 0 10 0 -20 0 1 0 3 0 -4 1 -1 0 -1 0 -3 2 1 51
13 0 2 0 -27 0 3 1 3 0 -1 0 -1 0 -2 0 3 2 -2 0 -1 0 1 2 1 0 -1 45
28 0 -16 0 -31 0 4 0 -4 0 -4 1 4 0 3 3 1 0 1 5 1 44
54 0 -5 0 -7 0 -2 0 -4 0 -2 1 -1 0 -1 0 -1 54
51 0 5 0 -3 0 2 0 -3 0 1 1 2 0 -1 3 -1 51
56 0 -4 0 3 0 -1 0 1 0 -1 58
48 0 14 0 9 0 -4 0 -5 0 -1 0 1 0 1 1 1 54
32 0 -17 0 -10 0 6 0 14 0 2 1 7 0 6 1 1 0 -1 0 -5 1 1 2 -1 0 -1 5 1 39
62 0 -2 0 -2 0 -2 0 -2 0 -1 0 -1 0 -1 0 -2 0 -1 1 -1 0 -1 0 -1 50
63 63
63 63
63 63
63 63
52 0 10 0 -17 1 6 0 -5 0 1 0 1 0 -2 3 2 0 -3 4 1 0 -1 44
37 0 3 0 -4 0 1 0 -11 0 9 2 2 0 -1 2 -3 0 2 4 1 0 -1 44
46 0 -8 0 10 0 -1 0 4 0 -3 1 -1 0 1 0 1 2 1 51
56 0 -1 0 -2 1 1 0 -1 1 1 0 -1 55
58 0 -1 0 -1 1 -1 0 1 58
59 63
59 1 -1 61
53 0 5 0 -6 1 2 0 -1 2 -1 55
43 0 4 0 -4 1 -2 0 1 2 1 55
36 0 3 62
35 0 -3 0 -5 4 2 0 2 55
28 0 9 0 5 0 1 0 2 0 1 1 -3 0 -3 55
25 0 -3 0 -8 0 -1 0 -1 0 -2 1 1 0 2 0 -1 2 1 0 1 50
27 1 -3 1 -1 0 -3 3 -1 4 -1 49
24 0 1 0 -4 0 2 1 -2 1 1 1 -1 54
26 0 -1 0 -1 2 -3 3 -1 54
14 0 15 0 -6 0 -1 0 1 2 2 0 -1 55
-1 0 -1 0 -1 61
1 0 -3 0 -1 0 2 2 -1 57
11 0 8 0 4 0 -4 2 -1 0 -1 56
-4 0 2 0 2 0 1 0 1 0 1 58
-7 0 2 0 -2 0 1 0 1 0 1 2 -1 55
0 0 -6 0 -5 1 -1 3 1 55
7 1 -1 61
6 0 1 0 1 1 -1 59
6 0 -1 62
7 0 1 2 -1 0 -1 58
5 1 2 61
3 0 1 3 -1 58
3 1 1 2 -1 58
3 0 1 0 3 2 -1 2 -1 55
1 1 1 61
0 1 2 0 1 60
1 0 -1 0 1 61
2 4 -1 58
0 0 1 3 -1 58
-1 1 -1 61
-1 1 -2 61
-2 1 -3 0 1 0 1 0 -1 3 1 54
-1 0 1 0 -4 1 -1 0 -1 1 1 56
-2 1 -2 5 -1 0 -1 54
-2 0 1 0 -2 0 -1 0 -1 0 1 1 1 0 1 0 -1 2 -1 0 -1 5 1 6 -1 37
-6 0 2 0 3 0 -1 0 -1 0 -3 2 1 0 3 4 -3 5 2 6 -1 36
-5 0 -3 0 6 0 -1 0 -1 0 -5 3 4 4 -2 5 1 43
-3 1 4 1 2 0 -3 2 -1 0 3 3 1 0 -2 5 1 43
-2 0 -1 0 -1 1 1 0 -1 58
-2 1 -1 2 -1 58
-3 0 1 0 -1 61
-3 1 -2 2 -1 58
-3 1 -2 2 -1 58
-3 0 -1 0 -3 2 -1 58
-2 0 -1 0 -3 61
-1 1 -2 61
-1 1 -1 2 -1 58
-1 63
-1 63
-1 63
0 0 -1 62
0 0 2 0 -2 1 1 59
-3 0 -1 2 -1 59
-1 1 -1 1 1 0 -1 58
-2 0 1 0 -2 5 -1 55
-2 0 -1 0 -2 61
-1 1 -1 2 -1 58
-1 1 -1 61
-1 1 -2 2 -1 58
-2 1 -3 2 -1 58
-8 0 3 0 -2 0 1 0 -3 0 1 58
-8 0 -1 2 1 59
-6 0 -1 0 2 1 -1 0 1 58
-1 0 -2 0 3 1 1 0 -1 58
0 0 1 0 -2 0 1 0 1 2 1 56
0 1 -2 61
0 0 1 0 -2 2 1 58
-1 1 -1 2 1 58
0 63
0 1 -1 61
-2 0 1 0 -1 61
-7 0 4 0 -1 61
-13 0 -1 1 1 0 -1 59
-8 0 -2 0 1 61
-6 63
-5 0 -3 1 1 60
-6 0 5 0 -1 0 1 60
-7 0 -3 0 1 0 2 1 1 1 -1 0 -1 55
0 0 -2 0 -1 0 1 0 -1 0 1 2 -1 0 -1 54
6 0 -3 0 -3 0 1 0 2 0 1 2 2 55
11 1 2 0 -1 0 -4 0 -4 6 1 0 1 50
12 0 -5 0 -4 0 2 0 11 0 9 1 -2 0 -8 0 -4 3 2 0 2 3 1 5 -1 0 -1 38
32 0 -12 0 -34 0 1 1 -2 0 -1 0 3 0 13 0 4 2 1 0 3 4 -3 0 -2 5 -1 7 1 30
58 0 -7 0 -8 0 -3 0 -8 0 -5 1 -3 0 -7 0 -4 2 -2 0 -3 0 -2 3 -1 0 -1 0 -1 43
63 63
63 63
63 63
63 63
63 63
63 3 -1 59
63 63
33 0 32 0 -12 0 2 2 -1 0 4 0 -5 0 -2 1 1 0 1 3 1 2 -1 44
15 0 -9 0 5 1 -1 0 5 1 -2 0 2 5 1 49
28 0 -3 0 4 0 -1 4 1 55
28 0 2 0 3 1 1 59
23 0 3 0 3 1 -1 0 -1 2 1 0 1 54
14 0 5 0 9 0 -1 0 -1 0 -2 2 -1 4 1 50
2 0 3 0 5 0 1 0 3 0 3 2 -2 0 -1 54
-2 0 2 0 -1 4 1 0 3 0 2 54
-6 0 3 0 6 1 -3 0 -4 2 -1 3 1 0 1 50
-16 0 6 0 12 2 1 1 -1 0 -2 55
-52 0 1 0 3 0 1 0 -2 0 5 1 -1 56
-52 0 -1 0 10 1 -2 0 5 3 1 54
-45 0 -5 0 15 1 -1 0 4 58
-32 0 -7 0 22 1 -1 0 4 1 -1 0 1 0 1 54
-15 0 -8 0 21 1 1 3 1 0 1 54
0 0 -6 0 14 0 1 0 1 0 -2 1 1 0 -1 0 1 2 1 0 -2 4 1 0 -1 0 1 43
18 0 -10 0 22 1 -4 0 4 0 -1 1 1 0 1 2 -1 0 4 0 -1 10 1 0 -1 37
42 0 -11 0 22 1 5 0 -10 0 -1 0 -1 0 3 0 2 2 2 0 -3 4 -1 0 2 44
53 0 1 1 1 0 2 0 -5 0 -1 0 1 0 -2 0 1 4 -1 49
59 0 -2 1 -1 1 -1 2 -1 55
60 63
59 0 2 0 -1 0 -1 0 1 0 -1 1 -1 0 1 55
47 0 7 0 -1 1 -5 0 3 0 1 0 2 0 -3 4 1 50
25 0 4 0 1 0 11 0 14 0 4 0 -3 0 -6 1 -1 0 1 1 -1 0 -1 0 1 2 1 5 -1 40
60 0 -7 0 -4 0 -5 0 -5 0 -2 0 -2 0 -3 0 -3 0 -1 0 -1 0 -1 0 -1 0 -1 50
63 63
63 63
63 63
63 63
63 63
63 63
63 0 1 0 -1 1 1 3 1 55
51 0 7 0 -15 0 1 0 4 0 -5 1 2 0 -4 3 2 0 -4 4 1 0 -1 5 -1 38
44 0 -1 0 1 0 1 0 -10 0 8 2 4 0 -2 2 -3 0 2 4 2 0 -1 44
53 0 -4 0 11 0 -2 0 3 0 -4 3 1 54
56 0 -2 0 3 0 1 0 3 0 -2 2 -2 0 1 3 1 50
58 1 1 61
58 1 1 61
55 0 3 0 -2 1 1 0 -1 2 1 55
46 0 4 0 -6 0 2 0 -1 0 -2 1 1 56
33 0 9 0 5 0 1 0 1 2 -3 0 -3 55
31 0 -5 0 -6 0 -1 0 -2 2 1 0 2 3 1 51
31 0 4 0 1 61
23 0 3 0 2 61
19 0 1 0 3 1 -1 0 1 58
18 0 -1 0 4 2 1 58
20 0 -1 0 1 0 -2 0 4 1 1 0 -2 0 1 55
3 0 5 0 -3 0 4 0 -3 1 1 0 -1 56
6 0 -8 0 -2 0 4 0 2 1 -1 57
6 0 11 0 -1 0 2 0 1 2 -1 56
0 0 -1 0 -3 61
4 0 -3 0 -3 61
8 3 -1 59
6 0 1 6 -1 55
6 1 -2 5 1 55
7 0 1 0 1 0 -1 0 -1 0 -1 58
0 0 3 0 4 0 1 60
-1 1 3 61
-3 0 2 0 4 61
-7 0 1 0 3 2 1 58
-6 0 -1 0 2 2 1 58
-4 1 1 2 1 58
-5 0 1 0 1 61
-3 0 -2 0 2 1 1 59
0 63
-1 63
-2 0 3 0 3 0 -1 0 -3 0 -2 1 1 0 3 0 2 3 -1 0 -1 4 1 44
-8 0 -2 0 11 0 5 0 4 0 -2 0 -2 0 -5 0 -5 0 -2 0 1 0 2 0 2 0 3 0 1 1 -1 0 -1 8 -1 37
13 0 -3 0 -13 0 -1 0 -1 0 -1 1 1 0 3 0 1 54
0 0 13 0 15 0 1 0 -8 0 -12 1 -2 0 -3 2 -1 0 3 0 5 4 -1 0 -2 0 1 4 -1 7 1 30
-16 1 13 0 3 0 11 0 14 1 -3 0 -8 0 -2 3 -2 4 -1 0 -3 0 -1 12 1 30
-7 0 -7 0 -32 0 2 0 6 0 10 0 -1 0 3 0 10 0 5 3 -1 4 -1 1 1 4 1 0 2 37
11 0 -7 0 -36 0 -1 0 -2 0 -9 2 2 0 -2 2 1 0 3 0 2 3 1 0 2 0 2 5 -1 7 -1 29
21 0 -2 0 -26 0 -1 0 -3 0 -12 2 1 0 -4 3 -1 0 -4 49
22 0 1 0 -22 2 -14 2 1 0 -3 4 -2 5 -2 43
18 0 2 0 -24 1 1 0 -12 2 -3 0 2 3 -3 0 1 4 -2 6 -1 0 1 36
13 0 3 0 -23 1 -1 0 2 2 -6 0 8 3 2 0 -1 3 -1 0 2 44
5 0 6 0 -12 0 -1 0 -6 0 9 0 1 0 1 0 2 0 -5 1 -1 0 -1 0 2 0 1 3 1 0 -2 6 1 37
-4 0 -3 0 4 0 1 0 3 0 -3 1 -1 0 -2 0 2 2 1 1 -1 3 -1 6 1 38
0 1 -2 61
1 4 -1 58
0 1 1 61
-1 63
-2 0 1 0 1 61
-3 0 1 0 3 1 -1 0 -1 58
-5 0 1 0 4 61
-6 1 3 61
-4 0 -2 0 3 61
0 0 -2 0 1 1 1 59
0 0 3 0 -1 4 1 56
-1 0 -1 0 1 61
0 63
0 1 -1 61
0 1 -1 61
0 63
-1 63
0 0 -2 1 1 60
2 0 3 0 -3 0 -1 0 2 0 -1 58
-8 0 3 0 -2 0 1 0 -3 0 1 58
-8 0 -1 0 1 1 1 59
-8 1 1 1 -1 59
-5 0 -2 0 3 61
0 0 -2 0 3 2 -1 58
3 0 -1 2 1 59
4 63
4 1 -1 2 -1 58
2 1 -2 61
2 0 1 0 -1 61
-2 0 3 0 -2 61
-10 0 3 0 -2 0 1 60
-10 0 -2 0 1 61
-6 0 -1 0 1 61
-5 0 -2 1 2 60
-5 0 6 1 1 60
-5 0 -4 0 -1 1 1 0 1 0 -1 1 -1 0 -1 54
15 0 -6 0 -7 0 -3 2 -1 0 1 0 2 0 -1 2 1 51
11 1 -6 0 7 0 6 0 5 0 -2 0 -5 0 -6 0 -2 1 2 0 2 0 1 50
41 0 -14 0 -29 0 -2 0 -5 0 -7 0 -1 0 1 0 8 3 3 0 5 0 -1 2 1 7 -1 38
61 0 -4 0 -4 0 -2 0 -4 0 -3 0 -1 0 -2 0 -4 0 -2 1 -1 0 -2 0 -2 0 -1 3 -1 0 -1 0 -1 5 -1 37
63 63
63 63
63 63
63 63
63 63
63 63
63 63
62 0 1 0 1 0 -1 0 -1 0 -1 1 1 0 1 0 1 2 -1 0 -1 50
51 0 6 0 14 0 1 0 -5 0 -2 0 1 1 -1 3 -1 0 2 50
43 0 3 0 16 0 -2 0 4 0 -5 0 1 0 1 0 2 0 1 4 -1 3 -1 45
23 0 4 0 1 0 2 0 1 0 -1 0 1 0 2 0 -1 0 -1 1 1 1 -1 50
16 0 2 0 6 0 1 0 -2 0 -1 58
11 0 3 0 9 1 1 0 2 1 -1 0 -2 55
4 0 2 0 2 1 1 0 2 1 1 0 2 0 2 3 -1 50
-2 0 4 0 6 1 -3 0 -4 3 1 3 1 50
-11 0 5 0 13 4 -1 0 -2 55
-21 0 4 0 9 1 1 0 2 2 1 0 1 54
-29 0 3 0 6 2 -1 2 1 0 1 54
-33 0 2 0 7 2 -1 3 1 54
-49 0 4 0 4 0 2 0 2 0 -2 1 1 56
-54 0 6 0 1 1 1 0 -1 2 -1 55
-55 0 -4 62
-52 2 1 60
-41 0 -4 0 -3 0 -1 1 1 2 -2 0 1 54
-32 0 -8 0 1 0 2 1 3 0 -1 0 -1 1 1 54
-13 0 -5 0 -4 0 -2 1 4 1 1 0 -1 0 3 54
-3 0 -7 1 1 0 -1 0 4 1 -1 0 2 4 1 50
15 0 -9 0 3 1 -2 0 2 0 -1 1 -3 0 3 3 -2 0 2 4 -1 0 1 43
35 0 -8 0 14 1 -3 0 4 2 3 3 -1 0 2 4 1 0 -1 44
51 0 -6 0 12 1 4 0 -4 3 1 2 1 0 -1 5 1 44
57 0 -1 0 2 1 1 0 -1 2 -1 0 1 54
56 0 3 0 -1 0 -1 0 1 2 -1 0 1 0 -1 54
50 0 -7 0 -5 0 6 0 -5 0 -3 0 1 0 3 1 -1 0 -1 0 1 0 1 0 -1 0 -1 3 1 45
60 0 -2 0 5 0 1 0 1 0 -2 1 -1 1 1 2 1 51
63 63
63 63
63 63
63 63
63 63
63 63
63 63
63 63
63 63
55 0 7 0 -12 0 -2 0 4 0 -5 0 1 1 -1 0 -2 2 1 0 -2 0 -1 3 1 0 -1 0 -1 43
48 0 -13 0 -7 0 3 0 -6 0 4 0 2 0 -2 0 4 4 1 3 -1 0 1 45
61 1 -1 61
59 0 1 0 -2 61
55 0 3 0 2 0 -1 0 -1 3 1 55
39 0 10 0 8 0 1 0 2 2 -3 0 -3 3 1 51
35 0 -5 0 -6 1 -1 2 2 0 2 3 1 51
36 0 4 0 1 1 -1 59
27 0 4 0 2 61
21 0 2 0 1 61
17 0 2 62
13 0 1 62
16 0 -7 0 3 0 3 0 -1 59
13 0 13 0 -3 0 1 0 1 2 2 0 -1 55
10 0 -10 0 -1 0 3 2 1 57
7 0 8 0 1 0 3 2 1 57
2 0 -1 1 1 0 1 0 1 2 -1 55
8 0 -2 0 -1 0 -1 0 -1 59
7 0 2 0 1 61
6 1 1 61
5 0 1 0 1 61
2 0 3 0 1 61
-4 0 2 62
-5 0 -1 0 1 61
-6 0 1 0 -3 0 1 0 1 0 1 58
-2 0 -4 0 -4 2 -1 2 1 55
1 1 -2 2 -2 58
-1 0 1 0 -3 61
-2 0 1 0 -4 61
-1 0 -1 0 -2 1 -1 0 -1 58
1 0 -2 0 -3 0 1 0 3 0 2 0 -1 1 -2 0 -2 3 1 0 1 49
7 0 9 0 -4 0 -9 0 -11 0 -4 0 1 0 6 0 6 0 1 1 -1 0 1 0 1 3 -1 0 -2 4 1 0 1 39
-27 0 4 0 4 0 3 0 6 0 4 0 1 0 2 0 2 0 1 1 1 1 -1 5 -1 44
-7 0 -20 0 1 0 -3 0 -16 0 -8 0 1 0 9 0 9 0 1 0 -1 0 2 0 5 0 1 3 -4 0 -3 0 -1 3 -1 1 1 0 1 4 1 32
-13 0 14 0 17 1 13 0 10 0 2 0 -1 0 -1 0 1 1 -1 0 -6 0 -6 3 1 2 1 4 -1 0 -1 5 1 0 1 30
-7 0 -24 0 -24 0 -1 0 10 1 -1 0 5 0 2 0 -1 2 -5 1 1 3 3 0 2 0 -1 3 2 1 -1 5 -1 0 -1 12 1 0 1 16
31 0 -11 0 -14 0 -3 0 -7 0 -5 0 -1 0 -2 0 -4 0 -3 2 -1 0 -1 0 -1 49
39 3 -2 0 -2 1 -1 0 -2 0 -1 2 1 0 1 0 -1 49
38 0 1 2 1 0 1 2 1 0 1 54
32 0 7 0 7 0 -1 0 -7 0 -7 1 1 0 5 0 4 3 -3 0 -2 4 1 0 1 43
18 0 4 0 26 0 1 0 -2 0 -14 2 -1 0 2 3 3 0 2 4 -2 0 -2 43
17 0 -2 0 24 1 2 0 -11 0 1 0 1 1 -1 1 -1 0 -1 0 -1 0 3 4 1 7 -1 7 1 28
24 0 -6 0 14 0 1 0 6 0 -12 1 -1 0 -3 0 6 2 1 0 -1 0 -2 3 -1 0 2 6 -1 37
33 0 -1 0 -2 2 1 2 -2 0 2 2 -1 6 -1 0 1 43
23 0 9 0 -13 0 1 0 7 0 -7 1 2 0 6 0 -6 2 2 0 1 0 -2 3 2 0 -1 0 -1 4 1 0 -1 37
12 0 7 0 -20 0 -3 0 -2 0 3 1 2 0 -11 0 3 1 -1 0 -1 0 3 4 -3 0 2 0 1 4 1 7 1 30
-3 1 4 0 3 0 -1 1 1 0 -3 0 3 0 -2 1 -1 0 3 0 -4 0 1 2 1 0 -2 0 2 0 -1 5 -1 37
-2 0 1 0 3 2 -1 58
-5 0 1 0 3 1 1 0 1 2 -1 55
-6 1 -1 1 1 0 2 58
-6 0 -1 0 -4 2 1 58
-4 0 -1 0 -5 61
-4 1 -5 61
-4 1 -4 2 1 58
-3 0 -2 0 -1 1 -1 0 1 58
1 0 -1 1 -1 0 1 59
1 1 -2 61
1 63
1 63
0 63
0 63
0 0 1 62
1 0 -2 1 1 60
5 0 -1 62
3 0 3 0 -3 0 -1 0 2 0 -1 58
-7 0 4 0 -3 0 1 0 -2 0 1 58
-8 0 -1 1 -1 0 1 59
-10 0 2 0 1 1 -1 59
-13 1 4 0 1 1 1 58
-7 0 -4 0 6 1 -1 0 1 2 1 55
2 0 -3 0 3 0 -1 0 2 0 -1 58
3 3 -1 59
4 63
4 1 -1 61
1 0 3 0 -2 61
-6 0 3 0 -1 61
-9 1 -1 0 1 60
-7 0 -1 62
-6 0 -1 0 -1 0 1 1 1 58
-5 0 4 1 -1 60
-1 0 -11 0 2 0 4 0 -1 0 -1 0 -1 0 1 0 1 55
36 0 -20 0 -6 0 -2 0 8 0 -2 1 3 0 2 0 -1 1 -1 0 -2 3 -1 0 -1 0 -1 45
46 0 -2 0 -3 0 11 0 -6 0 -4 0 -1 0 2 0 -2 0 -1 1 -1 2 -1 1 -1 0 1 46
63 0 -1 0 1 0 -1 0 1 0 -1 1 1 0 -1 55
63 63
63 63
63 63
63 63
63 63
63 63
59 0 5 0 7 1 -4 0 -4 2 3 0 2 4 -1 3 -1 45
46 0 7 0 19 1 -1 2 -1 0 -5 0 -2 8 1 0 1 44
30 0 7 0 11 0 1 0 3 0 5 2 3 0 2 2 -1 51
21 0 5 0 7 0 -1 1 -2 2 1 0 1 3 1 50
13 0 2 0 8 5 -3 0 -1 54
9 0 2 0 3 1 1 0 3 1 1 0 2 0 1 3 -1 50
3 0 4 0 6 1 -3 0 -5 2 2 0 2 3 1 50
-10 0 7 0 18 1 -2 0 -3 1 -1 0 -2 0 1 4 -1 49
-25 0 6 0 18 1 1 0 1 3 2 54
-36 0 4 0 14 1 1 4 1 3 1 50
-42 0 2 0 11 1 1 0 2 2 -1 55
-47 0 2 0 8 1 1 0 3 58
-51 0 2 0 6 1 1 0 3 58
-54 0 1 0 4 2 2 58
-57 1 -3 2 1 58
-56 0 -1 0 -5 1 1 0 2 58
-54 1 -3 1 -3 0 1 2 1 55
-53 0 -1 0 2 2 -1 58
-48 0 -3 0 4 0 -1 0 -1 0 1 1 -1 0 -1 0 1 54
-46 1 7 0 1 0 -1 0 2 2 -1 0 1 54
-38 0 -8 0 15 0 2 0 -1 0 6 0 -1 0 -1 1 2 2 -1 51
-22 0 -6 0 14 0 1 1 5 0 -1 1 1 4 1 0 -1 49
-2 0 -10 0 9 2 4 0 -1 0 1 0 2 0 -2 54
18 0 -6 0 4 0 -1 0 2 1 -1 0 1 1 1 54
31 0 -7 0 5 2 -2 1 -1 0 2 5 -1 49
43 0 -5 0 1 2 -1 2 -3 0 3 54
50 0 -2 0 4 1 -1 0 3 2 1 0 -1 3 1 50
52 0 -1 0 5 1 1 0 -2 2 1 0 -1 54
51 0 -1 0 -1 0 1 1 -2 1 1 0 -2 3 1 0 -1 50
54 1 2 1 -1 0 3 3 1 54
57 0 -3 0 7 5 2 0 -1 54
61 0 -2 0 3 1 2 0 -2 2 -1 0 1 54
63 63
63 63
63 63
63 63
63 63
63 63
63 63
62 0 1 1 1 60
62 0 1 2 -1 59
61 0 1 62
55 0 6 0 -1 0 -2 0 1 0 -1 0 1 0 -1 56
37 0 -1 0 -4 0 6 0 -2 0 -1 0 1 1 -1 55
42 0 4 1 -1 0 -1 59
32 0 5 0 2 61
23 0 3 0 1 61
19 0 1 0 1 61
16 0 1 62
12 0 3 0 1 0 -1 0 -1 59
9 0 -6 1 4 0 1 0 1 0 1 0 1 56
15 0 1 0 1 0 -2 0 2 1 2 0 -2 0 1 2 -1 52
12 0 -9 0 -1 0 2 0 -1 1 1 57
6 0 5 0 -1 0 4 0 2 0 1 0 1 57
7 0 -1 0 -1 0 -1 0 -1 0 -1 58
8 0 -1 0 1 0 -1 3 1 0 1 55
6 0 2 0 1 0 1 0 2 0 -1 58
4 0 1 0 1 1 -2 0 1 1 1 4 -1 51
4 1 1 0 -1 0 2 0 -2 2 -1 55
4 0 1 0 -3 0 -1 0 1 59
0 0 -1 0 -5 0 1 0 1 0 1 58
3 0 -1 0 -5 1 -1 0 -1 58
5 1 -3 2 -1 58
5 1 -2 2 -1 58
3 0 1 0 -2 0 1 0 -1 59
2 0 1 0 -1 1 -1 0 1 58
2 2 1 0 1 59
11 0 -8 0 -13 0 1 0 3 0 2 0 -1 0 1 0 2 9 -1 45
27 0 -2 0 -6 0 -3 0 -4 0 -3 4 -1 0 -2 0 -1 0 -1 0 -1 3 1 45
-11 0 20 0 10 0 11 0 15 0 2 0 -1 0 -3 0 -4 0 -1 0 1 0 -2 0 -4 0 1 0 1 1 -1 0 -3 0 -1 0 -1 4 1 6 1 32
-18 0 2 0 1 1 -9 0 -3 1 -1 0 -3 2 -1 0 6 0 4 0 -2 2 1 0 2 5 -3 0 -2 0 1 12 1 0 1 5 1 5 -1 11
-24 0 5 0 1 1 -5 0 -2 0 1 0 3 0 9 0 2 1 1 0 4 0 2 0 1 1 1 1 -3 1 1 3 1 0 1 6 1 7 -1 23
-12 0 -30 0 -14 0 10 0 21 0 3 1 3 0 8 0 -1 1 -6 0 -10 0 -1 4 -3 0 -1 3 1 0 1 0 -1 0 -1 4 -1 32
39 0 -3 0 -4 0 -1 0 -2 0 -2 0 -1 0 -2 0 -2 0 -1 1 -1 0 -1 0 -1 0 -1 1 -1 0 -1 0 -1 0 -1 44
41 3 1 2 -1 0 -1 3 -1 51
41 1 -1 6 -1 54
13 0 27 0 23 0 1 0 -6 0 1 0 2 0 -7 0 -9 0 1 0 -1 1 3 4 1 0 2 5 -1 39
-21 0 3 0 3 0 5 0 4 0 2 1 2 0 3 0 2 0 1 0 1 0 1 0 2 0 1 0 1 2 1 0 1 0 1 43
-23 0 3 0 1 1 -2 0 1 1 1 0 -3 0 -2 3 1 0 -1 3 -1 1 1 5 -1 37
-24 0 -5 0 -1 0 6 0 7 0 -1 0 -2 0 -2 1 3 0 1 0 -1 0 1 0 -1 2 1 1 -1 0 -1 13 1 30
-11 0 11 0 -15 0 -7 0 -11 0 3 0 -2 0 5 0 4 0 5 1 2 0 -2 0 1 0 -3 2 -1 1 -1 6 1 37
-26 0 -5 0 20 0 2 0 -5 0 5 2 -2 0 1 1 -1 1 -2 0 3 4 -2 0 2 43
-1 0 -17 0 33 0 2 0 3 0 -2 0 -1 0 -3 0 8 0 1 3 1 4 2 0 -1 5 1 0 -1 6 -1 30
31 0 -4 0 2 0 -2 0 2 0 -1 0 -1 0 2 0 -2 2 2 0 -2 0 2 0 -1 1 1 0 -1 0 1 0 -1 4 1 39
27 0 8 0 -7 0 -2 0 6 0 -5 1 -2 0 7 0 -4 2 -1 0 3 0 -1 3 1 5 -1 0 1 38
6 0 11 0 -18 1 -8 0 4 0 1 0 3 0 -4 0 1 2 -6 0 5 0 1 9 -1 0 2 14 1 23
-2 0 -3 0 -1 0 -1 0 1 0 -2 1 1 0 -1 4 1 50
0 3 -1 0 -1 58
0 1 1 61
1 1 2 61
1 1 2 61
1 1 2 61
1 1 1 61
1 1 1 61
1 1 1 61
1 63
0 63
-1 63
0 0 -1 62
1 1 -1 0 -1 60
1 0 -3 0 -1 0 1 60
5 63
5 63
4 0 2 0 -3 0 -1 0 2 0 -1 58
-4 0 3 0 -5 0 1 0 -2 0 1 1 1 0 -1 55
-8 0 1 0 -2 1 1 3 1 55
-9 0 1 0 -6 0 -1 3 1 0 -1 55
-13 0 1 0 -1 0 1 0 -2 0 1 2 1 55
-10 0 -4 0 3 0 1 0 -2 0 1 58
0 0 -4 0 4 0 -1 0 2 0 -1 58
2 1 1 1 -1 59
4 0 -1 0 2 1 1 0 -1 58
5 0 1 0 -1 61
-1 0 5 0 -2 1 -1 59
-5 0 -1 0 -2 1 1 59
-5 0 1 0 -2 1 -1 59
-4 0 -2 62
-5 0 5 62
-5 0 -7 0 1 0 2 2 -1 57
34 0 -32 0 8 0 -3 0 -1 0 -2 0 1 0 -6 0 2 0 1 0 1 1 1 0 -1 2 1 0 -1 6 1 39
51 0 9 0 -7 1 1 0 1 0 1 0 4 0 -4 3 1 4 1 0 -1 45
49 0 -11 0 8 1 -2 2 -2 0 3 3 -2 4 -1 6 -1 39
63 0 -1 0 1 0 -1 0 1 3 -1 55
63 63
63 63
61 0 3 0 3 0 -2 0 -3 0 -2 1 1 0 3 0 2 2 -1 0 -2 0 -1 3 1 0 1 0 1 43
47 0 7 0 20 1 -3 0 -6 0 1 0 -1 0 -5 0 -1 2 1 0 4 0 1 10 -1 0 -1 37
34 0 6 0 17 0 1 0 4 0 7 2 1 0 2 2 -1 0 -3 0 -1 3 -1 0 -1 44
24 0 3 0 8 1 -1 0 -2 2 1 0 2 3 1 50
18 0 3 0 10 1 1 0 1 1 -1 0 -2 0 -1 54
12 0 3 0 2 1 2 0 3 1 1 0 1 0 1 3 -1 50
7 0 3 0 3 1 -3 0 -3 2 2 0 1 3 1 50
0 0 3 0 11 0 -1 0 -1 0 -1 2 -2 0 -1 54
-13 0 9 0 11 0 -1 1 3 0 1 2 1 3 -1 50
-34 0 8 0 8 0 1 0 2 0 3 3 1 54
-44 0 3 0 1 1 1 0 2 2 1 0 1 54
-47 1 -2 5 1 55
-47 0 -2 0 -4 2 -1 58
-45 1 -3 61
-47 0 1 0 -3 61
-50 0 2 0 -2 61
-52 0 1 0 -1 61
-46 0 -3 0 -1 0 -2 1 -2 58
-44 0 -1 2 -1 0 -2 2 -1 55
-48 0 7 0 1 0 -2 0 1 0 -1 58
-59 2 1 60
-58 0 -1 0 2 1 -1 0 1 58
-56 0 -1 0 4 5 1 55
-53 0 -2 0 3 0 1 1 -1 58
-41 0 -12 0 3 0 5 0 2 0 2 0 -2 0 -1 0 -1 1 1 2 1 50
4 0 -13 0 -7 0 -5 0 3 1 -1 1 1 0 -1 2 1 51
15 0 -2 0 -6 0 -1 0 -4 0 3 2 -1 3 -1 51
21 0 -4 0 -2 1 2 0 2 6 1 0 -1 50
28 0 -5 0 -3 0 1 0 -3 0 4 3 1 4 1 49
39 0 -4 0 6 1 -2 0 3 2 1 4 1 50
45 0 -2 0 5 1 2 0 -3 2 2 0 -1 54
48 1 -2 1 1 0 -1 2 -2 0 2 54
48 0 1 0 1 1 -2 0 3 2 1 55
49 0 -2 0 3 1 1 0 -1 2 1 55
52 1 -1 1 1 0 -1 2 -1 0 1 54
55 0 -2 0 2 1 -2 0 3 2 -1 0 1 2 -1 0 1 5 1 44
59 0 -1 0 6 2 -2 2 2 4 -1 50
62 0 -1 0 1 0 -1 0 2 0 -1 1 1 0 -1 0 1 2 -1 0 1 50
63 63
63 63
63 63
63 0 1 62
63 1 -1 61
61 0 2 2 1 59
60 0 2 0 1 0 -1 0 -1 59
50 0 7 0 4 4 -1 0 -1 55
45 0 -3 0 -4 4 2 0 1 55
44 0 5 0 1 2 -1 58
31 0 6 0 -2 5 -1 55
21 0 3 0 -1 1 -1 0 1 2 1 55
18 0 1 62
14 0 5 0 2 0 -2 0 -2 1 1 0 1 56
1 0 -3 0 7 0 4 0 4 0 1 0 1 0 -2 0 1 0 -1 54
13 0 -6 0 -1 0 2 0 -1 59
12 0 1 0 2 0 4 0 -2 2 -1 3 1 52
14 0 -3 1 2 0 -2 1 2 0 1 56
7 2 2 0 2 0 1 0 1 0 1 0 1 3 -1 51
6 0 -1 0 1 0 1 0 2 7 -1 51
7 2 1 0 2 0 1 1 -1 0 -1 55
11 0 -1 0 -3 1 -1 59
7 0 7 1 -2 60
-3 0 -2 0 1 0 1 0 -1 59
6 0 -2 0 1 0 -1 60
6 1 2 61
7 0 -1 5 1 56
6 1 1 61
5 1 1 61
5 0 1 0 -1 1 1 59
1 0 2 0 3 0 -1 0 -3 0 -1 2 2 7 -1 0 -1 0 -1 5 1 39
13 0 -11 0 -10 0 2 0 1 0 3 0 -1 0 2 0 4 0 -1 1 1 0 1 0 -1 3 -1 0 -2 5 -1 39
34 0 -3 0 -4 0 -2 0 -3 0 -1 1 -1 3 1 0 1 51
9 0 29 0 13 0 2 0 3 0 1 1 -13 0 -8 0 1 1 1 0 1 4 4 0 1 1 1 2 -1 0 -1 6 -1 32
-16 1 2 1 -1 2 -7 0 -10 2 1 0 2 0 2 2 -1 0 2 0 3 1 -1 3 1 0 1 6 -1 6 -2 24
-25 0 5 0 8 0 -1 0 -7 0 -3 1 -3 0 -8 0 1 2 5 0 3 0 -1 2 1 0 3 5 -2 0 -1 0 1 5 -2 7 1 5 1 17
-37 0 -1 0 -3 0 2 0 4 0 2 1 1 3 1 0 1 0 2 0 1 3 1 45
27 0 -29 0 -12 0 -18 0 -13 1 -5 0 -6 0 1 0 -1 0 -1 0 1 0 3 0 -1 2 2 0 3 4 1 0 1 40
43 0 1 0 -1 0 -2 0 -1 59
43 0 -1 0 -2 0 -1 0 -1 59
37 0 14 0 5 0 -11 0 -7 1 5 0 5 2 -2 0 -2 5 -1 46
-18 0 4 0 2 0 3 0 3 0 1 0 1 0 2 0 2 0 1 0 1 0 1 0 1 0 1 1 -1 1 1 11 1 34
-22 0 -2 1 1 0 1 5 -1 10 1 0 1 41
-24 0 4 0 1 0 -1 0 -1 3 1 0 1 1 2 1 -1 3 -1 46
-29 0 -1 0 1 0 2 0 -4 0 2 1 4 0 -4 0 1 0 -1 0 -1 0 2 0 -1 1 1 4 -1 43
-31 1 10 0 -2 0 -2 0 5 0 2 0 -2 1 2 1 2 0 -1 0 1 0 1 1 -1 0 1 0 -1 0 2 6 1 37
-41 0 2 1 1 0 1 0 1 0 1 1 1 0 1 3 1 50
-43 1 -1 1 -1 59
-16 0 -26 0 29 1 -13 0 5 0 -2 0 -2 0 8 0 -1 1 1 0 -7 0 3 0 2 2 -1 14 -1 31
27 0 -12 0 14 0 -5 0 13 0 -10 1 4 0 -7 0 3 2 -1 0 2 3 1 6 -1 0 1 6 1 31
34 0 -1 0 -1 1 -1 0 -1 0 1 1 -1 0 1 2 -1 0 1 0 -1 2 1 0 -1 45
14 0 18 0 -15 1 -3 0 1 0 1 0 8 0 -9 0 -1 1 1 0 -1 4 2 0 -2 45
-3 0 -1 0 4 1 1 0 -1 12 -1 45
-2 1 1 1 1 59
-2 0 1 0 1 1 -1 59
-3 1 2 61
-2 1 2 61
-2 1 3 6 -1 54
-3 0 -1 0 3 2 -1 58
-2 1 4 2 -1 58
-2 0 -1 0 2 1 1 0 -1 58
0 63
0 63
0 63
0 1 1 61
2 0 -1 0 1 61
3 0 -1 0 2 61
5 1 1 61
5 1 1 61
5 63
2 0 3 0 -4 0 -1 0 1 0 -1 2 -1 55
-4 2 1 0 -3 0 1 2 1 55
-3 0 2 0 -3 0 -2 0 4 0 -2 2 -1 3 1 51
-12 0 2 0 -2 0 2 0 -3 0 1 1 -1 0 1 55
-10 0 -2 0 1 0 1 0 -1 2 1 0 -1 55
-1 0 -3 0 3 0 -1 0 1 0 -1 2 1 55
-1 0 2 0 -1 0 -1 3 1 0 -1 55
-2 0 -4 0 6 0 1 3 -1 0 2 55
2 0 4 1 -2 0 2 3 -1 55
-6 0 -1 0 2 0 2 0 -1 59
-1 2 -1 0 2 0 -1 58
-1 0 -2 0 -1 61
-3 0 4 0 -1 0 -1 0 1 59
-7 0 -4 0 1 0 2 0 -1 1 -1 57
13 0 -11 0 2 2 1 0 -1 0 1 0 -1 0 1 1 -1 0 1 0 -1 50
45 0 -17 0 14 0 -1 0 4 0 -1 0 -1 0 -4 0 5 0 1 1 -1 0 3 0 -1 4 1 5 1 39
50 0 10 0 -6 1 1 2 4 0 -4 3 1 4 1 0 -1 45
46 0 -9 0 9 1 -2 0 4 2 -1 0 -2 2 -2 0 2 0 1 9 -1 39
51 0 2 0 19 0 -1 0 -2 0 -8 0 1 1 1 0 1 1 -1 0 1 1 2 3 -1 1 -1 43
38 0 7 0 22 1 2 0 5 1 -1 0 -6 0 -2 2 -1 0 -4 0 -1 3 1 0 1 5 1 0 1 37
23 0 6 0 8 0 1 0 2 2 1 0 5 0 4 2 1 0 3 0 1 4 1 0 1 43
15 0 2 0 10 4 -1 0 -3 0 -1 54
11 0 1 0 1 1 3 0 4 1 1 0 1 0 1 3 -1 50
11 1 -1 1 -1 0 -2 2 1 0 1 3 1 50
9 0 2 0 6 1 -1 0 -1 2 -2 0 -1 54
2 0 4 0 5 1 1 0 2 58
-8 0 4 1 1 0 1 0 1 2 1 55
-12 0 3 0 1 0 -2 0 -2 0 -1 58
-28 0 9 0 4 0 1 0 2 0 1 1 -1 0 -1 55
-40 0 2 0 -1 2 2 3 -1 54
-44 0 1 0 -1 2 2 58
-42 0 -3 0 -2 1 1 3 1 55
-40 1 -1 1 -1 0 -1 58
-41 0 1 0 1 61
-46 0 2 0 2 2 -1 58
-50 0 1 0 2 2 -1 58
-50 0 -1 1 1 0 1 59
-58 1 3 1 -1 0 2 3 1 54
-57 1 4 2 2 3 1 54
-58 0 1 0 3 1 1 0 1 2 1 55
-59 63
-59 63
-59 63
-59 63
-36 0 -33 0 -2 0 7 0 2 0 -1 0 1 1 2 0 -1 3 1 50
16 0 -8 1 -2 0 -2 0 -1 0 -1 2 -1 54
26 0 -3 0 3 0 -1 1 -1 1 -1 0 1 0 -1 54
26 1 -1 0 1 0 -1 2 2 0 -2 55
35 0 -6 0 3 0 -1 0 2 0 -1 1 -1 0 1 3 1 51
40 1 -3 61
40 1 -3 61
41 0 -1 0 -1 1 -1 0 2 2 -1 0 1 54
45 0 -2 0 5 1 -1 0 2 2 1 55
47 0 -1 0 3 1 2 0 -3 2 1 0 -1 3 -1 50
50 1 -2 5 -2 0 1 54
50 1 2 1 -2 0 3 2 1 0 -1 54
54 0 -3 0 3 1 2 0 -1 2 1 55
58 0 -1 0 -4 2 -1 1 1 0 -2 0 1 2 1 0 -1 5 -1 44
61 0 -1 0 1 1 -1 0 2 2 1 4 1 50
63 1 1 2 -1 58
63 1 1 61
63 0 -1 62
63 0 1 0 1 61
61 0 1 2 -1 59
54 0 6 0 4 1 -1 2 -1 0 -1 55
48 0 -2 0 -3 1 1 2 1 0 2 55
48 0 4 0 2 0 -1 0 -1 59
39 0 4 0 3 61
33 0 2 0 1 1 1 59
29 0 2 0 -2 1 1 0 -1 58
21 0 4 0 -3 1 -1 59
15 0 3 0 -1 0 -1 0 1 2 -1 56
10 0 -2 0 -6 0 1 0 -1 0 -2 1 1 0 -1 0 -1 54
16 0 -4 0 -1 0 2 60
11 0 7 0 -2 0 4 1 1 1 1 0 -1 55
16 0 -2 1 -2 0 1 1 1 5 1 51
6 0 7 0 1 0 -2 0 -2 2 -2 0 -2 2 1 0 1 51
5 0 -4 0 -3 2 1 0 -1 0 -1 56
15 0 -4 0 -4 0 1 0 -1 0 -1 58
8 0 10 0 10 0 1 0 -5 0 -4 0 1 1 1 0 1 54
-5 0 2 0 15 0 1 0 2 0 -6 1 -1 1 1 54
-6 0 -1 0 4 0 1 0 3 0 -3 1 1 0 -2 0 1 4 -1 49
1 0 -3 0 2 0 -1 0 1 0 -1 58
3 0 1 0 1 61
5 0 -1 0 2 0 -1 1 -1 58
4 63
5 0 -1 0 1 2 -1 58
3 0 4 0 4 0 -2 0 -3 0 -2 0 1 0 2 0 2 2 -1 0 -1 51
13 0 -17 0 -11 0 1 0 1 0 1 0 -1 0 7 0 7 0 -1 1 1 0 3 4 -2 0 -2 4 -1 0 -2 14 1 24
35 0 -5 0 -4 1 -2 2 3 0 1 0 -1 7 -1 0 -1 45
25 0 22 0 13 0 -7 0 -11 2 -1 0 -2 0 1 1 3 0 6 0 1 0 -1 2 -2 1 1 4 -1 6 1 0 1 31
-15 0 -1 0 -1 0 1 0 6 0 3 0 2 0 -1 0 -3 0 2 0 1 1 -3 0 -1 2 1 0 3 0 4 0 2 4 1 7 1 13 -1 17
-22 0 7 0 6 1 -2 0 -1 0 3 0 -7 0 -5 0 -1 1 -2 0 -2 0 -4 0 2 2 3 0 1 5 1 0 2 5 1 7 -1 6 -1 17
-31 2 1 0 -2 0 -2 1 1 0 1 0 -1 0 1 1 1 1 -3 5 1 2 1 1 -1 0 1 5 -1 20 1 10
-12 0 -32 0 -12 0 20 0 11 1 -3 1 3 0 -1 1 -5 0 -2 0 1 0 -1 0 2 0 3 0 1 0 1 0 -1 1 1 1 -1 0 1 4 -1 0 -1 6 1 5 1 20
44 0 -2 0 -2 1 -1 59
44 2 2 0 1 6 -1 52
46 1 -1 61
26 0 36 0 4 0 -18 0 -3 1 2 0 -2 2 1 0 3 0 1 2 -1 0 -2 47
-19 0 2 0 1 3 1 0 1 7 1 0 1 12 -1 34
-1 0 -30 0 -19 0 6 0 13 0 -1 0 3 0 2 0 5 0 1 0 1 0 -4 0 -5 0 -1 0 1 0 -1 0 -1 0 1 1 -1 1 -1 1 1 0 1 6 -1 32
39 0 -5 0 -13 0 -3 0 -5 0 -9 0 -1 0 -2 0 -4 0 -7 2 -1 0 -2 0 -4 5 -2 43
35 0 7 0 -19 1 6 0 -12 2 4 0 -9 2 1 0 1 0 -4 3 1 1 -2 4 1 0 -1 37
10 0 16 0 -44 1 4 0 -6 1 2 0 -13 0 4 2 1 0 -5 0 1 3 -2 0 2 5 -1 0 1 14 1 22
-10 0 2 0 -43 0 1 0 -1 0 16 3 1 2 -1 0 1 0 -6 4 -1 0 2 4 1 1 1 7 -1 28
-19 0 11 0 -32 0 -1 0 -7 0 9 1 1 0 3 0 -1 2 -1 0 -1 0 1 2 1 0 1 0 1 0 -1 4 -1 0 1 7 -1 29
-21 0 -3 0 -8 0 -9 0 -1 0 -2 0 -2 0 -6 0 5 2 -1 1 3 0 -1 0 1 2 1 0 -1 4 -1 39
-25 0 -14 0 5 0 13 0 -20 0 9 0 -1 0 6 0 -3 0 -1 0 1 1 -5 0 2 0 2 1 -1 0 2 1 -1 3 -1 0 2 0 -1 38
33 0 -2 0 -1 0 -3 0 3 0 -2 0 -2 0 3 0 -2 1 -1 0 2 0 -1 3 1 0 -1 0 1 45
35 0 -1 0 -1 1 -1 2 -1 0 1 2 1 0 -2 0 1 3 1 46
8 0 24 0 -13 1 -7 1 1 0 8 0 -6 0 -1 1 -2 4 1 0 2 0 -1 4 -1 0 1 39
-4 0 -3 0 4 0 -3 0 3 0 -2 0 -1 0 2 0 -2 2 1 0 -1 51
-4 0 1 0 1 1 1 59
-4 63
-5 1 1 61
-5 63
-6 1 1 0 -1 60
-7 1 1 61
-7 0 1 0 1 61
-7 0 -1 0 1 2 1 58
-6 0 -1 0 3 2 1 58
-3 0 -1 0 3 61
0 0 -1 0 1 1 1 0 -1 58
2 1 -1 61
3 1 -1 61
3 63
3 0 -1 62
3 2 1 60
3 1 2 1 -1 59
2 0 1 0 1 0 -1 0 2 0 -2 2 1 55
-4 0 2 0 -1 0 1 0 -4 0 1 1 1 0 -1 0 1 2 -1 51
-3 0 3 0 -1 0 -3 0 4 0 -2 1 1 4 1 51
-9 0 1 0 -2 1 -1 59
-8 0 -2 0 -1 2 2 2 -1 55
-6 0 -2 0 2 0 1 0 -2 0 3 2 1 0 -1 2 -1 51
-8 0 6 0 -1 4 2 0 -1 55
-5 0 -6 0 5 4 -1 0 1 55
-7 0 4 1 2 0 -1 59
-4 0 -3 0 1 61
0 2 -1 60
-1 0 1 1 -1 0 1 59
-9 0 1 1 2 0 -1 59
9 0 -13 0 2 0 -1 60
21 1 1 0 1 0 -1 2 1 0 -1 0 1 1 -1 0 1 0 -1 50
32 0 -5 0 20 0 -1 0 -2 0 1 0 -1 0 -2 0 5 9 1 45
41 0 1 0 19 0 -5 0 -2 0 -9 1 1 0 -1 0 2 2 1 0 1 0 -1 3 -1 0 -1 44
18 0 8 0 13 0 3 0 2 0 -1 0 1 0 1 0 -2 0 -1 1 1 0 1 51
8 0 2 0 4 0 1 0 3 0 4 6 -1 0 -1 50
8 1 -2 2 -1 1 1 0 2 0 1 3 1 50
8 1 4 1 -2 0 -2 2 -2 0 -1 54
6 0 2 0 6 1 1 0 1 58
2 0 1 0 2 1 1 0 1 2 1 0 1 54
0 0 1 0 1 61
-4 0 2 0 1 61
-7 0 1 0 1 1 -1 0 -1 58
-6 0 -4 0 -10 0 1 0 7 0 1 2 1 3 -1 0 -1 50
-5 0 5 0 -12 0 -1 0 -4 0 -6 2 1 5 -1 49
-18 0 6 0 -3 1 -2 0 -5 2 -1 0 -1 4 -1 49
-31 0 5 3 -3 58
-40 0 3 0 1 1 -1 0 -1 2 -1 55
-40 0 -2 0 1 1 1 0 -1 58
-39 0 3 0 -1 0 -2 1 -1 2 -1 55
-50 0 3 0 -1 0 1 1 1 58
-53 1 -1 2 1 58
-47 0 -7 0 -3 0 3 0 1 1 -1 57
-40 0 2 0 -21 0 1 4 -1 0 1 4 1 49
-40 0 -1 0 -21 2 1 3 1 4 1 49
-39 0 -1 0 -22 2 1 3 1 4 1 49
-35 0 -2 0 -24 1 1 0 1 8 1 49
-32 0 -1 0 -28 0 -1 1 1 1 1 0 1 5 1 49
-30 0 -4 0 -25 0 1 0 1 0 -4 1 -1 0 1 0 1 4 1 49
-17 0 -5 0 -33 0 -1 0 1 0 -7 2 1 0 1 3 1 0 1 5 1 43
0 0 -19 0 -23 0 5 0 -10 0 -6 1 2 0 -3 0 -2 1 1 8 1 43
33 0 -5 0 -6 0 -2 0 1 0 -4 0 -1 1 1 0 -2 54
41 0 -4 0 -10 1 2 0 -5 2 -1 55
47 0 -2 0 -13 1 -1 0 -2 58
45 0 2 0 -14 2 -1 1 1 0 -2 3 1 0 -1 50
49 0 -4 0 -7 0 -1 0 -1 0 1 1 -1 0 1 4 1 50
52 1 -6 61
51 1 -6 61
51 1 -6 61
50 1 -7 6 -1 54
51 0 -1 0 -4 1 -1 0 1 2 -1 55
54 0 -1 0 -1 2 1 2 1 55
56 0 -1 0 -3 1 1 0 -1 3 -1 54
58 0 -1 0 -2 1 -1 0 1 2 -1 0 1 54
60 1 2 5 1 55
61 1 1 1 1 0 -1 58
62 63
62 63
62 63
57 0 5 0 3 0 -1 0 -1 59
51 0 -2 0 -2 0 1 0 1 2 1 0 2 55
51 0 3 0 1 0 -1 0 -1 59
42 0 5 0 3 61
33 0 2 0 1 61
31 63
29 0 3 0 2 0 -1 0 -1 0 -1 58
18 0 4 0 3 0 1 0 2 0 1 2 -1 55
16 0 1 62
15 0 -1 0 -1 61
18 0 -3 0 -2 0 1 60
16 0 4 0 -1 0 2 2 1 57
15 0 -5 1 2 1 1 0 1 0 -1 56
6 0 3 0 -1 0 5 0 1 1 1 4 -1 52
11 0 -5 0 -1 0 1 60
12 0 12 0 8 0 -5 0 -7 0 -2 0 1 0 1 4 1 51
-20 0 4 1 3 0 6 0 2 0 1 0 2 0 3 0 1 4 1 49
-21 1 -6 2 -3 3 -1 54
-22 1 -6 1 -1 0 1 2 -3 0 2 3 -1 0 1 49
-19 0 -2 0 3 1 -3 0 7 2 -1 0 1 3 1 50
-17 1 9 2 7 3 -1 54
-16 0 -1 0 10 1 -1 0 6 3 -2 54
-15 1 12 2 6 3 -2 54
-14 1 13 2 4 3 -3 54
5 0 -18 0 -11 0 3 0 7 0 6 0 -2 0 7 0 8 0 -2 1 -1 0 -5 0 -2 0 -1 1 1 0 -2 0 -2 0 1 3 1 0 1 0 1 5 1 32
36 0 -6 0 -5 0 -1 0 -1 0 -1 1 2 0 2 2 -1 0 -1 51
35 0 10 0 8 0 -5 0 -8 0 -3 0 2 0 5 0 4 0 1 1 -1 0 -1 0 -1 3 -1 0 -1 45
-8 0 14 0 8 0 8 0 8 0 1 1 3 0 7 0 1 1 4 1 -1 0 1 2 -3 0 -3 0 -1 3 -1 0 2 0 2 13 -1 0 -1 5 1 13 1 3
-15 0 8 0 4 1 3 1 -1 0 -3 0 -1 0 -1 1 -3 0 -4 0 -2 0 -1 1 -1 0 -1 0 -1 0 -1 5 -1 0 -1 37
-21 0 5 0 -1 0 -1 0 5 0 -3 0 -2 0 1 0 1 0 2 1 -3 0 4 0 -3 0 1 1 -1 0 -1 0 2 0 -1 0 -1 2 -1 0 2 1 1 4 -1 32
-25 0 7 0 -5 0 1 0 -2 0 -3 0 -7 1 -1 0 -1 0 2 0 1 0 1 2 1 0 2 0 1 0 1 0 1 1 -1 0 -1 0 -1 1 1 0 1 37
13 0 -51 0 -9 0 -10 0 -2 1 4 0 7 0 1 0 -1 1 2 0 1 2 -2 0 -2 4 -1 0 -1 6 1 6 1 0 1 5 1 20
47 1 -1 61
45 0 -3 0 -1 3 1 0 1 56
48 1 -1 61
19 0 42 0 3 0 -4 2 -7 0 -3 2 2 0 1 4 1 47
-19 1 -1 0 -1 0 1 1 -1 0 -1 2 -1 0 1 3 -1 5 1 0 1 41
0 0 -27 0 -13 0 2 0 10 0 8 0 1 0 1 0 -5 0 4 0 1 0 -1 0 -4 0 -5 0 2 1 1 0 1 0 2 0 -1 0 1 5 -1 0 1 36
39 0 -8 0 -9 0 -1 0 -6 0 1 0 -1 0 -1 1 7 1 -1 1 4 0 6 3 1 0 3 0 2 5 1 37
40 0 7 0 4 0 4 0 -1 0 2 0 -2 0 -5 0 -3 0 2 0 -1 0 2 0 3 0 -2 0 -1 0 1 0 1 1 1 0 1 0 -1 1 -1 0 -1 2 1 9 1 27
23 0 -4 0 20 0 7 0 3 0 -1 0 5 0 -6 0 -3 0 1 0 -2 0 -6 1 4 0 4 0 1 0 1 0 3 0 1 0 -2 0 1 1 -1 4 -2 2 1 1 -1 0 -1 6 1 23
30 0 -14 0 18 0 -1 0 9 0 -7 0 -5 1 -2 0 4 1 5 0 1 1 -1 0 1 1 -2 0 -2 0 2 2 -1 2 2 0 -1 5 1 31
44 0 1 0 -2 0 -1 0 1 0 -1 2 1 55
9 0 29 0 -17 0 5 0 -5 0 -1 0 -1 0 6 0 -6 0 -2 0 1 0 3 0 -3 0 -2 0 -1 1 -1 0 2 0 -1 4 1 0 -1 0 -1 38
-11 0 1 0 -3 0 1 0 -4 0 -1 2 -1 0 1 0 -1 0 -1 0 1 0 1 0 1 1 1 0 1 1 -1 4 1 7 -1 31
22 0 -29 0 11 0 -17 0 10 0 -2 0 -3 0 2 0 -2 0 -2 0 1 0 -3 1 -1 1 1 0 -3 0 1 0 -1 3 -1 1 -1 39
35 0 2 2 1 0 1 2 -1 0 -1 3 -1 50
32 0 8 0 -4 0 -6 0 5 1 1 1 1 0 -1 0 -1 0 1 1 1 2 -1 0 1 46
-12 0 2 0 -3 0 10 0 -10 0 2 0 3 0 -7 0 3 2 -1 4 1 0 -1 2 -1 2 -1 0 1 39
-5 1 4 0 -1 0 -1 0 -2 58
-6 1 5 2 -2 58
-7 1 5 2 -1 3 -1 54
-7 0 -1 0 4 6 -1 54
-6 1 4 2 -1 3 -1 54
-6 1 3 2 -1 3 -1 54
-5 1 3 2 -2 2 1 0 -1 54
-5 1 3 2 -2 58
-5 1 3 2 -2 58
-6 1 2 2 -2 58
-6 0 -1 0 2 2 -1 3 1 54
-3 0 -1 0 4 61
0 0 -1 0 3 2 -1 58
2 0 -1 0 2 0 -1 0 1 0 -1 58
2 0 -1 0 1 2 -1 3 1 54
1 0 1 0 1 0 1 5 1 54
-10 0 18 0 6 0 -6 0 -4 0 2 0 1 0 1 0 -3 3 1 51
-36 0 -3 0 17 0 2 1 7 0 -1 1 1 0 1 54
-23 0 5 0 11 0 -6 0 -3 0 5 0 -1 0 2 5 1 50
-25 0 -15 0 14 0 4 0 5 0 3 1 -2 0 1 0 -1 54
-2 0 -2 0 -2 0 -1 0 2 0 -1 2 1 55
-1 1 -4 1 -1 3 -1 55
-1 0 -1 2 -1 0 1 2 1 55
-3 0 3 2 1 0 -1 1 -1 56
-10 0 2 0 -1 0 1 0 -2 2 1 0 -1 55
-7 0 2 0 2 0 -3 0 2 0 -1 2 1 3 1 51
-8 0 -5 0 1 61
-2 0 -1 0 4 2 -1 1 -1 0 1 55
-6 0 2 0 4 0 1 0 -2 1 1 57
-12 0 3 0 2 0 2 0 1 0 -1 0 -1 1 -1 55
3 0 -9 0 3 0 -2 0 -2 59
15 0 -3 0 3 0 -1 0 2 0 1 58
2 0 10 0 1 0 3 0 1 0 3 0 -1 0 -1 0 -1 0 1 2 -1 51
3 0 -3 0 -2 0 -1 0 -1 3 2 0 2 54
5 1 3 1 -2 0 -3 2 -1 55
2 0 1 0 5 1 1 0 1 2 -1 55
1 0 1 0 3 6 1 54
-2 0 1 0 3 61
-3 0 1 0 3 2 -1 58
-4 1 4 2 -1 58
-8 0 3 0 6 1 -1 59
-19 0 6 0 13 0 1 0 -2 0 -1 58
-15 0 -10 0 4 0 1 0 6 2 1 0 1 3 -1 51
0 0 2 0 6 0 -3 0 -5 2 -1 0 -2 3 1 51
-16 0 5 0 6 0 1 0 3 0 3 0 1 1 1 0 1 54
-28 0 7 0 2 2 1 58
-38 0 3 0 1 1 1 0 1 58
-44 0 2 62
-45 0 -1 2 -1 0 1 58
-43 0 -1 0 3 61
-44 0 1 2 1 0 -2 58
-48 0 2 3 -1 2 -1 55
-43 0 -11 0 -1 0 3 0 1 59
-17 0 -1 0 1 61
-14 0 -1 2 1 59
-6 0 -9 0 -2 1 1 0 -2 2 1 55
8 0 -6 0 -7 0 2 0 3 0 -1 2 -1 0 -1 54
15 0 8 0 -10 0 -6 0 -2 0 -2 3 -1 2 1 0 -1 50
-16 0 7 0 -3 0 6 0 -3 0 3 0 1 1 -1 0 1 4 1 49
-16 1 10 0 -1 0 -2 0 5 1 -1 0 -1 0 1 4 1 49
-13 0 -6 0 19 0 1 0 -5 0 5 2 2 0 -1 3 1 50
4 0 -7 0 33 1 -1 0 -3 0 -1 0 -1 0 3 0 -4 4 1 4 -1 44
21 0 -10 0 26 1 5 0 -5 2 -3 0 2 2 1 0 -1 0 1 3 -1 0 1 44
40 0 -10 0 18 0 1 0 2 0 -2 1 -2 0 2 3 1 51
55 0 -1 0 6 0 -1 0 1 0 -2 3 1 54
55 1 6 2 -2 3 1 54
56 0 -1 0 4 1 1 0 -2 3 1 54
57 1 2 2 -1 3 1 54
58 1 1 2 -1 58
58 4 -1 58
59 4 -1 58
59 63
59 1 -1 61
60 63
60 63
60 1 -1 61
60 3 -1 0 1 58
59 0 -1 0 4 1 1 0 -1 58
57 0 3 0 6 1 -1 0 -2 1 -1 0 -1 0 1 2 1 51
53 1 -1 0 1 0 2 2 1 0 2 55
52 0 3 0 3 1 -1 59
45 0 4 0 3 61
36 0 3 0 1 1 1 59
31 0 1 0 1 61
28 0 2 0 3 0 -1 0 -1 59
19 0 4 0 3 0 1 0 2 0 1 58
19 0 -1 0 -1 0 -1 60
18 0 1 0 -1 61
19 0 -1 0 -1 61
21 0 -2 1 1 60
17 0 5 1 2 60
14 0 -7 0 1 0 6 2 1 0 -1 56
10 0 4 0 -1 0 6 0 -2 1 2 4 1 52
11 0 2 0 4 0 -4 0 -5 2 1 4 1 51
-9 0 9 0 2 0 3 0 8 0 4 1 1 0 1 0 -1 2 -1 1 1 49
-12 0 -1 0 -8 2 2 3 -1 54
-10 0 -1 0 -9 2 2 3 -1 54
-6 0 -1 0 -9 2 2 58
-4 0 -1 0 -9 61
-2 0 -1 0 -9 2 -1 58
-1 1 -9 2 -2 58
-2 0 2 0 -10 2 -1 58
4 0 -18 0 -16 0 4 0 6 0 -2 1 4 0 4 0 -1 0 1 0 -2 0 -4 0 1 3 -1 0 -1 4 1 0 2 39
36 0 -6 0 -5 0 -1 0 1 1 -1 1 1 2 -1 0 -2 0 -1 50
38 0 8 0 7 0 -4 0 -5 0 -3 1 2 0 2 2 -1 0 -2 0 -1 3 -1 0 -1 5 1 39
-3 0 16 0 18 0 12 0 9 1 -4 0 -3 0 1 1 2 0 1 1 3 0 -1 0 1 0 -1 0 -1 0 -2 2 -1 0 -1 1 -2 0 -2 3 1 9 1 0 1 11 -1 7 1 3
-18 0 2 0 7 1 3 0 5 0 1 1 2 0 2 1 1 0 1 0 1 3 1 2 -1 3 1 39
-21 0 1 3 1 2 1 0 -1 54
-21 1 -1 1 1 1 -1 1 -1 4 1 50
-22 0 11 0 -2 0 3 0 -1 0 1 0 -3 0 -2 2 -7 0 -2 0 1 2 2 0 2 5 1 41
32 0 -29 0 -6 0 -19 0 -5 0 -1 0 -6 0 -2 2 -1 4 1 0 1 4 1 42
47 0 2 1 -2 2 1 57
47 0 -3 0 -1 0 -2 2 -1 57
50 1 -1 61
17 0 42 1 2 0 1 1 -5 0 -1 2 -1 4 1 1 1 0 1 1 -1 43
-16 0 2 0 1 1 -1 1 1 0 1 0 -2 2 -1 1 1 2 1 4 -1 0 -1 1 -1 1 1 37
33 0 -30 0 -6 0 -21 0 -5 0 -1 0 -7 0 -1 0 -1 0 -1 0 -2 0 1 0 1 3 1 0 1 46
49 1 -1 61
30 0 14 0 -5 0 17 0 1 0 3 0 -6 0 4 0 -4 0 3 0 -2 0 -2 0 3 0 -2 0 -2 2 -2 0 -1 0 2 4 1 0 -1 4 1 0 -1 4 1 6 -1 20
16 0 -8 0 -21 0 9 0 -12 0 3 0 -4 0 7 0 6 0 4 0 3 0 3 0 4 0 4 0 -3 1 -2 0 1 1 -1 0 -1 1 2 0 -1 0 1 1 -1 1 1 1 1 5 1 27
4 0 -11 0 -12 0 10 0 -7 0 7 0 -4 0 -6 0 -1 1 2 0 -4 1 1 0 -2 1 2 1 3 1 -2 0 1 0 -1 1 -3 0 2 0 -1 0 1 3 -1 2 1 0 -1 0 1 1 1 1 1 23
44 0 -1 1 -2 1 2 0 -1 1 2 3 1 1 -1 2 1 46
28 0 32 0 4 0 -23 0 -4 0 -2 0 7 0 2 0 2 0 1 0 -1 1 1 0 -1 0 -1 2 -2 1 1 1 1 1 1 6 -1 33
-29 0 -1 0 11 0 1 0 -1 0 7 0 -1 1 1 0 3 3 2 5 1 15 1 28
14 0 -45 0 2 0 -11 0 4 0 -2 0 6 0 3 0 -2 0 -2 0 3 0 1 1 -2 0 1 2 1 0 -1 2 -1 1 1 40
38 0 2 0 -1 61
36 0 -1 1 -3 0 -1 59
5 0 30 0 -1 0 8 0 -1 0 -2 0 -3 1 2 0 2 0 -2 0 2 0 1 0 -3 0 -2 3 1 0 1 1 1 2 1 11 1 27
-11 0 -1 0 1 0 2 2 1 0 -2 0 2 0 1 0 1 0 -1 0 -2 0 2 0 -1 1 -1 1 2 0 -1 44
-4 0 -3 0 -6 0 -1 1 -3 3 -1 54
0 0 -1 0 -5 2 -3 3 -1 54
1 0 -1 0 -4 2 -2 3 -1 54
2 1 -3 2 -2 3 -1 54
2 1 -4 2 -2 3 -1 54
1 0 1 0 -4 2 -2 3 -1 54
0 1 -5 2 -2 3 -1 54
0 1 -5 2 -2 58
-1 1 -6 2 -2 58
-2 1 -7 2 -1 58
-2 1 -7 2 -1 3 1 54
-9 0 13 1 -5 0 -6 0 1 0 1 0 2 0 -2 0 1 1 -1 52
-27 0 -3 0 17 2 4 3 -1 54
-23 0 -2 0 17 2 2 2 1 0 -1 54
-20 0 -1 0 17 6 -1 4 1 49
-26 0 9 0 17 0 -1 0 1 0 -5 1 -1 0 4 2 1 52
-39 0 6 0 6 1 2 0 -9 0 -2 1 -4 1 1 1 1 0 -1 50
-26 2 -5 0 3 0 -4 0 -2 0 -1 0 2 0 1 2 -1 1 -1 49
-19 0 -10 0 -8 0 3 0 -5 0 -7 1 2 0 -3 0 1 54
-2 0 -3 0 5 0 1 1 -3 3 1 54
3 1 1 0 -1 0 1 0 -1 2 -1 55
-1 0 2 0 1 1 -1 59
-7 0 1 0 2 0 1 60
-9 0 2 0 1 0 -1 0 1 3 1 55
-14 0 2 1 1 3 -1 0 -1 55
-9 0 -2 1 -1 0 -1 0 -1 3 1 54
-13 0 3 1 3 0 -1 2 1 0 -1 0 1 54
-11 0 2 0 1 0 -1 0 2 2 1 56
-16 0 -2 1 3 60
-4 0 -3 0 3 1 -2 1 -1 0 1 0 1 55
1 1 11 0 -1 4 -1 55
-4 0 2 0 6 0 1 0 2 0 1 1 1 0 1 0 1 54
-6 0 1 0 5 6 1 54
-7 1 4 61
-7 1 4 61
-9 0 1 0 4 61
-11 0 1 0 5 61
-13 0 2 0 5 61
-13 0 -1 0 2 1 1 0 1 58
-14 0 1 0 -3 1 1 3 1 55
-22 0 3 0 -7 0 3 0 2 0 -2 2 1 55
-12 0 -4 0 -1 0 -2 0 -5 0 -2 2 -1 55
-11 1 3 1 2 0 -1 2 1 55
-15 0 3 0 -1 0 -1 1 -1 2 -1 55
-28 0 6 0 -3 0 1 0 1 0 1 58
-37 0 1 0 -2 0 1 1 1 58
-36 0 1 0 -5 0 -1 60
-42 0 3 0 -2 1 -1 59
-44 1 -2 61
-48 0 2 0 -1 0 1 60
-49 1 -1 2 1 58
-41 0 -11 1 3 0 -1 59
-13 0 3 0 -5 6 1 54
-15 0 -2 0 -1 1 -1 59
-11 0 -7 0 5 0 2 0 -2 0 -1 2 1 55
6 0 -6 0 15 0 -1 0 -4 0 -3 58
1 0 11 0 19 0 -3 0 3 1 1 1 -2 55
-19 0 1 0 10 0 2 0 1 0 -1 2 2 55
-18 0 -1 0 5 0 1 0 1 0 -4 58
-19 0 9 0 -1 0 -4 0 2 0 -3 1 1 0 -2 55
-38 0 -1 0 4 0 2 0 -1 0 2 0 1 0 -1 5 1 50
-30 0 -6 0 6 0 1 0 -3 0 7 0 -1 0 1 0 -2 0 -2 2 -1 1 1 49
-2 0 -18 0 7 0 -2 0 3 0 5 0 -1 0 1 0 2 0 -1 3 -1 50
23 0 -7 0 11 1 -1 0 2 1 -2 0 1 0 2 54
29 0 2 0 10 1 -2 2 1 0 1 3 -1 51
31 0 -3 0 12 0 -1 0 1 0 -2 2 -1 0 2 54
36 0 -2 0 8 1 1 0 1 2 -1 0 1 54
37 0 1 0 9 1 -1 0 3 58
37 1 14 1 -1 0 1 2 1 0 1 54
40 0 -2 0 15 2 -1 2 1 0 1 54
42 1 17 1 -1 0 -2 3 1 54
44 0 -3 0 18 2 -3 2 1 55
48 0 -1 0 17 2 -5 3 1 54
49 1 17 2 -6 2 1 0 2 54
51 0 -1 0 14 1 1 0 -6 2 -1 0 2 54
52 1 12 2 -4 3 1 54
50 0 1 0 10 0 -1 1 -4 3 1 54
45 0 -3 0 2 0 4 1 -3 1 2 1 1 54
50 0 5 0 6 0 -2 1 -2 2 -1 0 1 54
44 1 5 0 -1 0 1 0 -1 3 1 54
38 0 4 0 3 61
32 0 1 0 3 1 1 0 -1 2 -1 55
28 0 3 0 2 1 -1 59
20 0 3 0 2 0 1 0 1 59
18 0 -1 0 -1 61
20 63
20 0 -1 0 -1 61
22 0 -1 0 -2 61
26 0 -3 0 -2 61
18 0 7 1 3 60
16 0 -10 0 -3 0 9 0 2 0 -2 0 -2 0 -1 0 1 2 1 52
28 0 17 0 -14 0 -1 0 -2 1 -2 0 4 0 -2 3 -1 4 1 46
9 0 1 0 -2 0 4 0 4 1 1 0 -1 0 1 2 -1 0 -1 51
9 1 -3 1 -1 0 -1 2 -1 0 -1 54
9 1 -2 2 -1 58
9 1 -2 61
9 1 -1 61
8 1 -1 61
8 63
8 63
11 0 -6 0 -4 0 3 0 5 1 -1 0 -2 1 -2 0 1 1 -1 0 2 3 1 0 -1 1 1 2 -1 2 -1 37
35 0 -7 0 -7 0 -2 0 -3 0 -2 0 -1 1 -1 0 -1 1 -1 0 -3 0 -2 3 -1 0 -1 45
36 0 8 0 8 0 -5 0 -6 0 -4 0 1 0 3 0 4 0 2 1 -1 0 -2 0 -2 3 -1 0 -1 5 1 0 1 38
-2 0 18 0 17 0 4 0 8 0 2 0 2 0 -2 0 4 0 -2 0 -1 0 1 0 -5 3 -1 1 -3 1 1 2 -1 1 1 38
-21 0 -3 0 -6 0 13 0 -5 0 5 0 -9 0 1 0 -1 0 1 0 2 0 -1 0 -8 0 5 3 -2 0 2 4 -1 0 -1 5 1 0 -1 0 1 31
-21 0 -3 1 2 1 -1 0 -1 1 1 1 1 1 -1 1 1 2 1 1 -1 44
-20 0 2 1 1 1 -1 2 -1 3 -1 1 1 2 -1 1 1 44
-19 0 -3 0 -1 2 -1 1 1 56
-14 0 14 0 -4 0 7 0 -6 0 -1 0 -2 1 2 1 -11 0 2 0 1 0 2 1 1 1 1 0 -1 0 -1 0 1 0 1 1 1 0 -1 3 1 35
38 0 -17 0 1 0 -13 2 -6 1 1 1 -2 0 1 0 1 0 -1 1 -1 0 1 47
47 0 3 1 -2 60
49 0 -2 1 -1 60
49 0 1 0 1 61
3 0 28 1 18 0 8 0 2 0 3 1 1 0 1 1 -3 4 -2 0 -1 0 -1 0 -1 0 -1 4 1 0 1 37
-6 0 -1 0 -12 1 -2 0 -1 0 -1 0 -1 0 3 0 -2 3 1 0 3 3 -1 0 2 0 -1 5 -1 7 1 0 1 28
35 0 -12 0 13 0 -11 0 -4 0 -12 0 -6 0 -3 1 9 0 -2 0 -1 1 -1 0 -5 0 -1 0 -1 2 1 0 2 6 -1 36
43 0 -5 0 12 0 -1 0 6 0 -9 1 1 0 -6 0 7 0 1 1 -1 0 4 0 -5 4 -2 0 3 5 1 0 -1 36
38 0 12 0 -5 0 3 0 5 0 -3 0 -3 0 -1 0 5 1 -1 0 1 0 -3 2 1 0 -3 0 1 4 1 7 -1 5 -1 27
27 0 24 0 4 0 -11 0 -9 0 -1 0 -4 0 2 0 5 0 2 0 -1 0 -5 0 3 0 3 0 -1 0 1 0 2 0 -1 0 1 0 1 1 -1 1 1 0 1 0 1 3 -1 0 -1 5 1 6 -1 20
27 0 -28 0 -5 0 -11 0 -1 0 5 0 -6 1 7 0 5 0 -2 1 1 0 5 0 1 0 -1 0 3 2 1 2 1 0 -1 0 -2 5 -1 0 -1 32
42 0 8 0 -2 0 -3 0 2 0 5 2 -7 0 3 2 2 0 -3 0 -2 2 -1 1 2 0 -2 4 -1 0 1 37
7 0 28 0 -13 0 -6 0 4 0 21 0 2 0 6 0 9 0 4 1 -5 0 -5 0 2 0 -4 1 1 0 -1 0 -2 0 -4 7 1 5 -1 30
-28 0 1 0 1 1 -1 0 2 2 2 0 -2 2 -1 0 -2 0 4 4 1 0 -2 5 -1 0 2 14 1 21
14 0 -50 0 1 0 -16 0 1 0 -2 0 6 1 -2 1 5 3 -1 2 1 1 -1 0 -1 0 -1 6 -1 6 -1 6 -1 21
39 0 3 1 1 0 1 2 -1 0 -1 55
38 0 1 0 -1 0 -1 3 -1 56
11 0 40 0 -7 0 -15 0 1 0 -1 0 -1 0 4 0 -1 0 -2 0 2 0 -3 0 1 0 1 0 1 0 -1 3 -1 3 -1 40
-24 0 -5 0 4 0 -1 0 -2 0 2 0 -1 0 2 0 -2 1 1 1 -1 0 1 2 -1 1 -1 0 1 44
-6 0 -12 0 7 0 -1 0 4 0 -1 1 -1 4 1 5 -1 45
3 63
4 63
4 63
4 63
4 63
4 63
3 63
3 63
3 63
3 63
-8 0 19 0 -1 0 -8 0 1 1 1 0 -1 56
-35 0 -2 0 -5 1 -1 0 1 58
-30 0 -2 0 -2 0 -1 0 -1 0 -1 3 -1 54
-29 1 -1 0 -2 0 -2 0 -1 0 1 0 2 0 1 55
-47 1 -2 0 8 0 9 0 1 0 1 0 1 0 -1 2 -1 0 -2 51
-50 0 6 0 -4 0 5 0 -2 2 -1 0 -1 0 -1 1 -1 2 1 49
-41 0 -6 0 -1 0 2 0 1 0 2 0 -1 0 -1 6 1 49
-27 0 -3 0 -2 1 -1 0 1 2 -1 55
-20 0 -4 0 4 1 -1 0 2 2 1 0 -1 54
-13 0 -4 0 8 0 1 0 -1 0 2 3 -1 4 1 49
-6 0 1 0 6 0 -2 0 1 2 1 0 1 0 -1 54
-15 0 2 0 6 0 2 1 -1 3 -1 54
-15 1 5 1 1 0 -1 3 -1 54
-16 1 1 4 1 1 -1 54
-18 0 1 1 1 0 2 0 2 58
-17 1 -3 0 -1 0 -1 0 1 3 1 54
-16 0 -2 3 1 58
-13 0 -3 0 -3 1 -1 2 1 0 1 55
-12 0 1 0 1 1 1 59
-12 1 -1 2 1 58
-12 63
-13 0 1 2 1 59
-13 1 -1 61
-13 63
-14 63
-17 0 1 0 -2 0 1 0 1 59
-16 0 1 0 -4 61
-11 0 -3 0 -1 0 -1 0 -1 59
-8 1 -1 0 -1 60
-16 0 2 1 2 0 -2 2 1 0 1 55
-14 1 1 0 -1 0 1 0 -1 58
-15 0 1 0 1 1 -1 0 -1 2 -1 55
-18 0 2 0 2 61
-21 0 2 1 -1 0 1 59
-30 0 3 0 -3 0 1 0 -1 2 1 56
-31 1 1 2 -1 1 -1 56
-36 0 4 0 -4 1 1 3 -1 55
-41 0 1 0 -2 1 -1 0 1 58
-44 1 -1 0 1 60
-43 4 -1 58
-42 0 -4 0 1 0 3 0 -2 1 -1 57
-16 0 3 0 6 0 -1 1 -1 58
-23 0 2 0 6 2 1 2 -1 55
-25 1 3 0 1 0 1 0 1 58
-22 0 -3 1 2 0 3 0 2 0 -1 0 -2 0 -1 55
-3 0 -5 0 -13 0 -3 0 1 0 -1 0 -1 0 1 0 2 0 -1 54
-17 0 17 0 -8 0 -1 0 -5 0 -1 0 1 0 1 0 -1 0 -1 54
-39 1 7 0 1 3 -1 0 -1 55
-37 1 6 0 -1 0 1 0 2 1 -1 1 1 54
-33 0 -8 0 -5 0 3 0 2 1 -1 0 1 0 2 1 1 0 1 0 -1 51
-2 0 -12 0 -7 0 -3 0 2 0 -5 0 -1 1 1 0 -1 4 -1 49
11 0 -4 0 -6 1 -3 0 -1 2 -2 0 -1 54
13 0 2 0 -3 1 1 0 1 1 1 0 -1 3 1 0 -1 50
4 0 7 0 10 0 -1 0 -3 0 2 0 1 0 -2 0 3 0 -1 7 -1 46
-4 0 -17 0 7 0 9 0 2 0 2 0 1 0 -1 0 2 3 -2 51
28 0 -8 0 -3 0 2 0 3 1 -2 0 -1 0 -3 0 1 1 1 0 1 51
40 0 2 0 -6 0 -3 0 -1 0 1 2 1 4 1 50
27 0 6 0 -3 0 1 0 -1 1 1 57
19 0 3 0 -2 1 -1 0 1 3 1 54
13 0 4 0 2 0 -1 0 -2 0 2 58
8 0 1 0 7 0 -1 0 -1 0 2 58
9 0 -2 0 8 1 1 0 1 3 1 54
8 0 2 0 5 1 2 0 1 3 1 54
12 0 -4 0 7 0 -1 0 -2 0 2 3 1 54
14 1 11 2 2 58
15 1 11 2 2 58
16 1 12 2 3 58
15 0 2 0 12 1 1 0 3 3 1 54
14 0 -3 0 12 0 1 0 -2 0 3 58
22 0 -3 0 11 1 3 0 1 1 -1 0 1 55
25 0 -1 0 3 0 -1 0 -1 0 -2 1 1 1 1 54
19 0 4 0 5 0 1 0 2 2 -1 0 -1 55
17 63
19 0 -1 62
21 0 -1 0 -1 61
23 0 -1 0 -2 61
26 0 -1 0 -1 61
29 0 -1 0 -1 0 -1 60
19 0 6 1 3 60
18 0 -15 0 -1 0 13 0 1 1 -2 0 -1 3 -1 52
47 0 8 0 4 0 -5 0 1 0 -3 0 1 0 -3 0 3 1 -1 53
9 0 -5 0 2 0 8 1 -1 0 5 0 -2 0 -1 1 1 0 -1 52
12 0 1 62
10 0 1 62
9 0 -1 0 1 61
10 63
10 63
9 63
11 0 -5 0 -4 0 3 0 4 0 2 0 -1 0 -2 0 -2 2 1 0 1 51
33 0 -8 0 -8 0 -2 0 -6 0 -3 1 -1 0 1 7 1 6 1 0 1 39
27 0 18 0 17 0 -2 0 -9 0 -3 1 -1 0 1 0 1 1 1 0 3 0 1 0 -1 2 -1 0 -2 1 1 3 -1 6 1 0 1 31
-2 0 12 0 2 0 -4 1 11 0 -2 0 9 0 10 0 -2 1 4 0 -2 0 1 0 1 1 1 0 -2 0 1 5 -1 6 -1 8 -1 23
-20 0 2 0 1 0 2 0 2 0 1 1 1 0 1 3 1 0 1 50
-21 0 -1 0 1 0 -1 1 2 0 1 0 -1 0 -1 0 2 1 1 0 -2 0 -1 0 1 2 1 0 -1 1 1 3 1 39
-20 0 2 0 -2 1 -2 0 -1 0 -1 3 -1 0 1 4 1 47
-18 0 -3 0 -1 0 1 1 -2 0 -1 0 1 0 2 5 1 3 -1 5 1 39
-14 0 -6 0 -3 0 2 0 1 0 1 0 -1 0 1 0 -2 1 1 0 -1 0 1 7 -1 5 1 37
-12 0 8 0 -3 0 7 0 6 0 1 0 -5 0 1 0 -6 0 2 0 -5 0 -1 0 -1 0 1 0 -4 1 -4 0 1 0 -1 0 3 0 1 0 1 4 -1 37
45 0 -6 0 -4 0 -4 0 -4 0 -2 0 -2 0 -2 0 -1 1 -1 0 -2 0 -1 2 -1 0 -1 0 -1 46
48 0 3 1 -1 60
50 0 -1 0 -1 1 1 0 1 58
51 0 1 0 -2 0 -1 0 -1 3 1 55
10 0 19 0 -3 0 9 0 7 0 12 0 5 0 1 0 -4 0 -7 0 3 1 -5 0 -3 0 -1 1 -1 0 -1 0 3 0 5 0 4 2 -1 0 1 0 -1 0 -1 0 -1 3 1 0 -1 0 -1 8 -1 21
-4 0 3 0 -7 0 2 0 -2 0 4 1 1 0 3 0 11 0 1 1 2 0 -1 0 -4 2 -1 0 -2 0 -5 0 -2 5 2 7 1 4 1 24
18 0 -14 0 -36 0 -2 0 3 0 -8 0 -1 0 5 0 14 2 1 0 2 0 5 0 4 1 1 1 -2 0 3 0 3 6 1 4 1 1 -1 29
39 0 -3 0 -19 0 -4 0 -3 0 -13 0 -1 0 -4 0 -3 0 -9 1 -1 0 -2 0 -2 0 -4 2 -1 0 -1 0 -1 0 -1 5 -1 37
28 0 12 0 -14 0 -5 0 -7 0 -5 0 -1 0 2 0 -2 0 4 0 3 1 -4 0 -2 0 5 0 -2 1 1 0 -4 1 3 0 1 3 -1 1 1 0 -1 15 1 19
3 0 18 0 3 0 8 0 16 0 2 0 -1 0 2 0 5 0 4 0 1 0 -1 0 -9 0 -4 0 1 1 -1 0 -2 0 1 1 -1 3 3 0 1 0 1 5 -1 0 -1 6 1 23
32 0 -7 0 4 0 -5 0 -10 0 7 0 -1 0 -3 0 2 0 -11 1 -1 0 -2 0 2 0 3 3 2 0 -3 0 2 4 1 0 1 0 -1 5 -1 30
38 0 -7 0 14 0 3 0 6 0 -7 1 -3 0 -1 0 2 2 3 0 -2 0 1 2 1 0 -3 0 3 0 -1 4 1 0 -2 37
36 0 25 0 3 0 -19 0 -3 1 6 0 1 0 -1 0 1 0 -1 5 -1 4 1 42
-6 0 -2 0 3 0 -2 0 1 0 2 1 -2 0 -1 0 -1 2 3 0 1 0 2 3 1 0 -1 0 1 43
25 0 -32 0 -2 0 -10 0 -1 1 4 1 1 0 2 0 3 1 1 0 2 2 -1 0 1 3 -1 2 -1 3 -1 35
42 0 -2 0 -1 0 1 2 2 0 1 56
40 0 1 0 -1 61
25 0 26 0 -6 0 -13 0 4 0 5 0 1 0 -2 0 -6 0 -3 0 2 1 2 0 2 0 1 0 -1 2 -1 0 -1 0 -1 0 1 1 -1 2 1 3 1 33
-17 0 7 0 -12 0 5 0 -1 2 -2 0 -1 0 2 0 1 0 -1 0 -2 0 -3 1 1 1 2 1 -1 3 1 1 1 5 -1 32
-23 0 -10 0 4 0 7 0 -4 0 1 0 1 0 -2 1 1 0 1 0 -1 0 1 3 -1 47
2 0 -4 0 2 0 -3 0 3 0 -1 0 -1 0 2 0 -1 2 1 52
4 63
4 63
4 63
4 63
3 63
3 63
3 63
3 63
2 63
-6 0 14 0 -1 0 -6 0 1 1 1 57
-28 1 -1 61
-26 0 -3 0 -2 1 1 59
-37 0 13 0 3 0 4 0 3 0 1 0 -1 0 -6 0 -4 8 1 46
-29 0 -8 0 -8 0 -3 0 -5 0 -1 0 -1 0 -1 1 -1 2 1 51
-20 0 1 0 -9 0 -1 0 2 0 -2 1 2 1 -2 3 1 50
-15 0 -5 0 -8 0 -1 1 -3 3 -1 54
-11 0 -1 0 -6 2 -2 58
-8 1 -5 1 -1 0 -2 3 -1 54
-7 0 -1 0 -2 1 -1 0 -1 2 -1 0 -1 54
-7 0 2 0 -2 0 -1 60
-11 0 2 0 -5 2 -2 58
-12 0 -1 0 -3 1 -1 0 -1 3 -1 54
-13 0 -1 0 -1 0 1 0 1 59
-11 0 -1 0 -2 2 -1 58
-11 0 2 0 -2 0 -1 0 1 59
-10 0 -5 0 -3 0 1 0 -1 2 1 0 1 55
-5 0 2 0 -2 0 -1 0 1 3 -1 55
-12 0 1 0 -1 0 1 0 -2 0 1 2 1 55
-11 2 -1 0 1 59
-12 0 2 0 1 0 -1 0 -1 59
-14 1 1 2 1 58
-13 0 -1 0 1 1 1 59
-13 0 1 0 -1 61
-14 63
-14 2 1 60
-11 0 -1 62
-9 0 -1 62
-7 0 -1 62
-12 0 6 0 -3 0 -1 0 2 3 -1 55
-20 0 1 2 -2 0 1 1 -1 0 1 55
-21 0 1 3 1 58
-22 4 1 58
-21 0 -1 0 -1 61
-21 0 3 0 -3 0 -1 0 2 3 -1 0 -1 54
-27 0 -1 0 -10 0 2 0 1 0 4 2 -1 0 -2 54
-23 0 1 0 -10 0 -1 1 3 2 1 55
-29 0 4 0 -10 2 3 2 -1 55
-35 0 1 0 -10 1 -1 0 3 2 1 0 -1 54
-41 0 3 0 -5 1 -1 0 2 3 -1 4 1 49
-44 0 1 0 -1 0 1 0 -1 0 1 2 1 55
-25 0 1 0 -1 61
-27 0 1 3 -1 58
-27 0 -1 62
-20 0 -10 0 2 0 5 0 -1 0 -1 0 -2 1 1 3 -1 51
14 0 -2 0 -2 0 -6 0 1 1 -1 0 1 0 -1 55
-4 0 16 0 1 0 -3 0 2 0 -1 0 1 0 -2 0 1 0 -1 2 1 51
-42 0 6 0 -6 0 5 0 -2 0 3 0 1 1 -1 0 -2 2 -1 51
-39 0 -3 0 -3 5 1 55
-21 0 -13 0 -5 0 -2 0 1 0 -1 1 1 0 1 8 -1 0 -1 45
1 0 -12 0 -2 1 -1 0 1 0 -1 0 -1 0 -1 55
19 0 -5 0 -1 5 1 55
16 0 8 2 -3 1 -1 1 -1 55
12 0 -3 0 -3 1 6 0 -2 0 1 1 3 0 -2 54
10 0 2 0 -9 0 2 0 -4 0 -4 1 1 0 -2 0 -1 54
24 0 -14 0 1 1 -2 0 2 1 2 0 -1 3 1 51
38 0 -1 0 8 0 1 0 1 0 2 1 -1 0 2 3 -1 51
37 0 6 0 -3 0 -2 0 3 0 -1 1 1 0 -1 55
23 0 4 0 -2 0 1 0 -1 59
17 0 4 0 -3 0 -1 0 1 59
10 0 4 0 -4 0 -2 0 -1 0 -1 58
3 0 -1 0 -2 0 1 0 -1 59
5 0 -1 0 -1 61
7 0 -1 0 -1 61
8 1 -1 2 -1 58
9 0 -1 0 -2 2 -1 58
11 1 -3 61
11 0 1 0 -2 61
13 0 -4 0 -4 1 1 2 1 56
17 3 -2 0 -1 58
13 0 2 0 1 0 1 0 1 0 1 58
16 0 -3 0 -1 61
19 0 -1 0 -1 61
21 0 -1 0 -1 61
24 0 -2 0 -1 61
27 0 -1 0 -1 61
29 0 -1 0 -1 61
32 0 -1 0 -1 0 -1 60
20 0 9 1 3 0 -2 0 -1 58
19 0 -11 0 4 0 6 0 -4 0 -3 1 3 0 2 0 1 3 -1 50
29 0 13 0 13 0 -3 0 4 0 -5 0 -1 0 -1 0 -3 0 1 2 1 0 1 50
4 0 -5 0 1 0 12 0 -1 1 3 0 1 3 1 0 -1 51
11 63
11 0 1 62
10 0 -1 0 -1 61
11 63
10 63
8 1 1 1 1 59
29 0 -12 0 -5 0 -5 0 -8 0 -2 0 -1 0 2 0 2 0 -1 1 3 0 6 0 1 2 1 0 -1 0 -1 4 -1 0 -1 39
25 0 13 0 10 0 -1 0 -6 0 1 1 -3 0 -3 0 1 1 1 0 5 0 2 10 -1 39
11 0 -18 0 -13 0 4 0 11 0 5 0 -3 0 1 0 10 0 -3 1 -2 3 1 1 3 0 2 0 2 0 -1 0 1 0 -1 1 1 0 1 2 1 1 -1 33
38 0 6 0 -5 0 -5 0 4 0 -4 0 1 0 -5 0 4 0 -2 0 -1 0 2 0 -2 0 2 0 -1 1 -1 0 1 0 -1 0 1 44
-4 0 22 0 -19 0 3 0 -13 0 5 1 2 0 -3 1 1 0 2 0 -7 0 2 0 1 2 -1 0 2 5 -1 6 -1 0 1 31
-16 0 -3 0 -1 0 -1 0 1 2 -1 1 -1 1 1 4 -1 47
-17 0 3 0 -3 0 1 0 -3 0 1 0 1 0 -1 0 1 0 -1 2 1 5 -1 45
-15 0 -3 0 -2 0 -2 0 -1 0 1 1 2 3 1 0 1 4 -1 7 1 38
-9 0 -1 1 -1 0 2 0 2 0 1 1 -3 0 -3 1 1 1 -2 2 -1 1 -1 0 -1 3 1 0 1 39
-4 0 -5 0 -6 0 -2 0 -6 0 -2 0 -2 0 6 0 7 1 1 0 1 0 -1 0 2 2 -1 0 -3 0 -3 0 -1 3 2 0 3 0 1 0 -1 4 -1 13 1 18
47 0 -3 1 -1 0 1 0 1 0 -1 57
49 0 3 0 -1 3 -1 0 -1 2 1 53
53 0 -1 0 1 0 -1 0 -1 2 -1 56
47 0 10 0 5 0 -6 0 -4 0 -1 0 3 0 3 0 2 1 -1 0 -1 0 -1 51
6 0 5 0 4 0 1 0 1 0 5 1 -1 1 -2 0 1 0 2 2 1 3 -1 0 1 2 1 9 -1 31
7 0 -19 0 -8 0 20 0 2 0 1 0 -6 0 -2 0 3 0 -1 0 1 0 -1 0 -1 3 2 1 -1 0 1 2 -1 41
50 63
50 63
28 0 23 0 5 0 3 0 3 0 -1 0 -2 0 -6 0 2 0 -3 0 -1 0 -1 0 -5 0 1 0 5 1 1 0 2 0 1 0 -3 0 -5 2 1 0 1 0 -1 0 2 0 1 3 -1 2 -1 29
14 0 -6 0 4 0 2 0 -4 0 -16 0 1 0 6 0 3 0 1 0 -2 0 1 0 9 0 -1 0 4 1 -2 0 -2 0 -1 0 6 0 -1 3 -1 1 -1 0 1 6 1 5 -1 0 -1 0 -1 4 -1 16
47 0 -2 0 2 0 -3 0 3 0 -1 0 -1 0 2 0 -2 0 1 0 -1 0 1 0 -2 0 1 0 -1 1 1 0 -1 0 1 5 1 39
37 0 15 0 -15 0 -4 0 12 0 -4 1 -1 0 3 0 -1 1 -1 0 3 0 -1 3 -2 0 2 0 -1 4 -1 0 1 38
0 0 9 0 -3 0 4 0 -4 0 10 0 2 0 -9 0 5 0 3 1 -1 0 1 0 1 0 3 3 -1 1 2 3 1 0 -1 1 1 36
-14 0 6 0 9 0 -1 0 -2 0 -1 0 2 0 -6 0 -10 0 2 2 2 1 -1 2 4 0 6 5 -2 0 -1 5 -1 0 -1 6 1 24
28 0 -35 0 -6 0 -24 0 -5 0 -2 0 -5 0 -1 0 -2 0 -1 1 2 0 -1 0 -1 0 1 0 1 0 2 2 1 1 1 2 1 0 1 38
45 0 -1 0 -1 0 -2 2 1 57
41 0 1 1 1 0 -1 0 1 2 -1 55
32 0 19 0 6 0 -13 0 -3 0 6 0 4 0 2 0 -5 0 1 0 -1 0 -2 0 1 0 -2 0 -1 1 1 0 1 0 1 0 -1 0 -1 2 -1 6 1 33
-12 1 2 1 3 2 3 1 2 1 2 0 -1 0 2 0 -1 3 1 0 -1 6 1 37
-22 0 6 0 -5 0 8 0 -2 0 1 0 -1 0 3 0 -1 1 1 0 2 0 -1 3 1 0 -1 0 1 45
-4 0 -7 0 1 0 4 0 -4 1 2 0 -4 0 1 55
3 1 1 61
4 63
4 63
3 63
3 63
3 63
3 63
3 63
2 63
-4 0 12 0 -1 0 -6 2 1 57
-26 0 -1 0 -1 0 1 60
-30 0 8 0 5 0 -2 0 -5 3 -1 2 1 0 1 51
-30 0 -15 0 -8 0 1 0 -1 0 1 0 1 0 4 0 4 0 -1 1 1 0 2 51
-16 0 1 0 -3 61
-12 0 -6 0 2 0 -1 0 -1 2 -1 0 1 0 -1 54
-10 2 1 0 -1 0 -1 2 -1 55
-10 1 2 61
-7 0 -2 0 1 1 1 59
-5 0 -1 0 -1 61
-6 0 2 62
-8 63
-9 0 1 0 -1 0 -1 60
-11 0 -2 1 1 60
-8 0 -1 0 -1 61
-7 1 1 1 -1 59
-7 63
-4 0 -1 0 1 61
-6 0 5 0 -3 0 -2 0 2 3 -1 55
-13 0 -2 0 -3 1 -2 0 2 2 1 55
-12 0 2 1 -1 60
-15 1 1 0 -1 0 -1 0 1 1 -1 56
-15 0 -2 1 1 60
-11 0 -1 62
-13 0 1 62
-15 2 1 60
-11 0 -2 0 1 1 1 0 -1 2 -1 55
-9 0 -1 62
-7 0 -1 62
-6 0 1 1 -1 60
-17 0 5 1 3 1 -1 58
-14 0 -2 0 -6 0 -1 0 2 0 1 2 -1 0 -1 54
-10 0 -3 0 -12 0 1 0 2 0 4 3 -1 3 -1 50
-5 0 -1 0 -14 1 -2 0 -1 1 1 0 2 0 1 54
-4 1 -2 1 -3 0 -4 1 -1 0 -1 0 -1 54
-3 1 2 0 -1 0 -1 0 -1 2 -1 0 -1 54
-5 0 1 2 1 0 1 58
-9 0 3 0 -2 2 1 58
-12 1 1 2 -1 1 -1 0 1 0 -1 54
-13 0 1 0 -4 1 2 0 -4 3 -1 54
-18 0 4 0 -13 1 2 0 -3 3 -1 54
-28 1 3 2 -1 3 1 54
-29 1 1 61
-29 0 -1 0 1 61
-26 0 -2 0 1 61
-13 0 -6 0 23 0 -2 0 -6 0 2 0 -1 0 -3 0 3 3 -1 51
-9 0 -1 0 11 1 7 0 -5 1 1 1 1 1 1 52
-9 0 1 0 -5 1 2 0 -5 1 -1 1 -1 4 -1 49
-27 0 14 0 -6 0 2 0 -4 0 -2 1 1 0 -2 0 1 54
-27 0 -8 0 5 0 -1 1 1 0 -1 0 -2 56
7 0 -17 0 -3 0 -3 0 1 1 -1 0 1 0 1 55
23 0 -3 0 -1 61
20 0 4 0 -3 0 3 0 3 2 -1 0 1 55
23 0 -5 0 -7 0 1 0 -2 0 -1 58
28 0 3 0 -8 0 -1 0 2 0 -2 58
30 0 -5 0 -4 0 -2 0 -3 2 -1 56
33 0 -2 0 -1 1 1 59
31 1 3 0 2 0 -2 0 1 1 -1 0 1 3 -1 51
28 0 5 0 -1 1 1 2 1 0 -1 55
21 0 2 0 -1 61
15 0 5 0 -1 0 -1 60
7 1 -1 0 1 60
8 1 -1 61
10 0 -1 0 -2 61
9 0 1 0 -1 0 2 60
10 1 -2 0 1 0 -1 3 -1 0 1 54
14 0 -1 0 -1 0 -1 60
13 0 2 0 -3 1 2 0 2 2 -1 3 -1 51
19 0 -2 0 -1 0 -2 0 -2 3 1 55
15 0 2 0 1 0 1 0 1 59
15 0 -1 0 -1 61
19 0 -3 0 -1 0 -1 0 -1 59
21 0 -1 0 -1 61
24 63
27 0 -2 0 -1 0 -1 60
28 63
31 0 -1 62
33 0 -2 62
19 0 14 1 2 60
9 63
10 1 -1 61
9 0 -3 0 -2 0 3 1 -1 1 1 56
11 63
11 63
11 63
10 63
9 63
16 0 -14 0 -6 0 9 0 5 1 -2 0 -2 0 1 0 -1 1 -1 0 -1 0 1 2 1 0 1 0 -1 5 1 39
35 0 14 0 4 0 -7 0 -10 0 -2 0 -1 0 3 3 4 0 6 0 2 3 -1 46
26 0 -12 0 -5 0 -2 0 -3 0 -5 0 1 0 4 0 8 0 1 0 1 0 1 0 3 0 4 0 1 3 -3 0 -2 2 1 0 1 0 1 0 2 0 1 37
43 0 4 0 1 0 -1 0 -2 0 1 0 -2 0 -3 0 -1 0 -2 0 -1 0 -1 0 1 0 -2 0 -1 3 -2 0 -1 4 -2 39
42 0 -1 0 -2 1 -1 0 1 2 1 3 1 51
42 0 2 0 -4 0 -2 0 5 0 -2 0 1 0 -3 0 3 0 -2 1 2 0 -2 0 2 0 -1 1 -1 0 1 0 -1 0 1 4 1 39
16 0 18 0 -18 0 -2 0 -12 0 -2 1 3 0 -8 0 -3 0 1 0 -1 0 -2 0 3 0 1 1 1 1 2 5 -2 0 1 13 -1 24
-12 0 3 0 1 0 2 0 2 0 -1 0 2 0 1 0 -1 0 -1 1 1 0 1 0 1 3 1 46
-11 0 1 0 -2 0 2 0 2 0 1 0 -1 0 -3 0 -1 0 -1 1 1 0 1 0 -1 0 1 2 1 0 -1 5 1 1 -1 37
-4 0 -2 0 3 0 -3 0 -7 0 -6 0 1 0 7 0 3 0 1 2 -2 3 -2 0 1 0 -1 0 -2 3 1 0 2 0 1 5 -1 0 -1 7 1 23
-4 0 -8 0 1 0 16 0 9 0 4 0 -4 0 7 0 8 0 1 0 3 0 -2 1 -2 1 -1 0 -1 0 -1 0 -2 2 1 2 -3 0 -1 0 1 4 -2 0 -1 6 1 5 1 0 1 17
49 0 -3 1 1 0 -1 4 1 54
49 0 2 0 1 2 1 0 -1 3 1 53
52 0 -1 0 -2 2 -1 2 2 0 1 54
34 0 33 0 5 0 -17 0 -3 0 -1 0 4 0 -3 0 -1 2 4 2 -1 1 -3 2 1 2 1 41
2 0 -14 0 -8 0 4 0 -11 0 6 0 -2 0 -1 0 -8 0 4 0 -1 0 1 4 1 0 1 0 -6 0 5 4 2 0 -3 0 2 5 -1 0 1 30
22 0 -26 0 3 0 15 0 6 0 -5 0 3 0 1 0 -1 0 -8 0 -2 0 -3 0 5 0 -8 0 4 0 1 0 1 0 3 0 -3 0 1 2 1 2 -2 0 1 5 -2 0 1 30
51 63
48 0 6 1 -4 1 3 0 2 1 -4 1 -1 1 3 0 -1 0 -1 2 -2 1 1 3 1 1 -1 38
22 0 -3 0 -6 1 -8 0 24 0 1 0 -2 0 -4 0 6 1 -1 0 -2 0 4 0 -1 2 -1 1 3 0 -3 4 -1 0 1 0 -1 5 1 0 -1 6 1 6 -1 15
21 0 4 0 14 0 -2 0 -4 0 17 1 -1 0 10 0 -11 2 -3 0 6 0 -6 2 1 1 -1 6 -2 0 1 6 2 5 1 0 -1 22
38 0 -20 0 7 0 -10 0 6 0 -1 0 -1 0 1 0 -2 0 -5 0 1 0 -2 0 -1 0 -5 0 2 0 1 0 -2 0 -1 0 -3 0 2 0 -1 3 -1 1 -1 37
43 0 5 0 8 0 2 0 -6 0 -3 0 -1 0 -1 0 5 0 -1 1 1 0 -1 0 -2 0 1 1 -1 0 -1 0 2 1 -1 4 -1 0 1 37
10 0 43 0 8 0 -1 0 6 0 -4 0 -2 0 -3 0 -9 0 7 1 -1 0 1 0 -2 0 -3 0 1 0 -1 0 7 0 1 0 -1 3 -1 0 -2 0 2 4 -1 0 -1 4 1 27
-20 0 -1 0 -7 0 -1 0 -1 0 2 0 -1 0 -1 0 -3 0 -2 1 -1 0 -1 0 -2 0 -1 1 1 0 -1 0 -1 0 1 3 -1 0 -3 6 2 0 1 6 1 24
34 0 -24 0 -1 0 -21 0 -2 0 1 0 -9 0 -1 2 -3 3 1 0 -1 3 1 5 1 38
46 0 -2 1 -2 2 1 57
43 0 1 62
41 0 2 0 -4 0 -2 0 3 0 -1 0 1 0 -2 0 2 0 -1 0 -1 0 1 0 -1 0 1 2 -1 47
-14 0 -1 0 -14 0 13 0 -9 0 5 0 2 0 -4 0 -1 0 -3 0 2 0 1 0 -1 1 2 0 1 0 -4 7 1 5 -1 33
-6 0 5 0 -3 0 4 0 -4 1 1 0 -4 0 8 0 -2 0 1 1 -1 0 -3 1 -1 3 -1 1 -1 1 1 0 -2 0 2 2 -1 3 1 0 -1 30
-1 0 13 0 1 0 16 0 3 0 -1 0 1 0 1 0 -5 1 -2 0 4 0 -1 0 1 0 -1 1 3 0 -2 0 1 7 -1 9 -1 0 -1 26
2 2 -1 60
3 0 -1 62
3 63
3 63
3 63
3 63
3 63
2 63
2 63
-3 0 9 1 -6 0 1 1 1 57
-24 0 3 1 -2 0 -3 1 1 0 2 0 1 55
-37 0 -4 1 8 0 7 0 1 1 2 0 2 0 -1 1 -1 0 -2 51
-15 0 -2 0 -2 0 -2 1 -1 0 -1 1 -1 55
-13 0 -2 0 -1 2 1 58
-13 1 1 1 -1 59
-12 0 -1 0 1 5 1 55
-11 1 -1 1 1 0 -1 58
-10 0 -1 0 -2 1 -1 3 -1 55
-8 0 -1 0 2 1 -1 0 1 58
-8 1 2 61
-8 1 1 1 1 59
-8 0 -1 0 -3 1 2 0 2 58
-4 0 -1 0 -6 1 -1 3 1 55
-4 0 1 0 -1 61
-7 0 1 0 -1 61
-8 0 -1 62
-4 0 -1 62
-3 0 -1 0 1 61
-3 0 1 0 -1 0 -1 0 1 59
-10 0 3 0 -1 0 1 0 -1 59
-12 0 1 62
-12 63
-12 63
-13 63
-14 0 1 0 -4 1 2 0 2 2 -1 0 -1 4 1 49
-12 0 -3 0 -3 0 1 0 -2 0 1 2 1 55
-8 0 -1 62
-6 0 -1 62
-3 0 -2 0 -3 1 2 0 2 2 -1 0 -1 54
-5 0 -1 0 -14 0 3 0 2 0 1 0 -1 0 1 0 2 0 1 54
10 0 -7 0 -4 0 -2 0 -4 0 -4 3 -1 3 1 50
13 0 2 0 4 0 -1 0 -1 0 -2 2 -1 4 -1 0 -1 49
5 0 4 0 2 1 2 0 -1 2 1 0 1 54
0 1 -2 0 1 1 -3 3 1 54
0 1 -1 2 -2 2 -1 55
-1 4 -1 58
-3 0 2 0 -1 61
-11 0 5 0 -3 5 -1 55
-17 1 2 0 1 0 -2 0 1 2 1 55
-14 0 -3 0 4 61
-31 0 1 0 -4 5 -1 0 1 54
-33 0 1 0 -3 2 1 3 1 54
-34 1 -1 1 -1 0 2 58
-32 0 -1 0 2 1 -1 0 2 58
-39 0 9 0 4 5 1 55
-44 0 -6 0 8 0 1 0 -1 0 1 2 -2 0 1 54
-33 0 -3 0 11 0 -1 1 4 2 -1 55
-37 0 5 0 4 0 1 0 5 0 5 2 1 55
-31 0 -10 0 -4 0 4 1 1 0 -2 57
13 0 -15 0 -2 0 -5 0 -1 1 -1 57
25 0 -2 62
23 0 2 0 1 0 3 0 -1 0 -1 58
26 0 -1 0 2 0 1 2 -1 57
33 0 -2 0 1 0 -1 60
33 0 1 0 1 61
35 0 -3 0 -1 61
30 0 8 0 -2 1 1 2 1 0 -1 55
25 0 -4 0 3 0 -1 0 1 2 -1 0 1 2 -1 0 1 51
24 0 3 0 -1 0 1 0 -1 59
15 0 5 0 2 1 -1 2 -1 56
10 1 -1 0 1 60
11 0 -1 0 -1 61
14 0 -1 0 -1 61
12 0 1 0 -4 0 1 0 1 2 1 56
14 0 -1 0 -4 61
15 0 -1 0 -1 0 1 0 1 2 -1 0 -1 3 -1 51
20 2 -2 0 -2 0 -1 58
15 0 1 0 2 0 1 0 1 59
16 0 -1 0 -1 61
19 0 -1 0 -2 61
22 0 -1 0 -1 61
24 0 -1 0 -1 61
26 0 -1 62
28 2 -1 60
29 0 -1 62
31 0 -1 62
33 0 -2 62
21 0 14 0 -1 0 1 60
9 63
10 1 1 2 -1 58
11 0 -2 4 1 57
11 63
11 63
10 63
10 63
9 63
30 0 -24 0 -2 0 -5 0 -4 1 3 0 6 0 2 0 -1 0 1 0 2 4 -2 0 -1 0 1 5 -1 39
10 0 29 0 17 0 12 0 4 0 1 0 -1 0 -7 0 -6 0 -1 0 -1 0 -3 0 1 0 2 2 -1 0 -1 0 1 0 -1 0 -1 4 -1 0 1 37
16 0 -20 0 -6 0 5 0 -1 0 3 0 2 0 4 0 -9 0 -2 0 -1 0 3 0 8 0 2 0 -2 1 -1 0 4 0 7 0 1 0 -1 2 -1 0 -2 6 -1 0 -2 1 1 29
45 0 -4 1 -5 0 -3 0 -5 0 -1 0 -2 0 2 0 1 2 6 0 2 3 1 0 1 0 1 0 1 3 1 0 1 5 1 32
43 63
45 0 -1 0 1 1 -1 59
44 0 1 2 2 2 -1 3 1 0 -1 51
16 0 19 0 -26 0 1 0 -6 0 -1 0 3 0 7 0 -9 0 -2 2 -2 0 2 2 1 0 1 0 -5 5 -1 6 1 14 -1 17
-3 0 -1 0 -1 0 5 0 8 2 -3 0 -3 0 -4 0 2 0 1 0 1 0 1 0 -1 0 1 0 1 0 1 0 1 0 -1 4 -2 0 -1 7 1 30
-4 0 10 0 -15 0 3 0 1 0 9 0 -7 0 7 0 -4 1 -2 0 -3 0 2 0 3 0 -2 1 -1 1 -5 0 2 0 1 2 1 0 1 1 -1 3 1 0 1 0 -2 0 1 5 1 1 -1 22
-3 0 -18 0 4 0 12 0 3 0 -2 0 -7 0 -7 0 -1 0 -2 0 4 0 -1 0 1 0 -2 0 1 0 -1 0 1 1 -4 0 4 0 -1 0 1 1 1 0 -2 0 2 0 -1 3 1 1 -1 0 1 6 1 23
48 63
49 0 2 1 1 0 -1 1 -2 57
51 1 1 1 1 0 1 58
33 0 29 0 -1 0 -8 0 -1 0 1 0 -4 0 1 0 -2 0 1 0 3 0 -1 1 -1 0 1 4 -1 0 -1 0 -1 4 1 1 1 4 -1 30
4 0 2 0 9 0 5 0 -1 0 -3 0 2 0 1 2 -1 0 1 0 -1 0 -3 0 -2 1 -1 1 1 0 -1 0 -1 3 1 0 -2 0 1 6 -1 6 -1 23
23 0 -34 0 2 0 6 0 1 0 -1 0 6 0 -1 0 1 1 -2 0 1 0 1 2 -1 0 1 0 -1 1 -1 0 2 4 -1 0 1 1 1 3 -1 31
51 63
29 0 33 0 4 0 -2 0 -2 0 6 0 -9 0 -4 0 -8 0 2 0 5 0 3 0 3 0 -1 0 4 0 -1 1 1 1 -4 0 2 2 -1 0 1 0 1 0 -1 3 1 33
28 0 -2 0 9 0 11 0 -7 0 7 0 -10 0 -8 0 2 0 4 0 -3 0 3 0 -2 0 3 0 2 0 2 0 3 0 4 1 4 0 -1 0 -1 1 -1 0 -1 0 2 1 -1 2 -1 0 -1 2 -1 29
32 0 -4 0 17 0 -2 0 1 0 3 0 1 0 4 0 5 0 -4 0 -2 0 -2 0 -6 1 -4 1 2 0 2 0 2 0 -1 0 3 0 -1 2 -2 0 1 7 -2 30
41 0 -16 0 6 0 -8 0 8 0 -7 1 6 0 -9 0 -3 0 1 0 3 0 -2 0 -3 1 1 1 1 0 -1 1 -2 2 1 1 1 0 -1 2 -1 2 1 31
47 0 4 0 -3 0 -2 0 4 0 -2 0 1 0 -3 0 3 0 -1 0 -1 0 2 0 -2 0 1 0 -1 1 -1 0 1 0 -1 0 1 44
4 0 36 0 -11 0 3 0 -5 0 -2 1 9 0 -2 0 -1 1 -3 0 1 0 1 2 -4 0 7 0 -1 3 1 0 -2 0 2 5 -2 0 2 32
-18 0 4 0 2 0 -1 0 -2 0 4 0 1 0 -1 1 2 0 1 1 1 1 1 1 1 0 1 0 1 3 -1 0 1 0 1 12 -1 6 1 9 1 9
38 0 -16 0 1 0 -8 1 -1 0 -2 0 -3 0 -1 0 1 0 -2 0 -2 1 1 1 -2 0 -1 4 -1 42
47 0 -2 0 -1 0 1 2 1 0 -1 56
43 0 2 62
42 4 1 2 -1 55
4 0 33 0 20 0 15 0 -16 0 12 0 -2 1 -8 0 2 0 -1 0 2 0 -1 0 -1 2 1 0 -1 1 1 0 -1 5 1 37
-19 0 8 0 7 0 8 0 15 0 12 0 3 0 11 0 7 0 -2 0 1 0 1 0 -4 0 -2 0 2 3 2 0 1 0 -1 2 -1 1 -1 0 -1 5 -1 31
-4 0 -7 0 1 0 10 0 10 0 1 0 -3 0 5 0 1 0 -2 2 -2 0 -3 1 -1 0 -2 0 -2 0 -1 2 -1 0 -1 0 -1 0 -1 3 -1 0 -1 34
5 0 7 0 -6 0 9 0 -7 0 2 0 5 0 -7 0 2 1 1 0 -3 0 1 10 -1 40
3 63
3 63
3 63
3 63
3 63
3 63
2 0 1 62
2 63
-3 0 7 0 1 0 -3 2 1 57
-30 0 10 0 3 0 4 0 5 0 1 0 -1 0 -5 0 -3 3 -1 4 1 46
-21 0 -5 0 -8 0 -2 0 -2 0 -1 0 -1 0 -1 0 -1 0 -1 54
-13 0 -3 0 -1 0 -1 0 -1 2 -1 56
-10 0 -1 0 -1 61
-11 0 1 0 -1 61
-12 63
-11 0 -1 62
-9 0 -2 0 1 2 1 58
-7 0 -1 0 -1 1 1 59
-6 0 -1 0 -4 0 1 0 1 59
0 0 -2 0 -4 2 -1 58
7 0 -3 0 -4 0 -1 0 -2 0 -2 1 1 0 1 55
3 0 4 1 1 0 1 0 -1 2 -1 55
-1 0 2 0 -1 61
-4 0 2 0 -1 61
-7 1 -1 61
-5 0 -3 62
-2 1 -1 61
-2 63
-3 0 1 0 -2 1 1 0 -1 58
-7 0 3 0 -3 61
-12 1 -1 61
-12 1 -1 61
7 0 -18 0 -13 1 4 0 -3 1 2 0 3 4 1 50
20 0 9 1 -3 0 -8 0 -7 2 1 0 -2 2 -1 7 -1 43
13 0 -1 0 -6 0 -3 0 10 0 -5 1 1 0 -3 0 -1 1 1 0 -1 51
-3 0 2 0 -8 0 4 0 -3 0 3 0 1 0 -3 0 1 0 -1 1 -1 6 1 45
0 0 -1 0 -4 0 -1 0 -3 0 -2 1 1 0 2 55
1 0 -2 0 6 4 -1 0 -3 0 -2 3 1 50
4 0 -2 0 -2 1 2 0 4 1 1 0 2 55
5 0 2 0 4 0 -1 0 -2 59
-5 0 5 0 7 0 1 0 1 0 2 2 -1 0 1 3 -1 50
-12 0 1 0 3 1 1 0 2 2 1 0 1 54
-13 0 -1 0 3 2 1 3 1 54
-9 0 -3 0 4 0 1 0 -1 0 1 58
-1 0 -1 0 1 0 -2 0 2 0 -1 1 1 56
-3 0 2 62
-6 0 1 0 -1 1 1 59
-12 0 5 0 -5 1 1 59
-21 0 2 0 -1 0 1 0 -2 0 1 58
-29 1 2 61
-33 0 5 0 4 0 -1 0 -2 0 -1 58
-41 0 -1 0 10 0 2 1 -1 1 -1 56
-33 0 -3 0 2 0 -1 0 2 0 -1 1 1 56
-38 0 8 0 -4 0 -1 0 2 0 1 58
-46 0 -3 0 -6 0 1 0 -3 0 2 2 -1 55
-38 0 -5 6 1 55
-30 0 -3 0 -1 2 -1 58
-20 0 -11 0 -2 0 6 0 1 1 -2 57
17 0 -10 0 -1 0 -4 0 -1 1 -1 57
25 0 -1 62
15 0 12 0 5 1 -3 2 1 56
3 1 14 0 3 0 -1 0 2 0 -1 5 -1 0 1 50
27 0 -9 0 4 0 -4 0 3 1 -1 0 1 56
32 63
37 0 -3 0 -1 0 -1 60
36 0 3 0 -1 0 -1 0 1 1 1 57
17 0 8 0 8 0 5 0 -7 0 -4 2 1 0 1 0 1 2 -1 0 -1 49
23 0 -2 0 5 0 -2 0 4 0 -2 1 1 0 -2 0 1 3 1 50
19 0 5 0 -3 0 -1 0 1 0 -1 58
12 1 -1 0 1 60
13 0 -1 62
15 0 -1 0 -1 61
17 0 -1 62
19 0 -1 0 -3 1 1 59
20 1 -1 0 -1 0 -3 0 -1 58
16 0 3 0 1 0 1 0 2 0 1 58
17 0 -3 0 -3 61
21 0 -1 0 -2 61
23 0 -1 0 -1 61
24 1 -1 61
26 0 -1 0 -1 61
26 63
27 0 -1 62
28 0 -1 0 1 2 -1 58
31 0 -1 0 1 61
32 0 -1 0 1 61
23 0 13 0 1 61
11 1 -2 61
11 1 -3 0 -1 60
12 0 -2 0 -1 0 -1 2 1 57
11 63
11 63
10 63
10 63
10 63
38 0 1 0 -6 0 -21 0 -1 0 3 0 -3 0 -3 0 -5 0 -3 0 -2 0 1 0 1 0 3 0 -1 0 1 0 -1 0 2 0 -1 1 2 1 1 0 -1 2 -2 3 1 2 1 30
3 0 -1 0 2 0 -1 0 -5 0 -13 0 4 0 2 0 2 0 -7 0 2 0 6 0 6 0 -1 0 2 0 -1 0 -2 0 -2 1 2 0 1 2 -2 0 -1 1 1 6 1 4 1 1 1 23
35 0 -15 0 1 0 -5 0 -1 0 -2 1 1 0 -3 2 -1 0 -2 0 -1 2 -1 0 -1 0 -1 45
4 0 28 0 16 0 14 0 -3 0 14 1 -2 0 2 1 1 0 -2 0 -2 0 -6 2 1 0 -3 1 -2 4 1 0 -1 5 1 32
24 0 -24 0 21 0 -2 0 12 0 -2 1 -3 0 5 0 -1 1 -1 0 5 0 -3 10 2 0 -1 6 -1 31
43 0 -1 62
45 0 -1 2 -1 59
46 0 1 0 -1 0 1 2 -1 10 1 46
22 0 25 0 -21 0 -7 0 4 0 3 0 8 0 2 0 -16 0 -2 0 -2 0 5 0 5 0 -2 0 -2 1 -2 0 2 0 -1 1 1 0 1 2 1 0 -1 0 -1 3 1 1 -1 6 1 24
-11 0 -5 1 1 0 -14 0 7 1 -5 0 -5 1 1 0 -1 0 -5 0 6 0 1 2 2 0 -7 0 4 4 1 6 1 0 -2 27 1 3
16 0 -30 1 6 0 14 0 -4 1 9 0 -2 1 1 0 -5 0 -2 0 3 3 -1 1 4 0 -2 2 2 0 -3 0 2 5 -1 1 1 3 -1 2 1 23
48 0 -1 62
49 0 3 1 1 2 -1 0 -1 56
52 0 -1 62
38 0 26 0 -5 0 -12 0 5 0 1 0 1 1 -2 1 2 0 -2 0 1 2 -1 0 2 3 1 5 -1 9 1 27
2 0 -3 0 -9 0 11 0 2 0 4 0 1 0 -3 1 -1 0 1 0 -1 0 1 1 1 0 -1 1 1 0 1 2 -1 1 -1 0 1 7 1 31
16 0 -4 0 -5 0 9 0 -15 0 1 0 -8 0 -1 0 -4 0 1 0 -1 0 2 0 1 0 -1 0 -1 0 1 1 1 4 -1 1 1 4 1 34
45 0 -7 0 10 0 1 0 6 0 -5 0 -1 0 -2 0 -1 0 2 0 -1 1 3 0 -1 2 1 1 -2 0 1 3 -1 1 1 38
49 0 2 0 -3 0 1 0 2 0 -2 0 -1 0 1 0 2 0 -2 1 -2 0 1 0 1 0 -1 2 -1 0 1 0 1 0 -1 3 -1 39
42 0 6 0 -12 0 5 0 5 0 -6 0 1 0 6 0 2 0 -2 0 -3 0 1 0 4 0 -1 0 1 0 1 0 -4 1 2 0 -1 0 1 1 1 0 -1 0 -1 39
34 0 11 0 -21 0 -7 0 4 1 -6 0 -7 0 -4 0 5 1 -2 0 -3 0 -3 0 -1 0 -2 0 1 0 3 0 1 1 -2 1 -1 1 3 0 1 0 1 0 -1 2 -1 1 1 31
37 0 -21 0 -10 0 -2 0 -10 0 6 0 6 0 -3 0 6 0 2 0 4 0 2 0 -1 0 3 0 -2 0 1 0 3 0 -2 0 1 0 -1 2 1 3 -1 6 -1 6 -1 23
49 1 -1 0 1 3 1 56
21 0 22 0 2 0 13 0 4 0 -1 0 3 0 -4 0 2 0 -2 0 -3 0 1 0 -5 0 2 0 -2 1 -3 0 4 0 1 1 -1 1 1 41
-11 1 -6 0 1 0 -4 0 2 0 1 0 -6 0 2 0 1 0 1 0 -5 0 4 0 2 0 -1 1 -3 0 1 0 1 3 -1 0 1 0 1 4 1 0 -2 6 -1 6 -1 19
27 0 -20 0 6 0 7 1 -2 0 1 0 -4 4 1 3 -2 4 -1 0 -1 5 -1 0 1 0 -1 5 1 6 1 20
46 0 -1 0 1 0 3 0 -1 1 -1 0 1 56
45 0 3 0 -1 0 1 60
42 0 1 0 -1 1 1 59
31 0 20 0 -16 0 -8 0 11 0 5 0 1 1 -7 0 4 1 -2 0 5 0 -3 0 2 2 -1 0 1 0 -2 0 2 5 -1 4 -1 32
3 0 4 0 -31 0 -6 0 -1 0 8 0 2 0 7 0 13 0 10 0 -1 0 -4 0 4 0 2 0 1 0 1 0 2 1 -1 0 1 0 2 2 -1 0 -1 1 1 0 1 2 -1 2 1 0 1 1 -1 27
0 0 -10 0 2 0 -5 0 -7 0 -3 0 -3 0 1 0 3 0 1 0 1 0 1 0 -1 1 -2 0 1 0 1 0 -1 1 -1 3 1 1 1 38
8 0 10 0 2 0 8 0 7 0 2 0 1 0 7 1 1 0 -1 0 2 0 -1 0 1 1 1 6 -1 5 -1 35
3 63
3 63
3 63
3 63
2 63
2 63
2 0 1 62
1 1 1 61
-7 0 12 0 1 0 -5 1 1 0 2 1 -2 3 1 51
-24 0 -10 0 -8 1 -3 0 1 1 2 0 2 2 1 0 2 51
-11 0 -2 0 -1 0 -1 60
-8 0 -1 0 -1 2 -1 58
-9 0 3 0 -1 0 -1 0 -2 0 1 2 -1 55
-10 0 -2 0 2 0 -1 0 1 0 1 2 1 0 -1 54
-9 1 -1 1 1 59
-8 0 -1 0 -3 1 1 0 1 2 -1 0 -1 54
-3 0 -3 0 -7 1 1 0 2 2 1 4 -1 50
4 0 -2 0 -6 0 -1 0 -1 0 -1 58
3 0 1 0 -4 0 1 1 1 6 -1 51
5 0 -1 0 -2 1 -1 59
5 0 2 0 1 2 1 58
2 63
1 0 1 0 -1 61
-2 0 2 0 -2 61
-4 1 -2 61
-4 1 -1 61
-3 0 -1 0 1 61
-1 63
-2 63
-3 0 2 0 -1 61
-9 0 3 0 -1 1 -1 59
-12 63
15 0 -20 0 2 0 -3 0 1 0 1 58
24 0 11 0 -6 0 -5 0 4 0 -1 0 1 0 -1 0 2 1 -1 0 1 52
12 0 -10 0 6 0 -2 0 -11 0 -3 1 -2 0 1 55
7 0 7 0 10 0 3 0 4 0 -2 0 1 0 1 0 -1 0 -1 1 1 0 1 51
1 1 -4 0 1 0 3 0 1 1 1 0 2 0 1 2 -1 51
7 0 -3 0 -1 0 -1 0 -4 0 -4 6 1 1 -1 49
3 0 4 0 9 0 1 1 -1 1 -1 0 -1 55
-5 0 6 0 4 1 1 0 1 1 -1 56
-10 1 -1 2 1 58
-11 1 -2 61
-11 1 -4 61
-13 1 -1 1 -1 0 1 58
-5 0 -8 0 2 1 1 2 -1 56
-2 0 2 1 1 60
-1 0 -2 0 -1 61
-1 0 2 0 -2 61
-9 0 6 0 -5 0 -1 0 1 0 -1 3 -1 54
-33 2 1 60
-36 0 6 0 -3 0 -1 0 2 59
-49 0 2 0 -5 0 2 0 -1 0 1 58
-39 0 -7 0 2 0 -1 0 -1 1 -1 1 1 55
-28 0 -4 0 1 0 -1 0 3 0 -3 1 -1 4 1 51
-32 0 7 0 -1 1 -3 0 -1 58
-43 0 1 0 5 0 2 4 -1 55
-38 0 -3 0 3 0 1 1 1 3 1 54
-17 0 -20 0 -1 0 6 0 2 1 -1 57
21 0 -6 0 -1 0 -3 0 -1 1 -1 57
26 2 -1 60
5 0 23 0 2 0 -4 0 -1 1 1 57
-13 0 -23 0 2 0 3 0 6 0 2 0 1 0 -1 0 3 1 1 0 -1 0 -1 4 -1 46
23 0 -9 0 -2 1 -3 2 -1 56
33 0 -1 0 -1 1 1 59
36 1 -1 0 -1 0 -1 0 1 58
34 0 3 0 1 0 -1 1 2 0 1 57
-6 0 31 0 -14 0 4 0 6 0 10 0 -1 0 1 0 -5 0 2 0 1 2 -1 0 1 49
3 0 -23 0 -7 0 -4 0 -6 0 7 0 -1 0 -2 0 6 0 2 2 1 0 1 0 1 49
20 0 4 0 2 0 -1 1 -1 58
13 1 1 0 1 0 1 59
14 0 -1 62
16 63
17 0 -1 1 1 0 1 3 -1 55
22 1 1 0 -2 0 -2 59
16 0 2 0 1 0 1 0 2 0 1 58
19 0 -2 0 -2 61
22 0 -1 0 -2 61
24 1 -1 61
25 0 -1 0 -1 61
27 1 -1 61
27 1 -1 61
27 1 -1 61
28 1 -1 0 -1 60
27 1 -1 61
28 2 -1 60
26 1 4 0 1 0 -2 0 -1 2 1 0 2 4 -1 49
18 0 12 0 3 0 1 0 1 0 -1 0 -1 1 -1 0 1 54
11 0 -2 0 1 61
13 0 2 0 1 0 -1 60
12 0 -3 4 1 57
10 63
10 63
10 1 -1 0 1 60
10 63
13 0 -6 0 -3 0 5 0 4 0 1 0 -2 0 -3 0 -1 1 1 0 1 0 1 3 -1 47
11 0 25 0 20 0 3 0 -5 0 2 0 1 0 -5 0 -5 0 3 0 -2 0 -1 0 1 0 -2 0 1 1 -1 0 1 2 1 5 -1 37
1 0 22 0 -2 0 -10 0 9 0 -3 0 -10 0 6 0 -7 2 2 0 4 0 -1 0 -1 0 -1 0 -2 0 1 0 -2 4 1 0 -1 0 1 3 -1 4 -1 29
34 0 -8 0 -3 0 -5 0 -4 0 -1 0 -2 0 -3 0 -1 1 -1 0 -1 4 -1 47
36 0 8 0 -14 0 -5 0 13 0 -4 0 1 0 -4 0 5 0 -2 2 -1 0 1 3 -1 0 2 5 -2 6 1 32
3 0 15 0 -4 0 7 0 -16 2 -6 0 -3 1 1 1 -1 1 2 1 1 0 -1 0 4 5 1 1 -1 0 -1 3 1 0 -1 7 -1 23
24 0 -22 0 22 0 -1 0 8 0 -2 0 -1 0 -5 0 6 0 1 2 5 0 -2 0 -1 2 -1 0 1 5 2 0 -1 38
45 0 -1 0 1 61
46 0 -1 0 -1 0 -1 3 1 0 1 3 -1 51
32 0 13 0 25 0 1 0 -10 0 -11 0 2 0 -4 0 -2 0 1 1 -1 0 5 0 5 3 1 0 -2 0 -2 4 -1 7 1 0 1 30
3 0 7 0 3 0 10 0 21 0 6 0 -3 0 -1 1 -4 1 2 0 1 0 -2 0 -2 2 -1 0 -2 1 -1 2 -1 7 1 1 1 5 1 24
42 0 -14 0 -10 0 -8 0 -11 0 -3 0 -2 0 -5 0 -3 2 -1 1 1 3 1 0 1 0 1 3 1 0 1 0 1 5 1 32
49 63
49 0 4 1 4 2 -1 0 -1 56
52 0 -1 62
52 0 2 0 -4 0 -2 0 3 0 -1 0 1 0 -2 0 2 0 -1 1 1 0 -1 0 1 50
27 0 -8 0 -4 0 18 0 -1 0 -1 0 9 0 -2 0 2 0 -2 1 -1 0 1 2 -1 0 1 3 -1 0 -1 42
18 0 20 0 1 0 5 0 -1 1 -5 0 2 0 -1 1 -3 1 1 2 1 0 1 11 -1 0 -1 34
31 0 3 0 -7 0 -7 0 -2 1 8 0 5 0 -3 0 2 0 -4 0 1 0 2 0 1 1 -2 0 -3 0 -1 3 1 2 -1 11 -1 27
12 0 3 0 11 0 3 0 -4 0 8 1 -2 0 -3 0 7 0 1 2 -2 0 2 3 1 6 -1 0 -1 37
19 0 -10 0 21 1 -1 0 8 0 4 0 2 0 6 0 4 1 -4 0 -6 0 1 0 -3 2 1 0 3 0 2 0 -1 2 -1 40
28 0 -8 0 27 0 -6 0 6 0 2 0 -2 0 4 1 -9 1 1 0 -1 1 1 1 -1 0 -2 0 -1 0 -1 0 2 3 2 0 2 5 1 1 -1 6 -1 7 1 15
31 0 -1 0 28 0 3 0 -1 0 -10 0 -1 0 -3 0 6 0 -2 1 1 0 2 0 -5 0 4 2 -1 1 2 0 -1 3 1 0 -1 0 1 5 -1 0 1 0 -1 5 1 23
25 0 1 0 31 0 1 0 5 0 -8 0 2 0 -3 0 -11 1 1 0 -2 0 5 0 3 0 1 1 -1 1 -2 0 2 0 -1 5 -2 4 1 1 -1 7 1 22
8 0 5 0 9 0 2 0 1 1 2 0 -1 0 3 0 2 0 1 2 1 0 2 1 -1 0 2 1 -1 0 1 2 1 1 -1 5 1 32
-7 0 16 0 5 0 6 0 1 0 -1 0 -6 0 6 0 -2 0 -1 0 -1 0 4 0 -1 0 -1 1 1 0 -5 0 2 4 -1 0 2 5 1 0 -2 0 1 32
7 0 -3 0 10 0 15 0 -5 1 8 0 3 2 3 0 -4 1 -1 1 -3 0 3 0 1 11 -2 0 1 5 2 0 -1 11 -1 14
45 0 1 0 1 0 -1 0 1 0 -1 1 1 0 -1 55
45 0 1 0 1 0 -1 0 2 59
42 0 2 0 1 1 -1 59
43 0 -2 0 5 1 -1 59
12 0 34 0 2 0 3 1 4 0 2 0 -1 1 5 0 -1 0 4 0 -1 0 -1 0 2 4 -1 11 -1 32
-15 0 -13 0 6 0 -3 0 -3 0 2 0 5 0 -3 0 3 3 2 0 1 0 1 0 1 2 -1 1 1 4 -1 3 -1 2 -1 31
5 0 -14 0 1 0 -8 0 -1 3 2 1 -5 0 -2 2 1 0 1 5 1 0 1 0 1 40
3 63
3 0 -1 62
3 63
3 63
3 63
3 63
2 63
0 0 2 0 1 1 -1 0 -1 58
-6 0 3 0 2 0 -1 0 1 0 -1 0 1 57
-12 0 -2 0 -1 0 1 0 1 59
-8 0 -1 0 -1 61
-7 0 1 2 -1 59
-6 0 -1 0 -3 1 2 0 1 58
-2 0 -3 0 -7 0 1 0 1 0 1 3 -1 3 -1 50
5 0 -2 0 -8 0 -1 0 -1 0 -2 1 1 0 1 0 1 4 -1 49
8 3 -2 0 -4 3 1 4 -1 49
8 1 2 2 -2 2 -1 0 1 54
8 0 -1 0 1 2 -1 58
9 63
8 0 1 62
5 0 2 2 -1 59
3 1 -1 1 1 59
3 1 -2 61
3 0 1 0 -1 61
-1 0 1 62
-2 0 1 62
-4 63
-2 0 -1 0 1 0 -1 60
-1 0 1 62
-2 1 1 61
-5 0 2 0 -2 1 2 59
4 0 -12 0 -16 1 3 2 2 0 3 3 -1 5 -1 45
21 0 -3 1 -1 0 -6 0 -3 1 -1 0 -2 55
15 0 12 0 9 0 -3 0 -1 0 1 0 1 2 1 54
-8 0 3 0 2 0 1 0 2 0 1 1 1 0 1 0 1 54
-9 0 -2 0 1 0 1 0 -1 59
-5 0 1 0 5 0 -1 1 2 1 -1 0 -1 0 1 3 -1 50
-7 0 -1 0 1 1 1 0 1 2 1 0 1 54
-9 2 1 60
-9 0 2 1 2 60
-7 1 -1 0 -1 60
-7 0 -1 0 -1 61
-5 1 -1 0 -1 60
-10 0 2 62
-8 0 -7 0 1 0 2 0 -1 59
-4 0 4 0 1 1 -1 59
-2 0 -3 0 1 1 1 59
2 2 -1 60
-1 0 2 0 -2 61
-32 63
-31 3 1 2 -1 56
-30 0 -1 0 -7 1 2 0 -2 58
-34 0 7 0 -8 0 -1 0 -2 2 1 0 -1 0 1 54
-42 0 -3 0 3 0 1 0 -2 0 1 2 -1 0 1 54
-43 0 5 0 4 1 2 0 3 1 -1 4 -1 51
-44 0 -3 0 -6 1 1 2 1 56
-37 0 -4 0 -5 1 -1 59
-12 0 -25 0 -3 0 4 0 1 59
24 0 -3 0 -1 0 -2 2 -1 57
27 2 -1 60
0 0 27 0 2 0 -3 0 -1 1 1 57
-11 0 -35 0 -1 0 2 2 1 0 1 2 1 53
26 1 -2 1 -1 2 1 0 -1 55
31 0 -5 0 3 1 1 0 -1 1 -1 4 1 51
39 0 -1 1 -1 60
37 0 2 62
32 0 3 0 -3 0 2 0 2 0 -1 0 -1 1 1 0 -1 54
26 0 6 0 -5 1 -1 3 -1 55
21 0 3 0 -3 0 -2 60
13 1 -2 0 1 0 -1 59
15 0 -1 62
16 3 1 2 -1 0 -1 55
19 0 -2 0 -1 0 -1 0 -1 2 1 0 1 55
16 0 3 0 2 0 1 0 1 0 1 2 -1 55
18 0 -3 0 -2 61
23 0 -1 0 -1 61
26 1 -2 0 -1 60
26 63
27 63
30 1 -1 0 -1 60
30 1 -1 61
30 1 -1 61
29 0 3 0 1 0 -2 0 -1 1 1 0 1 56
-1 0 12 0 18 0 7 0 -4 0 4 0 1 0 -2 0 -2 0 -1 1 -1 52
-14 0 12 0 28 0 -3 0 -3 0 7 2 -2 0 -1 2 1 51
-27 0 -7 0 22 0 4 0 5 0 8 2 5 0 2 2 -1 0 -1 50
4 0 -3 0 6 0 -5 0 2 0 -1 0 -2 0 1 1 1 3 1 50
6 0 -2 0 5 1 -1 0 -1 58
8 0 1 0 6 2 -2 58
10 0 -4 0 3 1 2 0 -1 0 1 1 -1 55
10 63
10 63
10 63
10 63
20 0 -19 1 13 2 -3 0 1 0 1 2 -1 52
-18 0 26 0 4 0 12 0 -3 0 3 0 6 0 -2 0 1 0 1 0 2 0 1 1 -1 0 1 0 1 4 1 0 1 42
-17 0 -31 0 9 0 15 0 2 0 -1 0 -6 0 -4 0 5 0 2 0 1 0 -1 0 -4 0 -1 0 1 2 -1 5 1 1 -1 4 -1 33
39 0 -7 0 -2 2 -2 1 1 0 3 0 1 2 -1 0 -1 10 1 0 1 38
44 0 4 0 4 1 2 2 -2 0 -2 2 -1 0 -3 0 -1 3 -1 0 -1 45
35 0 11 0 -10 0 -6 0 11 0 -5 0 1 0 -5 0 6 0 -2 1 1 0 -1 0 1 3 -1 0 1 5 -1 0 1 6 -1 31
4 0 9 0 -10 0 -1 0 -15 0 3 0 1 0 1 0 5 0 2 0 1 0 -1 0 -4 0 -1 0 -1 1 1 0 -1 0 4 6 -1 14 -1 23
8 0 -15 0 34 0 -1 0 -1 1 1 0 -2 0 4 0 -4 0 -1 0 -1 0 -4 0 4 0 3 2 -2 0 5 0 1 3 1 0 2 1 -1 6 -1 12 1 17
7 0 3 0 26 0 -4 0 10 0 6 0 5 0 -1 2 1 0 -6 0 1 0 -4 1 1 1 3 0 -4 0 -1 3 -1 0 2 5 -1 1 -1 5 1 25
-4 0 -11 0 -7 0 2 0 4 0 4 1 1 0 1 0 -2 0 1 0 2 0 7 0 5 0 1 0 -1 0 1 0 2 2 -1 1 2 0 1 0 -1 0 -1 3 1 1 1 5 -1 0 -1 0 -1 4 -1 19
33 0 -22 0 -17 1 -9 0 -1 0 2 0 4 0 3 2 3 0 5 0 2 3 1 0 1 4 -1 0 -1 6 -1 0 -1 31
49 63
49 0 -1 1 1 60
48 0 4 0 1 0 5 60
52 0 -2 0 1 61
56 0 -2 3 -1 58
47 0 6 0 -8 0 4 0 2 0 -1 0 4 0 5 0 -3 0 -1 0 -2 0 1 0 4 3 -2 0 1 2 1 3 1 39
19 0 24 0 -1 0 9 2 -7 0 -2 1 -1 0 1 1 -2 2 -1 0 -2 4 1 0 1 0 -1 40
35 0 2 0 9 0 -25 0 -1 0 -5 0 -4 0 5 2 1 0 2 3 1 0 1 6 1 4 1 35
4 0 1 1 -3 0 4 0 2 0 3 0 7 0 8 0 2 0 1 0 -2 0 -6 0 -2 0 1 2 1 0 3 0 1 4 1 0 1 0 1 4 -1 0 -1 31
-9 1 2 0 5 0 8 0 2 2 3 0 -3 0 -1 0 -2 0 -3 0 -2 2 1 0 -5 0 -6 1 1 4 -1 0 -1 4 2 0 2 0 1 30
6 0 -13 0 4 0 2 1 -1 0 1 0 -4 0 2 0 1 1 3 0 -1 0 1 0 1 1 1 0 1 0 1 5 3 0 1 0 -1 5 -1 5 -1 0 -2 0 -1 23
-16 0 9 0 9 0 4 0 3 0 -2 0 2 0 -3 0 -2 0 -1 0 1 1 -2 0 -3 0 -3 3 -1 5 1 0 -3 0 1 13 -1 5 1 17
-16 0 -1 0 -3 0 2 0 -1 0 1 0 -2 1 1 0 1 1 -2 0 4 0 -2 0 2 1 1 0 -2 0 1 5 -2 0 3 6 -1 0 1 5 -1 0 2 23
-6 0 -6 0 12 0 -5 0 1 0 -2 0 2 0 -1 0 11 0 -1 0 -1 0 1 0 1 1 -1 1 -1 0 -1 0 8 0 -4 0 -1 3 1 0 -1 6 2 0 -1 30
-5 0 5 0 -13 0 -11 0 6 0 2 0 2 0 -2 0 -3 0 2 0 1 0 1 1 3 0 -2 0 -1 0 3 0 -4 0 3 0 -1 0 1 1 -1 0 1 1 -1 7 1 3 -1 26
1 1 -2 0 23 0 1 0 -1 0 6 0 -3 0 3 2 7 0 -3 1 -1 0 1 0 -4 0 1 3 -1 0 1 6 1 0 -1 12 -1 5 -1 14
31 0 -26 0 6 0 -12 0 6 0 1 0 -1 0 -3 0 4 0 1 1 -6 0 5 3 -3 0 3 0 -1 0 1 2 -1 8 1 6 1 25
44 0 1 1 1 0 -1 59
42 2 1 1 -1 2 1 0 -1 3 1 50
42 0 1 0 -4 1 2 0 -2 2 -2 0 2 3 -2 5 1 44
23 0 28 0 -13 0 -10 0 6 0 3 0 1 0 -1 0 -3 0 -1 0 1 0 -2 0 3 0 2 2 1 0 -1 1 -1 4 1 39
-12 0 -1 0 -15 0 3 0 -1 0 8 0 -2 0 -1 0 4 0 -3 0 -1 0 2 0 -1 0 -4 0 1 0 1 2 1 0 1 4 -1 1 -1 37
2 0 7 1 -6 0 -9 0 1 0 -1 0 -5 1 1 1 3 0 2 0 2 1 -1 1 1 0 1 45
3 0 4 0 1 0 3 0 -1 0 -1 0 1 57
2 0 -1 0 2 2 -1 58
2 1 1 61
2 1 2 2 -1 58
1 1 2 2 -1 58
0 0 1 0 2 2 -1 58
-3 0 2 0 4 1 -1 0 -1 58
-8 0 2 0 1 1 2 0 3 2 -1 55
-6 0 -3 0 -5 1 1 0 2 3 -1 2 1 51
-2 0 -2 0 -8 2 2 3 -1 54
2 0 -2 0 -8 2 2 58
1 0 2 0 -3 1 -4 0 -4 1 1 0 3 0 1 4 -1 49
-7 0 5 0 16 1 -4 0 -6 1 -1 0 -1 5 -1 49
-14 0 4 0 19 1 1 0 3 2 -3 0 -1 2 -1 51
-22 0 6 0 15 0 -3 1 7 1 1 1 1 54
-37 0 2 0 17 0 3 0 1 0 7 0 -1 2 2 0 1 53
-12 0 -9 0 7 0 -6 0 1 0 2 0 -1 0 1 0 1 0 1 54
-20 0 3 0 17 0 5 0 -2 0 2 1 -2 0 -1 4 1 50
-13 0 -4 0 22 1 -1 0 -1 1 -1 0 3 55
-4 0 -5 0 15 1 4 0 -4 3 1 54
3 1 2 0 -1 0 2 0 -1 2 -1 0 1 54
6 0 -2 0 -2 0 -1 60
6 1 -1 61
5 0 1 0 -1 61
1 0 2 0 -1 61
-2 0 1 62
-4 0 1 62
-4 0 -1 0 1 61
-2 0 -1 0 1 61
-2 0 1 62
-2 0 -3 1 2 2 -1 57
16 0 -5 0 4 0 -5 0 -1 2 -1 0 -1 55
13 0 2 0 2 3 1 57
0 0 10 0 3 0 1 0 1 0 1 58
-11 0 2 0 1 61
-10 0 -2 0 1 61
-8 1 1 61
-6 0 -2 62
-7 0 1 0 -1 0 1 60
-8 0 1 1 1 60
-6 63
-6 0 -1 62
-5 0 1 0 1 0 -1 60
-9 0 1 0 1 2 -1 58
-10 0 -4 0 1 0 2 0 -1 59
-6 0 5 0 1 0 -1 60
-8 0 -4 0 3 1 -1 59
-2 0 -1 0 5 0 -1 60
-3 1 3 1 1 59
-31 0 1 0 -2 0 -1 0 -1 59
-33 3 -1 0 1 58
-35 0 1 0 3 2 2 2 -1 0 1 54
-37 0 2 0 2 0 -1 0 2 0 3 1 -1 56
-45 0 1 0 -5 0 2 1 4 1 1 0 -1 0 -1 4 1 49
-40 0 -2 0 -5 1 1 0 4 2 1 0 -2 4 1 49
-36 0 -2 0 -2 1 -2 0 1 2 2 0 -1 3 -1 50
-30 0 -3 2 1 59
-4 0 -29 0 -4 4 1 56
28 0 -2 0 -1 0 -1 60
29 0 3 0 -1 0 -1 60
-3 0 28 0 -1 0 -2 0 1 0 1 0 1 1 -1 55
-8 0 -35 0 1 0 -1 0 -3 0 1 1 -2 0 1 0 -2 54
29 0 -2 1 -1 0 1 59
28 1 -4 0 2 0 -2 0 1 1 2 0 -1 55
36 0 -5 0 3 0 -1 0 2 3 1 55
38 0 1 62
36 2 1 60
34 0 5 1 -1 0 1 0 -1 58
24 0 4 0 -1 0 -1 2 1 57
16 0 1 1 1 60
14 0 2 0 2 1 -1 2 -1 0 -1 55
18 0 -2 1 -1 1 -1 1 1 56
16 0 2 0 2 1 1 0 1 1 -1 56
17 0 -3 0 -2 61
21 0 -1 2 -1 59
22 1 1 61
28 0 -4 1 -1 0 1 59
27 0 2 1 1 60
29 0 -2 0 -1 61
30 63
31 0 -1 0 -1 61
32 0 1 62
29 0 3 0 2 0 -1 0 -1 0 -2 0 1 1 2 0 1 54
5 0 18 0 -3 0 -2 0 1 0 -9 0 2 0 2 0 -1 0 1 2 2 1 -1 49
-38 0 11 1 5 0 1 0 4 0 1 0 -1 0 -2 0 -2 0 1 0 -1 0 -2 0 1 50
-42 0 -3 0 -3 0 2 0 5 0 3 0 -1 0 -1 0 -1 0 -1 2 1 0 -2 0 1 49
-22 0 -7 0 -2 0 -2 0 -3 0 9 0 -1 0 -2 1 2 3 1 50
-19 0 1 0 11 0 2 0 -5 0 6 1 -2 0 3 0 -1 3 1 0 1 3 1 45
-10 0 -5 0 10 0 -1 0 2 3 1 0 -1 54
4 0 -11 0 5 0 1 0 1 0 -1 0 1 0 -1 1 -1 3 -1 50
8 0 2 0 2 0 2 0 -2 0 -1 1 -1 0 1 55
9 0 -1 0 2 2 -1 58
9 1 1 61
9 1 1 61
14 0 -8 0 4 0 1 0 -4 1 3 0 4 0 -1 1 -2 0 -2 4 1 47
-14 0 10 1 8 0 15 0 -6 0 1 0 2 0 7 0 6 0 1 0 1 1 -6 0 -1 0 1 1 2 0 -1 0 -1 0 -2 5 1 37
-15 0 -2 0 3 0 1 0 -9 0 -9 0 1 1 -10 0 -2 1 -1 1 2 4 4 0 4 13 -1 6 -1 23
17 0 -23 0 21 1 11 0 -1 1 -5 0 5 2 -1 0 5 0 -2 0 -1 2 -1 2 2 3 2 1 1 0 -1 36
39 1 1 0 -1 60
37 0 5 0 6 0 -4 0 -5 0 -3 0 1 0 4 0 5 0 2 1 -1 0 -2 0 -3 0 -1 2 1 0 1 0 1 44
8 0 13 0 17 0 -1 0 16 0 4 0 2 0 -8 0 -11 0 -3 1 1 0 -6 0 -2 0 -1 1 -1 0 2 0 3 0 3 4 1 39
-11 0 -4 0 -2 0 5 0 1 0 -1 1 -3 0 -5 0 1 0 -1 0 1 0 2 0 3 0 1 5 -1 5 1 4 -1 32
9 0 -13 0 -30 0 3 0 4 0 3 0 -3 0 5 0 7 0 2 1 -1 0 -1 0 -6 0 2 1 -1 0 1 0 -1 0 -2 3 -1 0 2 0 2 0 -1 4 -1 0 1 0 1 30
39 0 -9 0 -4 0 5 0 -6 0 -7 0 1 0 -6 0 -6 0 -3 0 -1 0 -1 0 2 0 -1 0 -1 1 2 0 2 4 1 41
48 2 1 0 -1 59
47 0 1 0 2 1 -1 0 -1 58
45 1 2 0 1 0 2 0 1 1 -1 0 -2 0 -1 8 1 45
46 0 1 0 -5 1 1 0 1 1 1 1 2 2 1 1 1 49
45 0 -1 0 2 0 1 0 -3 0 3 1 -1 0 2 0 -1 8 1 45
51 0 -4 0 4 61
55 0 -2 0 1 0 2 0 -1 0 -1 0 1 0 1 3 1 0 -1 51
42 0 21 0 -16 0 -2 0 10 0 -3 0 -2 0 2 0 -2 0 1 1 -2 0 4 0 -4 1 1 1 -1 0 2 0 -1 12 1 31
21 0 18 0 -6 0 -16 0 -8 0 -2 0 -8 0 -4 0 9 0 2 0 -1 0 -6 0 -4 0 -3 0 -1 0 1 1 3 1 -3 0 -1 0 1 0 1 0 1 0 2 5 -1 0 -1 0 -1 6 1 24
12 0 -7 0 -4 0 -4 0 8 0 2 1 5 0 7 0 -2 0 -2 0 -1 0 -1 0 -2 0 -1 2 -5 0 -6 0 1 3 -1 0 -3 0 -2 5 1 0 1 6 1 0 1 23
-13 0 -2 0 5 0 9 0 1 0 -1 0 2 0 1 0 1 0 1 1 1 0 -1 0 2 0 2 1 1 1 1 0 2 3 1 0 3 6 1 0 1 6 -1 24
-3 0 -1 0 7 0 15 0 -3 0 2 0 1 0 3 0 -1 0 -1 0 -6 1 1 1 -1 2 -1 0 -1 0 1 4 1 3 1 10 -1 0 -1 23
-28 0 -1 0 -1 0 4 0 3 0 1 0 2 0 2 0 1 0 1 1 -1 1 1 4 1 0 -1 0 -1 5 -1 13 1 23
-16 0 -19 0 1 0 5 0 3 0 -1 0 2 0 -4 0 1 0 2 0 -3 1 -3 0 1 0 1 0 2 0 1 0 -1 0 -1 0 -1 3 1 1 -1 3 -1 0 -1 5 1 0 1 2 -1 2 -1 20
-13 0 -8 0 4 0 2 0 3 0 -1 0 2 0 1 0 -1 0 2 0 -2 0 1 0 1 1 2 0 1 1 2 0 1 0 -1 0 -1 2 -1 0 -1 0 2 6 2 0 -1 5 -1 0 2 0 -1 4 1 17
-12 0 -10 0 7 0 4 0 -9 1 -1 0 4 0 -6 0 2 0 1 0 2 0 -1 0 -2 0 -1 2 1 0 -1 0 -2 0 1 3 3 0 -4 8 1 4 1 0 -1 23
0 0 15 0 3 0 -2 0 2 0 -4 0 -4 0 6 0 -1 0 -3 0 -2 0 3 0 6 0 -4 0 2 0 -2 0 1 0 -1 4 -1 0 1 0 -1 0 -1 2 1 0 -1 6 -1 0 1 6 -1 4 1 14
8 0 -5 0 15 0 10 0 -7 0 -1 0 -7 0 13 0 -3 0 -1 0 -2 0 8 0 -3 3 -2 0 5 0 -1 3 -1 0 2 15 1 24
42 0 -1 0 3 0 -3 0 4 0 -2 0 -1 0 3 0 -2 0 1 0 -1 0 2 0 -2 0 1 0 -1 1 1 0 -1 0 1 0 -1 44
40 0 1 0 1 5 1 55
39 1 1 61
35 0 5 0 2 0 1 0 1 1 -2 0 -1 2 1 0 1 52
22 0 22 0 -11 0 -1 0 8 0 1 0 -2 0 -2 0 -5 0 2 1 -1 0 2 0 -2 11 -1 38
7 0 5 0 -15 0 10 1 5 0 -2 0 3 0 6 0 2 0 -1 0 -2 0 -2 0 1 50
-7 0 18 0 6 0 10 0 -6 0 -3 0 2 0 -2 0 3 0 3 0 -1 1 1 0 -2 1 -1 0 1 1 -1 45
-17 0 -1 0 14 0 1 0 -1 0 -5 3 4 54
-15 1 15 2 -5 3 2 54
-15 0 -1 0 14 1 1 0 -4 2 -1 0 1 4 1 49
-14 1 11 1 1 0 -2 2 -1 0 -1 3 1 0 2 49
-12 0 -3 0 5 0 1 0 3 0 1 2 -1 0 -3 4 1 49
-3 0 -5 0 -7 1 1 0 1 1 1 0 3 55
2 0 2 0 -1 0 -1 0 -2 0 -1 1 -1 0 -2 0 -1 54
7 0 -7 0 -1 0 -1 0 -1 0 -1 1 1 0 1 55
11 0 3 0 5 0 -1 0 -2 0 -2 2 1 5 -1 49
-8 0 12 0 19 1 -3 0 -1 1 -2 0 -2 0 1 54
-24 0 4 0 4 1 5 0 4 1 2 0 1 0 1 1 1 0 -1 1 1 49
-31 0 6 0 -5 1 2 0 1 0 -1 1 -1 55
-26 0 -4 0 -1 0 -2 0 -1 0 -1 1 -1 0 1 3 1 51
-25 0 3 0 -3 0 -2 0 2 2 -1 1 -1 54
-39 0 6 0 -11 0 3 1 3 0 -1 1 -3 0 -2 54
-22 0 -6 0 3 0 -6 0 -2 2 -3 0 1 3 1 51
-33 0 3 0 -3 0 3 0 -2 1 1 0 2 0 1 55
-38 0 2 0 1 1 1 59
-42 0 -4 0 1 0 4 1 3 2 -2 0 1 3 -1 0 1 49
-28 0 -6 0 14 0 2 0 -6 0 5 0 -1 0 -1 0 2 3 -1 0 1 0 1 49
-5 0 -11 0 16 0 -1 0 4 0 -3 0 -1 0 -1 0 1 0 1 2 1 51
6 1 2 1 1 0 -1 1 1 0 -1 0 1 54
6 1 1 61
3 0 1 0 -1 1 1 59
-1 0 2 0 -2 61
-4 0 1 2 -1 59
-7 1 1 61
-5 0 -1 0 1 61
-5 1 1 61
-4 0 -1 0 2 0 1 4 1 55
10 0 -5 0 3 0 -4 1 -1 58
8 0 1 0 2 1 1 1 1 57
-3 0 7 1 1 0 1 59
-12 0 3 62
-12 0 -2 0 1 61
-11 0 1 0 1 0 1 60
-8 0 -3 0 1 61
-5 0 1 0 -1 61
-7 0 1 3 -1 58
-8 1 2 2 -1 58
-9 0 1 0 2 2 -1 58
-10 0 -1 0 3 61
-10 1 1 2 -1 58
-12 0 -1 0 1 0 2 60
-7 0 4 1 -2 0 1 59
-13 0 -1 0 1 61
-14 0 1 0 3 0 1 0 -1 0 1 58
-15 1 6 1 -1 3 1 55
-26 0 2 0 -1 0 1 3 -1 56
-24 0 3 0 -5 0 -2 1 -1 1 1 56
-33 1 -4 0 2 0 2 0 2 1 -1 0 -1 55
-22 0 -6 0 -6 0 -1 0 -3 0 -4 1 1 0 3 3 1 0 1 50
-17 0 -1 0 4 2 -7 1 -1 6 -1 49
-9 0 -9 0 -2 0 2 0 2 0 -5 3 -1 4 -1 49
-8 0 13 0 -11 0 -2 0 2 0 -5 0 1 0 1 0 -1 0 1 0 -1 2 -1 0 -1 49
-31 1 -4 0 3 0 -3 0 1 1 -1 0 -1 0 1 2 -1 0 1 50
9 0 -31 0 -5 0 -6 2 -1 0 1 0 1 55
34 0 1 0 -4 61
30 0 3 0 -3 0 -1 1 1 58
3 0 23 0 -3 2 1 58
9 0 -26 0 -6 0 -4 1 -2 0 -1 0 1 1 -1 54
34 0 -2 0 -2 1 -1 0 -1 58
37 0 -1 0 -1 1 1 0 -1 1 -1 56
35 0 1 0 -3 0 1 0 -2 2 1 0 -1 55
37 0 -1 0 1 0 -1 0 1 59
38 0 -2 0 -2 4 1 0 1 55
33 0 4 1 1 0 -1 59
26 0 4 1 -1 2 1 57
14 0 4 0 2 0 1 0 -1 2 -1 0 -1 3 1 51
14 0 -4 0 -2 4 1 0 1 55
15 0 2 0 3 4 -1 0 -1 55
15 0 -2 62
19 0 -1 62
21 0 -1 0 -1 61
22 1 -1 61
26 0 -3 0 1 61
27 0 1 0 1 0 1 60
30 0 -2 62
31 63
32 0 1 0 1 0 -1 0 -1 0 -1 1 1 0 1 55
15 0 15 0 19 0 -1 0 -6 0 -4 0 1 0 -1 0 -2 0 1 2 1 0 1 50
-11 0 7 0 16 1 7 0 8 0 1 1 -3 0 1 2 -1 0 -1 50
-22 0 -5 0 2 0 4 0 2 0 2 0 1 0 -1 0 4 0 1 3 1 0 1 49
-18 0 2 0 -6 1 1 0 -1 1 1 0 -1 0 -1 54
-24 0 -3 0 -7 0 5 0 -1 0 1 1 1 0 -1 0 -1 54
-7 0 -6 0 -3 0 -1 0 1 1 -1 1 1 0 -1 54
-5 0 6 0 -8 0 -1 0 4 0 -3 6 1 51
-7 0 -4 0 -7 1 -2 0 -2 58
-4 0 2 1 1 0 -1 0 1 0 -1 0 1 0 -3 0 1 1 -1 0 1 0 -1 50
1 0 -2 0 2 0 -1 0 3 0 1 2 2 3 1 51
3 1 -1 0 -1 0 -1 1 -1 2 1 1 1 52
9 0 3 0 -10 0 -3 0 -2 0 5 0 -1 0 3 0 1 2 1 0 -1 51
6 0 -1 0 -6 1 2 0 6 2 -3 0 -2 3 2 0 1 4 -1 44
8 0 -8 0 -1 0 -3 1 2 0 7 0 -2 0 3 0 -2 0 -2 0 -1 0 1 0 -1 0 1 3 -1 0 1 0 -1 43
-30 0 6 1 5 0 -2 0 1 0 3 1 1 0 1 54
1 0 -38 0 -10 0 -15 0 4 0 -2 0 6 0 4 0 5 0 -2 0 2 0 5 0 -1 0 2 2 -2 0 -1 4 -1 0 -1 13 1 26
-10 0 20 0 -13 0 5 0 -18 0 8 0 -1 0 5 0 -4 0 1 0 1 1 -4 0 2 2 1 0 -2 0 4 0 -1 0 -1 3 -2 0 1 1 -1 4 1 2 -1 28
9 0 -15 0 30 0 -4 0 1 2 -2 0 11 0 -4 0 -1 0 -1 0 3 1 1 2 -2 1 -2 4 2 11 1 27
4 0 12 0 1 0 1 0 7 0 3 1 7 0 20 0 4 1 -1 0 -6 0 -6 2 1 0 -3 0 -6 0 -1 4 1 0 1 38
1 0 -7 0 -4 0 4 0 18 0 7 0 -1 0 -2 0 -8 0 -3 1 -1 0 -11 0 -9 2 -1 2 -1 3 -1 0 1 39
34 0 -14 0 -16 0 -3 0 -11 0 -8 0 -1 0 -1 0 -5 0 -3 2 1 1 -1 3 1 0 1 5 1 38
45 0 -1 62
44 0 -1 0 -3 0 5 0 -2 0 -3 0 1 0 5 0 -1 0 -1 0 -1 0 1 0 3 2 -1 0 -1 0 1 0 1 45
45 0 2 0 3 0 1 0 1 3 -1 4 1 50
45 0 -1 0 -3 1 1 2 1 0 2 55
48 0 -1 2 -1 3 -1 55
35 0 23 0 8 0 -9 0 -7 0 2 0 -1 0 4 0 -2 0 4 0 3 0 -2 0 1 0 -3 0 -2 0 -1 2 -1 0 1 0 1 0 1 2 2 1 -1 4 -1 32
41 0 -14 0 14 0 1 0 12 0 -5 0 4 0 -1 0 -4 1 1 0 -3 0 -3 0 1 2 -2 1 2 4 1 0 1 0 -1 4 1 33
48 0 2 0 -5 1 -1 2 1 0 -2 0 1 54
48 0 -2 0 5 1 -2 0 1 1 -1 0 2 55
52 1 3 1 1 0 -2 58
50 0 1 0 -4 0 -1 0 5 0 -2 0 1 0 -1 0 3 0 -2 1 1 0 -2 0 1 0 -1 2 1 0 -1 0 1 0 -1 3 1 39
40 0 13 0 -15 0 -6 0 1 0 -2 0 3 0 -2 0 -8 0 1 1 2 0 2 0 -4 0 -1 2 1 46
-8 0 10 0 -16 0 11 0 -9 0 9 0 1 0 3 0 6 0 -3 0 1 0 1 0 1 0 -1 4 1 0 -1 4 1 0 -1 6 -1 31
-13 0 5 0 3 0 10 0 2 0 -1 0 -3 1 -1 1 -3 0 2 4 -1 2 1 4 1 1 -1 4 1 0 1 31
-27 1 3 0 7 0 -1 0 -4 0 -1 0 1 0 3 1 1 0 -1 0 -3 0 4 0 1 3 -1 0 1 0 1 3 2 0 -2 0 -1 0 1 5 1 0 -1 5 -1 23
-10 0 -2 0 5 0 -3 0 2 0 -7 0 1 0 2 0 -10 0 -4 2 -2 0 -4 0 -1 1 -2 0 1 0 -1 0 1 0 -1 3 -1 0 2 1 1 1 1 2 1 0 1 6 1 23
-16 0 10 0 7 0 -2 0 -6 0 -4 0 -2 1 -2 0 -6 1 4 0 7 1 -4 1 2 0 -1 0 3 1 -2 0 1 1 -1 0 -1 0 1 0 -1 0 -1 4 -1 0 1 5 1 24
-26 0 -2 0 7 0 1 0 1 0 -1 0 1 1 2 3 2 0 -2 0 -1 2 1 0 1 1 -1 3 1 0 -1 6 2 0 -1 12 1 17
-11 0 5 0 2 0 -21 0 3 0 2 0 -6 1 -2 1 3 0 -2 1 -3 1 2 0 -3 1 -1 0 1 0 1 3 1 0 -1 0 1 1 -1 0 2 0 -1 1 -1 0 1 9 1 20
-12 0 -5 0 2 0 -11 0 4 0 2 0 6 0 -5 1 -1 0 1 0 -3 0 2 0 -1 2 6 0 -3 0 -1 3 -1 7 1 0 -1 17 -1 14
10 0 -37 0 17 0 -1 0 1 0 -1 0 1 0 -12 0 4 0 2 0 1 0 -1 3 1 1 -5 0 1 0 1 0 1 2 -1 5 1 1 -1 32
39 0 2 0 -1 1 1 59
36 0 1 0 1 1 -1 0 1 2 1 55
33 0 -1 1 5 0 1 2 1 3 -1 52
34 0 -1 0 -1 0 3 0 1 2 2 56
26 0 9 0 1 0 1 0 1 1 1 57
-1 0 22 0 -15 0 11 0 6 0 -5 1 3 0 4 0 -2 0 -3 1 2 0 1 1 -1 5 -1 42
-10 0 -3 0 -17 1 -1 0 -9 3 -2 4 -1 49
-5 0 -1 0 -12 1 -2 0 -7 3 -3 4 -1 49
-2 0 -2 0 -8 1 -1 0 -6 2 -1 0 -2 4 -1 49
2 0 -2 0 -7 2 -3 2 -1 0 -2 4 -1 5 -1 43
10 0 -3 0 -7 0 -2 0 -2 0 -1 1 1 1 -1 54
6 0 4 0 2 0 2 0 -2 0 -1 1 -1 0 1 55
3 0 1 1 1 0 1 0 -1 1 1 56
-14 0 12 0 15 0 6 0 -4 0 2 1 -2 0 -3 2 -1 0 -1 51
-22 0 5 0 12 1 5 0 5 6 -1 51
-31 0 5 0 -5 0 2 0 3 0 1 0 -1 0 2 0 1 0 1 54
-27 0 -3 0 3 0 -1 0 -1 2 -2 0 -1 4 1 50
-21 0 -3 0 -7 1 3 0 3 2 1 3 -1 51
-19 1 -6 0 3 0 -2 1 -1 0 -1 0 1 3 -1 51
-10 0 -1 0 -1 0 -1 0 -2 0 -5 2 1 0 1 4 -1 49
-16 0 2 0 2 0 3 1 -4 1 1 1 1 4 -1 49
-22 0 -1 0 -5 0 7 0 1 2 3 1 1 2 -2 51
-28 0 12 0 2 0 1 1 -2 2 -2 0 1 54
-30 0 -8 0 -4 0 -1 0 4 0 -1 58
-27 0 5 0 -10 1 -4 0 1 1 1 0 -1 55
-33 0 1 0 -1 0 -1 1 -1 2 1 0 -1 54
-41 0 1 0 5 0 4 0 -3 0 2 1 1 0 -3 0 1 3 -1 50
-22 0 -14 0 18 2 1 0 -1 0 -2 0 3 0 1 54
1 0 -5 0 5 0 -2 0 4 0 -2 1 1 0 -2 0 1 54
4 63
4 0 1 2 1 59
0 0 2 0 -2 61
-5 0 3 0 -3 61
-8 2 1 0 -1 0 1 58
-6 0 -1 0 2 1 1 59
-6 1 -1 0 1 0 2 0 1 2 -1 55
6 0 -3 0 -1 0 -4 0 -2 3 1 55
5 0 -1 0 1 0 -1 2 1 57
-2 0 4 62
-10 0 2 0 -1 61
-13 3 -1 59
-13 0 1 62
-11 0 -3 0 1 0 1 60
-4 0 -1 1 -1 60
-6 0 3 0 -1 61
-9 0 1 0 -5 1 1 4 1 54
-13 0 2 0 -5 1 -1 0 2 2 -1 55
-16 1 -1 1 -1 0 2 58
-16 0 -1 3 2 58
-15 0 -1 1 1 1 1 58
-8 0 1 0 1 0 -2 0 1 59
-14 1 1 0 1 0 -1 0 -1 58
-17 0 5 0 3 2 -1 58
-22 0 1 0 1 0 -1 0 1 0 -1 58
-31 0 9 0 5 0 1 0 -3 3 -1 55
-32 0 -5 0 7 0 -1 0 4 0 2 1 -1 56
-20 0 -4 0 -5 0 -3 0 -2 0 2 1 2 0 1 0 -1 1 1 52
-34 0 10 0 3 0 1 0 1 0 3 0 1 0 -1 0 -1 55
-40 0 -1 0 1 0 -1 0 -1 0 2 58
-34 0 -8 0 10 0 2 0 -2 0 4 1 -1 56
-24 0 1 0 5 0 -1 0 4 0 5 3 2 3 -1 50
-25 0 -3 0 -5 0 1 1 1 1 1 0 1 0 1 2 1 0 1 50
20 0 -26 0 -4 0 -7 0 -2 1 -2 3 -1 53
38 0 1 62
36 0 1 62
20 0 14 0 -8 0 -1 0 4 1 1 0 1 1 -1 2 -1 51
20 0 -17 0 -4 0 -2 0 -3 1 -1 0 -1 0 -1 55
36 63
38 0 -2 62
40 0 1 0 -1 61
37 0 2 2 -1 2 1 5 -1 50
36 0 -1 0 3 0 -1 0 1 3 -1 55
33 0 3 0 -1 1 1 59
27 0 3 1 -1 2 1 57
9 0 7 0 5 0 3 0 -3 3 1 0 -1 2 -1 51
9 0 -3 0 7 1 3 0 -1 1 -1 0 -1 55
13 0 -2 0 -1 1 1 2 1 56
18 0 -1 0 -1 61
20 0 -1 0 -1 61
22 1 1 61
22 0 1 62
23 0 -2 0 1 61
26 0 -1 2 1 59
27 0 -1 0 1 0 1 0 -1 59
27 0 4 0 5 0 -2 0 -4 0 -2 1 1 0 2 0 1 54
0 0 18 0 21 1 1 0 2 0 1 0 -3 0 -6 55
-25 0 -3 0 4 0 4 0 3 0 2 0 1 1 5 3 1 0 1 0 1 49
-15 0 -4 0 -3 5 -1 55
-12 0 -3 0 -5 0 3 1 -2 6 1 51
-3 0 -2 0 -4 1 -1 0 -1 2 1 55
-5 0 -2 0 -3 0 4 0 -2 0 -1 2 1 0 1 2 -1 1 -1 49
-2 0 -1 0 3 0 2 0 -1 0 -3 3 2 4 -1 49
-2 0 -3 0 1 0 2 0 1 0 -3 0 1 2 3 4 -1 49
-4 0 -3 1 4 2 1 0 -1 1 1 2 -1 0 1 50
3 0 -7 0 -10 0 4 0 5 0 1 1 -2 1 1 54
13 0 8 0 -19 0 -3 0 -7 0 3 1 3 0 -2 0 2 8 -1 45
8 0 -10 0 -5 0 2 0 6 0 3 0 -1 2 -2 0 1 0 -1 52
37 0 -4 0 -4 0 -2 0 2 0 -1 0 -2 0 -2 0 5 0 -1 1 -1 0 -1 51
49 0 -3 0 2 0 -2 0 -6 0 -7 1 -1 0 -3 0 -1 4 -1 4 -1 0 -1 43
33 0 16 0 -2 0 1 0 3 0 -3 1 2 0 -2 0 -2 1 2 1 -1 0 -1 1 -1 47
-22 0 22 0 -6 0 6 0 -3 0 1 0 1 1 -1 0 -1 2 1 3 -1 0 1 0 -1 45
13 0 -28 0 -1 0 -20 0 -5 1 -8 0 -2 2 -2 0 1 0 1 3 2 5 1 6 1 34
22 0 14 0 11 0 -5 0 -7 0 -3 1 -1 0 2 0 -1 1 3 0 3 0 2 0 -2 1 -1 0 -1 0 -2 0 2 0 1 4 -1 5 1 0 1 6 -1 24
-5 0 -1 0 7 1 -10 0 -6 2 -7 0 -2 1 1 0 7 0 5 0 -1 2 -1 0 2 1 -1 3 -1 7 -1 0 -1 30
7 0 -15 0 -22 0 3 0 11 0 5 1 8 0 16 0 2 1 1 1 1 0 1 1 1 0 -1 0 -2 0 1 44
39 0 -6 0 -4 0 -2 0 -4 0 -3 0 -1 0 -3 0 -3 0 -1 1 -1 0 -2 0 -2 0 -1 4 -1 44
44 0 1 62
43 0 1 0 2 1 -1 59
42 0 -1 2 2 0 1 58
45 0 -1 0 -1 1 -2 0 -1 58
45 0 1 0 2 61
46 0 -1 0 1 1 1 59
40 0 14 0 -8 0 -9 0 9 1 3 0 -5 1 2 0 -1 0 2 1 -2 2 -1 1 1 1 -1 3 -1 1 1 37
32 0 -13 0 -21 0 2 0 -13 0 -11 0 -2 0 2 0 -9 0 -3 0 -1 0 -1 0 1 0 -3 0 1 1 -1 1 -1 0 -1 0 2 3 1 0 -1 1 1 5 -1 30
48 0 -2 0 4 1 -1 0 1 2 -1 55
50 0 -1 2 3 0 -1 1 -1 0 2 0 -1 3 -1 50
46 0 2 0 -4 0 1 0 -2 0 2 1 1 0 -2 9 -1 45
47 0 -2 0 6 1 -2 0 1 1 -1 0 1 4 -1 50
48 0 1 0 2 1 1 59
46 1 -4 0 -1 0 4 0 -2 0 1 0 -2 0 3 0 -2 1 1 0 -1 0 2 0 -1 3 -1 0 1 44
21 0 20 0 -35 0 2 0 6 0 -4 0 -1 0 4 0 -10 0 1 1 -1 0 2 0 -3 0 -1 0 1 2 -3 0 1 4 2 0 -2 6 1 31
-28 0 17 0 -9 0 8 0 -11 0 8 0 2 0 -3 0 9 0 -3 2 2 0 -3 0 2 3 1 0 1 0 -1 3 1 0 -2 13 -1 24
-28 0 -5 0 11 0 -11 0 -6 0 -1 0 -1 0 -4 0 -5 0 -2 0 2 0 2 0 4 0 -1 0 1 0 1 0 1 0 1 0 2 0 1 4 -1 7 -2 3 -1 27
-31 0 7 0 10 0 -5 0 7 0 1 0 -3 0 -2 0 3 0 -2 0 1 0 -2 0 2 1 -1 0 1 1 1 0 2 3 1 0 -1 0 1 0 -1 0 -1 5 1 0 -1 30
-35 1 1 3 -1 5 1 1 1 9 -1 0 1 14 1 23
-19 0 -17 0 2 0 -15 0 4 1 11 0 -5 3 -2 1 1 0 -1 0 -2 0 5 0 -1 1 1 1 1 0 -1 2 -1 3 -1 0 1 5 1 3 -1 23
-20 0 -9 0 6 0 9 0 -6 0 2 0 -2 0 4 3 -3 0 -1 0 1 0 1 2 1 0 -2 0 1 3 -1 6 1 5 1 0 -1 5 1 20
-19 0 9 0 -3 0 11 0 -10 0 1 0 1 1 -4 0 2 0 1 0 -2 0 -1 0 -1 0 1 0 -1 0 2 0 -3 0 2 0 -1 3 -1 6 -1 5 1 0 -1 5 -1 20
22 0 -24 0 21 0 -6 0 13 0 -3 0 -1 0 -2 0 4 0 1 0 -1 0 -2 0 7 0 -2 0 -1 2 2 0 -2 5 1 6 1 0 -1 31
36 0 3 0 2 0 -1 1 -1 1 -1 0 2 55
31 0 1 0 1 1 -3 0 1 1 1 0 -1 3 -1 0 2 5 -1 44
28 0 2 0 9 0 -2 0 -1 0 -2 58
23 0 -3 0 -1 0 2 0 7 0 2 2 1 0 -1 1 -1 0 -4 0 -2 0 1 1 1 0 1 0 1 0 1 4 1 39
5 0 13 0 6 0 9 0 3 0 -3 0 4 0 1 0 1 0 2 0 1 2 -1 2 -1 47
-5 0 -1 0 2 0 2 0 -1 0 -5 1 1 1 3 54
-2 0 -1 0 5 1 1 0 -6 2 1 0 2 54
0 0 -1 0 7 1 -1 0 -6 2 -1 55
5 0 -4 0 8 0 1 1 -3 0 -1 1 -1 55
19 0 -5 0 2 0 -1 0 2 0 -2 58
12 0 13 0 -6 0 -1 0 1 0 -1 1 2 0 -2 55
-2 0 5 1 -5 0 -2 0 2 0 1 1 -1 3 1 51
-32 0 8 0 -6 0 3 1 6 0 1 0 2 0 2 0 -1 0 1 0 1 52
-29 0 -3 0 2 0 -3 0 -3 3 2 3 1 51
-31 0 2 0 3 0 1 0 2 0 1 0 -1 1 1 3 -1 51
-22 0 -2 0 -3 0 -2 0 -1 0 -2 0 -1 0 2 0 -1 55
-22 0 6 0 17 0 -2 0 -5 0 -3 1 -1 0 -1 0 1 2 1 51
-36 0 5 0 17 0 1 0 3 0 5 2 -2 0 -1 3 -1 5 1 44
-43 0 1 0 7 0 1 0 2 0 5 2 1 0 3 4 1 49
-36 0 -10 0 -1 0 5 0 3 0 -1 0 -2 1 3 0 3 0 1 1 -1 1 1 5 1 43
2 0 -5 0 -12 0 -9 0 3 0 -11 0 -1 0 -1 0 -1 0 2 0 -1 1 1 1 -1 5 1 43
-11 0 5 0 -33 1 4 0 -1 0 1 0 1 0 -4 0 5 4 1 5 1 43
-25 0 6 0 -19 0 1 0 -10 0 12 2 -4 0 1 1 -1 0 -1 0 2 50
-28 0 -4 0 12 0 1 0 -1 0 3 1 -4 0 8 0 -3 2 1 0 -2 0 1 49
-22 0 3 0 -7 0 -3 0 2 0 -1 1 2 0 -2 3 -1 0 1 50
-38 0 7 0 -5 0 1 0 -2 1 1 0 1 56
-41 0 -2 0 -1 0 -2 0 -1 2 1 56
-32 0 -14 0 15 0 3 0 -5 0 2 1 -2 0 1 0 1 2 -1 51
-2 0 -8 0 7 0 -2 0 5 0 -2 0 -1 0 1 0 -1 0 1 54
4 63
4 0 1 62
2 0 1 0 -1 2 -1 58
-2 0 3 0 -3 1 1 59
-6 0 -1 0 -5 0 2 0 1 0 1 1 -1 0 -1 55
10 0 -9 0 -8 0 -2 0 -1 0 -1 2 1 0 -1 54
12 0 7 0 -2 0 -1 0 -1 59
3 0 -1 0 1 61
-1 0 3 0 -1 1 1 59
-7 0 1 0 -1 0 1 60
-11 0 2 0 -1 61
-13 0 1 62
-13 0 -1 1 1 60
-6 0 -3 0 1 0 -1 60
-6 0 2 62
-7 0 -2 0 1 0 1 60
-3 1 -1 0 -1 0 1 59
-8 0 4 0 -2 1 -1 59
-13 0 1 0 3 1 -1 0 -1 2 1 55
-16 0 2 0 4 2 -1 2 -1 55
-15 1 2 0 -1 0 1 0 3 2 -1 0 -1 54
-17 1 -4 1 1 0 2 2 1 55
-18 0 1 0 -8 0 1 0 1 0 1 58
-13 0 -3 0 -12 2 1 2 1 55
-42 0 8 0 3 0 3 0 1 1 1 1 1 55
-35 0 -18 0 -1 0 5 0 3 1 -1 0 -1 0 -1 55
-4 0 6 0 -2 0 -7 0 -2 4 -1 0 -1 53
-30 0 4 0 -3 0 3 0 1 1 1 0 1 56
-33 0 1 0 -5 0 -1 0 1 0 1 2 -1 55
-32 0 -5 0 -8 0 2 0 -1 0 1 1 1 0 1 55
-23 2 -1 0 -2 4 -1 54
-20 0 -5 0 1 0 2 0 2 0 1 0 -1 0 -1 2 1 53
28 0 -18 0 -3 0 -7 0 -1 1 -2 3 -1 53
34 0 9 0 3 0 -3 0 -3 0 1 1 1 0 -1 55
23 0 -7 0 7 0 4 0 4 0 1 0 -1 0 -1 0 1 1 1 1 -1 51
38 0 9 0 1 0 -6 1 -3 0 1 2 -1 0 -1 53
25 0 -12 0 -1 61
36 63
38 0 -2 62
40 63
33 0 12 1 -4 0 -1 0 1 0 1 1 -2 55
24 0 -14 0 2 0 -1 0 2 0 3 2 3 55
35 0 2 0 -1 61
29 0 3 0 -1 61
22 0 3 0 -5 1 3 0 -3 0 1 1 1 0 -1 54
11 1 -7 0 4 0 -3 3 -1 0 -1 2 -1 51
16 1 -1 1 -1 59
18 0 -1 62
20 0 -1 62
22 0 -1 0 -1 61
24 0 -1 0 -2 61
27 0 -1 0 -2 2 -1 58
28 3 -1 0 -1 58
24 0 6 0 4 0 -1 0 -3 0 -1 0 1 0 2 0 1 0 1 54
-11 0 21 0 19 0 3 0 4 0 1 1 -4 0 -3 0 1 2 -1 51
-21 0 -6 0 -1 4 1 3 1 0 1 0 1 50
-16 1 -3 0 1 0 -1 0 -2 1 1 0 1 0 -1 54
-16 0 4 2 -3 0 2 0 -1 0 2 0 -1 0 1 2 -1 51
-16 0 -1 0 9 0 1 0 1 0 -1 0 -1 1 -4 0 -2 2 2 0 3 0 1 3 -1 0 -1 0 -1 5 1 37
-5 0 -5 0 -12 1 9 0 17 0 -1 0 1 0 -2 0 -4 2 -1 0 -4 5 2 44
6 0 -5 0 -35 1 2 0 7 1 1 0 6 0 7 4 2 3 -1 0 -1 6 -1 37
14 0 -4 0 -41 0 1 0 2 0 -3 2 2 0 3 2 -1 1 3 5 1 43
23 0 -2 0 -45 2 -7 0 -1 2 5 3 -1 0 4 4 -1 0 1 43
26 0 3 0 -43 0 -1 0 -1 0 -7 2 -5 0 8 2 2 0 -2 0 6 3 1 0 1 0 1 5 1 0 -1 36
19 0 4 0 -27 0 2 0 -12 0 16 1 3 0 -9 0 3 1 -1 0 -1 0 7 0 -2 3 -1 0 1 5 1 0 -2 37
16 0 -2 0 17 0 3 0 6 0 4 1 -9 0 6 0 -4 1 -1 0 4 0 -4 0 2 2 1 0 -1 0 2 0 -1 43
34 0 -7 0 -4 0 -3 0 -4 0 -3 2 -1 5 -1 49
25 0 12 0 13 0 1 0 -3 0 1 1 -1 0 -2 55
14 1 16 1 -1 0 2 3 1 54
17 0 -6 0 10 0 2 0 6 0 1 0 1 0 -2 0 1 0 1 1 -1 4 1 47
-11 0 32 0 -1 0 8 0 1 1 2 0 -1 0 1 0 -1 1 1 0 1 2 -1 0 1 0 -1 0 1 45
2 0 -24 0 19 0 -13 0 -1 0 -7 1 -4 0 5 0 1 0 -2 0 -6 0 3 0 -3 8 -1 0 -1 0 2 7 -1 31
-22 0 12 0 12 0 8 0 13 0 6 0 1 0 2 0 1 2 1 0 1 0 1 0 1 1 -1 0 -1 0 -2 0 -1 4 -1 39
11 0 -27 0 -21 0 -2 0 -6 0 -2 0 -1 0 6 0 8 0 -1 1 1 0 4 0 2 4 -1 0 1 4 -1 39
39 0 -2 62
40 63
40 0 2 0 3 1 -1 59
40 0 -3 0 -1 1 1 0 1 1 1 0 1 55
44 0 -1 0 1 61
47 0 -1 0 -2 0 -1 0 1 0 -1 3 1 3 -1 50
37 0 11 0 11 0 -1 0 -9 0 -4 2 2 0 -1 2 1 0 3 0 3 3 -1 0 -3 0 -2 5 1 37
18 0 7 0 25 0 1 0 -1 0 3 2 -6 0 -3 3 -3 0 -2 3 -1 0 4 0 -2 5 -1 0 2 7 -1 28
15 0 -5 0 30 1 1 0 4 1 -1 0 3 0 -4 2 1 0 1 0 -6 4 -1 0 4 5 -1 7 1 29
31 0 -10 0 19 1 5 0 -4 2 4 0 -1 3 -3 0 -1 3 1 1 2 4 -1 0 1 0 -1 6 -1 0 1 28
47 0 -3 0 1 0 -2 0 2 0 -2 0 -1 0 2 0 -3 0 1 1 1 0 -1 0 1 0 -1 2 -1 0 1 0 -1 44
48 1 1 61
49 0 -1 0 3 2 1 2 1 55
48 0 2 0 -1 0 -1 0 2 0 -2 1 -1 0 1 0 -1 54
43 0 2 0 -3 1 -2 0 2 1 1 0 -3 0 1 2 -1 0 1 4 -1 45
46 0 -5 0 5 2 -2 1 -1 0 1 3 1 0 -1 5 1 44
50 0 3 0 3 0 -1 0 1 0 -2 2 -1 55
40 0 12 0 -11 0 -5 0 12 0 -7 0 1 0 -4 0 8 0 -4 1 1 0 -2 0 3 0 -1 4 1 4 -1 7 -1 31
-9 0 26 0 -38 1 -10 0 6 0 2 0 5 0 -12 3 -6 0 6 0 1 1 1 0 1 0 -2 5 -1 0 1 38
-39 2 1 2 1 5 1 1 1 9 -1 0 1 14 1 23
-38 1 1 0 -1 2 -1 0 -1 17 -1 6 -1 31
-25 0 -25 0 3 0 15 2 -1 0 -4 0 2 1 -2 0 6 0 -1 2 1 0 -5 0 1 3 -1 0 1 7 -1 1 1 4 1 5 -1 20
-26 0 2 0 -1 0 1 0 -1 0 1 1 -2 0 2 0 -1 1 -1 0 1 1 1 3 -1 5 -1 7 -1 13 -1 17
-16 0 8 1 -15 0 6 0 -1 0 -6 0 4 1 1 0 1 0 -5 0 2 0 2 2 -5 0 2 0 1 0 -1 2 1 0 -1 6 -1 0 1 32
-27 0 -4 0 7 0 3 0 -5 0 3 0 -2 0 5 0 -4 0 2 1 -1 0 2 0 -2 0 1 1 1 0 -1 0 1 0 -1 9 1 6 -1 6 1 20
11 0 -22 0 22 0 -1 0 13 0 -3 0 -1 0 -4 0 6 0 1 1 -1 0 6 0 -3 0 -1 3 -1 5 2 0 -1 6 -1 31
30 0 -2 0 -1 0 2 1 1 2 -1 0 1 54
31 0 2 0 3 0 1 0 -1 0 -2 2 2 0 -3 2 1 0 1 0 -2 5 -1 43
22 0 13 0 10 0 -5 0 -1 1 1 3 -1 0 -1 0 -2 0 -2 3 1 46
-18 0 7 0 -1 0 7 0 5 0 3 0 2 0 4 0 -1 1 1 0 2 0 -1 1 1 1 1 47
-19 0 -2 0 -5 2 2 3 -1 4 1 49
-16 0 -2 0 -5 2 1 3 -1 54
-12 0 -2 0 -3 1 -1 4 -1 54
-8 0 -2 0 -1 0 1 1 1 58
7 0 -9 0 4 1 -1 0 1 1 -1 56
20 2 -3 0 3 0 -1 1 -1 56
5 0 6 0 -1 0 4 0 -2 2 -3 0 1 55
-11 0 12 1 7 0 5 1 -1 0 -5 0 -4 0 -1 2 1 51
-11 0 6 0 -27 0 -3 0 -2 0 6 1 4 1 1 3 1 50
-27 0 5 0 2 0 -2 0 -6 0 -3 0 1 0 -1 0 4 2 -1 0 1 51
-41 0 5 0 9 1 4 0 4 1 -1 0 -4 3 -2 0 -1 0 1 3 1 45
-34 1 -18 0 -7 0 1 0 2 1 5 0 -2 3 1 0 2 0 1 49
-45 1 -2 0 1 0 -1 0 2 0 1 0 -1 1 -2 1 -1 1 -1 50
-47 1 -3 0 1 0 1 0 1 58
-44 0 -1 0 -3 1 -1 0 1 3 -1 54
-38 0 -2 0 -2 1 -2 0 9 1 1 0 -3 0 2 3 -1 0 2 5 1 43
-24 0 -11 0 17 1 -9 0 12 0 -1 1 3 3 -2 0 2 0 1 49
8 0 -16 0 16 0 -3 0 13 0 -7 1 -2 0 2 0 1 2 2 1 -1 2 1 0 -1 0 1 5 1 38
6 0 16 0 -22 0 -2 0 3 0 -2 0 1 0 2 0 -2 0 -2 2 -2 0 2 10 -1 39
-20 0 5 0 -7 1 -9 0 5 0 1 1 -2 3 -2 0 2 50
-24 0 -4 0 8 0 -2 0 4 0 -7 0 1 0 -3 0 4 0 -1 2 2 0 -1 0 -1 3 -1 0 1 44
-32 0 2 0 -9 2 1 0 1 0 1 0 -3 3 -2 0 1 50
-40 0 2 0 -4 1 -2 4 -1 2 1 0 -1 50
-31 0 -15 0 10 0 3 0 -5 0 2 0 -1 0 -1 0 1 0 1 2 -1 51
0 0 -7 0 5 0 -3 0 4 0 -2 0 -1 0 1 0 -1 0 1 54
4 0 1 62
1 0 1 0 1 0 1 0 -1 59
1 1 1 61
6 0 -8 0 -3 0 2 0 1 59
21 0 -1 1 -2 0 -2 4 -1 54
11 0 8 0 4 0 1 0 1 0 -1 2 1 55
1 0 1 62
-1 0 -2 0 1 1 1 2 -1 56
-5 0 4 0 -1 0 1 0 -1 59
-9 0 1 0 -1 61
-11 0 1 0 -1 61
-13 0 1 1 1 0 -1 59
-8 0 -4 0 1 61
-6 0 2 0 1 61
-12 0 2 0 4 0 1 0 -1 0 -1 58
-11 0 -2 0 5 1 1 0 2 2 -1 0 -1 54
-12 0 3 2 2 0 4 58
-15 0 -1 0 -7 1 1 0 1 2 2 0 1 54
-12 0 -2 0 -7 0 1 0 -1 0 -2 58
-5 0 -1 0 -2 0 -2 0 -1 0 -1 3 -1 54
-9 1 -1 0 1 60
-4 0 -5 0 -1 0 1 1 -1 58
5 1 -1 0 -1 1 -1 58
-40 0 3 0 -2 0 2 0 2 0 -1 0 1 0 1 56
-20 0 -26 0 -8 0 2 3 2 1 -1 54
3 0 8 0 -3 0 -2 0 1 2 -1 56
-12 0 3 0 -12 1 1 1 1 0 1 56
-19 0 2 0 -7 0 1 0 -3 0 1 58
-20 1 -1 1 -1 59
-19 0 1 0 -1 61
-14 0 -10 0 -3 0 6 1 1 0 -3 1 1 0 -1 0 1 1 -1 51
33 0 -11 0 1 0 -5 0 -1 0 -2 0 -1 0 -1 1 1 0 -1 53
36 0 6 0 -2 0 -3 0 3 0 -1 1 -1 1 1 54
29 0 -5 0 -8 0 1 0 -3 0 -1 1 1 0 -1 55
30 0 7 0 2 0 -1 0 1 2 -1 56
26 0 -10 62
36 0 1 0 1 1 -1 59
39 0 -2 62
41 63
39 0 2 0 -2 0 -1 0 2 0 -1 1 -1 0 1 55
36 0 -2 0 -3 1 -2 0 -2 2 -1 55
36 0 2 3 -1 58
30 0 3 62
25 0 2 62
17 0 -1 0 4 0 3 0 1 2 -1 0 1 55
20 0 2 0 -1 61
19 0 -1 0 -1 61
22 0 -2 0 -1 61
24 0 -1 2 -1 59
24 1 2 61
25 0 -1 0 1 1 1 0 1 58
26 0 2 0 1 0 -2 0 -2 2 1 0 1 55
-4 0 23 0 15 0 2 0 2 0 1 1 -4 0 -4 0 1 54
-24 1 -10 0 1 0 2 2 2 0 -1 3 1 0 1 50
-17 0 -4 0 -2 0 -1 0 -2 0 -1 1 -1 56
-16 0 4 0 4 2 -1 0 -1 0 -2 0 -2 0 -1 1 1 0 2 0 2 0 1 2 -1 0 -1 0 -1 44
3 0 -15 0 -33 0 -1 0 12 0 11 0 -1 0 2 0 10 3 -4 0 -5 0 1 3 -2 5 1 0 1 38
37 0 -14 0 -24 0 -3 0 -12 0 -10 0 -1 0 -1 0 -3 0 -3 3 -1 0 -1 3 1 45
50 0 -1 0 -2 0 -1 0 -2 0 -3 1 -1 0 -3 0 -1 4 -1 49
51 0 -5 0 -6 0 1 0 1 0 1 1 1 0 1 4 -1 50
59 0 -2 0 -4 1 -2 0 -1 58
62 1 -1 61
59 0 2 0 2 0 2 0 -1 59
61 0 1 0 1 0 -1 1 -1 58
49 0 11 0 -10 0 -1 0 4 0 -5 0 1 0 3 0 2 0 -3 1 -1 0 2 1 -1 3 1 1 -1 43
29 0 5 0 2 0 -1 0 -3 0 1 0 1 0 -1 56
11 0 7 1 1 0 2 0 1 0 1 0 1 56
-2 0 2 0 -2 0 1 60
4 0 -13 0 1 0 7 0 -2 1 -2 4 1 4 -1 47
3 0 28 0 -12 0 -6 0 8 0 2 0 -1 0 3 0 -5 0 -1 1 -2 0 3 0 1 4 -1 4 -1 0 1 39
-29 0 -4 0 -9 0 3 1 6 0 2 0 -1 0 2 0 -4 0 -1 0 -1 0 1 0 -1 0 2 5 -1 43
0 0 -29 0 -21 0 1 0 -4 1 -1 0 7 0 8 0 -1 2 2 4 -1 0 -1 5 -1 39
33 0 -4 0 -2 4 1 0 1 55
38 1 2 0 -1 60
36 0 2 0 4 4 -1 0 -1 3 1 0 1 50
38 0 -3 0 -3 1 -1 2 1 0 3 3 1 0 1 4 -1 45
41 0 -1 0 2 1 1 59
40 0 6 0 7 0 -5 0 -7 0 -4 0 1 0 4 0 5 0 2 1 -1 0 -2 0 -2 0 -1 3 1 0 1 44
15 0 12 0 23 0 -1 0 5 0 2 0 1 0 -2 0 -4 0 -1 2 -4 0 -4 0 1 3 1 0 1 0 2 3 1 0 1 0 -1 7 -1 6 1 22
3 0 -5 0 5 2 -8 2 2 0 -3 1 1 1 1 0 -6 5 1 6 2 7 -1 28
11 1 -10 0 -1 0 3 0 -4 1 1 0 -6 0 3 0 -1 2 -2 0 5 1 1 1 -1 0 -1 0 3 6 2 6 1 29
3 0 3 0 -1 0 4 2 2 0 -5 0 3 0 4 1 -1 0 2 1 4 2 1 0 -2 0 2 0 3 5 1 0 -2 7 -1 28
1 0 1 0 -5 0 1 0 -3 0 1 2 -2 0 -1 2 -1 0 3 0 -2 4 1 0 -6 5 1 0 -1 5 1 0 -1 29
9 0 -11 0 15 0 1 0 -8 0 5 0 1 0 1 0 -1 0 2 2 -2 1 1 2 1 0 -1 0 1 0 -2 1 -1 0 -1 0 -1 0 -2 0 -2 4 -1 0 -1 0 -1 30
36 0 -12 0 15 0 -1 0 9 0 -6 1 -1 0 -1 0 2 0 -1 0 -1 0 4 0 -2 0 -1 2 1 0 -3 0 1 0 1 3 -1 0 1 38
45 0 1 0 1 61
46 0 -1 62
45 1 2 0 2 1 1 58
46 0 2 0 -3 0 -1 0 3 0 -2 2 1 0 -1 2 1 51
41 0 2 0 -3 1 -4 0 4 1 1 0 -2 0 1 2 -1 0 2 50
41 0 -3 0 5 1 1 0 -1 1 -1 0 1 3 1 51
45 1 1 1 1 0 -1 58
13 0 31 0 -33 1 11 0 -4 0 1 0 7 0 -11 0 -1 2 7 0 -4 0 -1 1 1 0 1 0 -1 5 2 0 -1 0 -1 12 1 0 -1 23
-37 0 7 0 -4 0 5 0 -7 0 4 0 2 0 -5 0 6 0 -3 0 1 0 -2 0 3 0 -3 0 1 1 -1 0 1 0 -1 0 1 0 -1 11 1 31
-39 0 -4 0 4 0 5 0 -4 0 2 0 -2 0 3 0 -2 0 1 0 1 0 -3 0 2 0 -1 0 1 0 -1 0 1 0 -1 6 -1 0 1 13 -1 0 1 23
-19 0 16 0 -1 0 10 1 -2 0 2 0 3 0 -3 0 -1 1 5 0 -3 2 -1 0 4 0 -2 3 -1 0 1 1 1 0 -1 3 1 2 -1 31
-19 0 -15 0 2 0 5 0 2 0 -1 0 2 0 -6 0 2 0 1 0 -1 0 7 0 -2 0 -1 2 -3 1 1 4 2 6 -1 1 1 4 1 1 1 24
-33 0 3 1 2 0 -1 0 1 0 2 0 -2 0 1 0 -1 0 1 0 -1 0 1 0 -1 1 1 0 -1 1 -1 2 1 14 1 27
-33 0 -1 0 2 1 -2 0 1 1 1 3 -1 0 1 3 1 0 -1 10 1 7 -1 27
-9 0 -15 0 31 0 -2 0 -8 0 7 1 -3 0 6 0 -1 1 -1 0 -3 0 6 0 -1 3 1 0 1 0 1 4 2 0 -1 6 1 9 1 20
5 1 30 0 -1 0 4 0 -11 1 1 0 2 3 1 0 -3 0 3 3 -1 0 1 0 -1 43
-8 0 13 0 18 0 -1 0 7 1 2 0 -3 0 -5 0 -2 2 -2 0 -1 0 1 3 1 0 1 4 1 0 1 38
4 0 -7 0 -7 0 -5 0 -2 0 -2 0 -3 0 -2 0 2 0 -1 0 -1 0 -1 0 1 4 1 46
10 0 -1 0 -5 2 -3 3 -1 54
12 1 -6 2 -3 3 -1 54
10 0 2 0 -6 2 -4 3 -1 4 -1 49
3 0 4 0 -1 0 1 0 -2 0 -3 2 -1 0 -1 54
5 0 -5 0 3 0 1 0 -1 0 -3 2 1 0 1 54
19 0 -3 0 3 0 -3 0 -1 0 -3 1 1 1 1 54
3 0 9 0 3 0 4 0 -1 0 -4 0 1 0 3 0 2 0 3 54
3 0 -19 0 -5 0 7 1 -7 0 1 0 5 1 1 1 1 0 1 0 1 0 -1 49
18 0 19 0 10 0 -8 0 -4 1 1 0 -1 0 -4 0 -2 0 -1 1 1 0 2 4 -1 0 -1 44
-40 0 11 0 -2 0 9 0 5 0 7 0 2 1 7 0 -2 0 1 2 -3 0 1 1 1 1 -1 45
-38 1 -3 0 -2 1 1 1 -2 0 -1 0 -1 54
-11 0 -22 0 9 0 -9 0 -2 0 -6 1 -3 0 5 0 1 2 1 1 -1 4 1 44
-31 0 16 0 5 0 8 0 1 0 -4 0 2 0 1 0 -5 0 -1 2 -1 1 -1 4 -1 44
-38 0 -6 0 -2 0 2 0 2 0 1 1 1 56
-27 0 -5 0 -4 0 2 0 -1 0 -2 0 -1 1 2 0 -1 54
-13 0 -1 0 -1 0 -2 0 -1 0 -4 0 -1 2 -1 4 -1 49
-14 0 4 1 -3 0 3 0 -3 1 -1 0 -2 0 -2 54
-25 1 -7 0 3 0 -3 0 2 1 3 0 -3 0 1 1 -1 0 2 0 -2 0 1 2 -1 0 1 0 -1 44
5 0 -25 0 24 3 -1 0 -7 0 11 3 1 0 -1 2 -1 0 -1 0 2 5 1 0 -1 38
14 0 17 0 -8 0 -1 0 1 0 -4 1 4 0 -5 2 1 0 -1 0 1 0 -1 2 1 0 -1 45
-20 0 17 0 -17 0 -1 0 4 0 -2 0 1 0 3 0 -4 2 -1 0 2 0 -1 50
-35 0 -9 0 11 0 2 0 -6 0 3 0 1 0 -5 0 5 0 -1 1 -1 52
-28 0 2 0 -2 1 5 0 -2 0 1 0 2 0 -1 4 -1 50
-43 0 6 0 -1 0 3 0 -3 0 2 3 -1 8 1 45
-24 0 -19 0 11 1 -2 0 1 0 -1 0 -2 0 1 0 1 54
2 0 -3 0 3 0 -1 0 2 0 -1 1 1 56
2 0 2 0 -1 61
0 1 -1 61
12 0 -9 0 -1 0 -2 0 -3 2 1 0 1 55
20 0 -1 0 5 0 -2 0 2 0 -1 58
-1 0 11 0 1 0 6 0 -1 0 2 6 -1 1 1 49
0 63
-4 0 -1 0 1 0 3 0 -1 59
-3 0 4 2 1 2 1 56
-7 0 1 0 -1 61
-9 0 1 0 -1 61
-12 0 3 0 -1 61
-11 0 -4 0 1 61
-11 0 4 2 1 0 1 2 -1 55
-12 0 -3 0 -4 4 1 0 2 55
-5 0 -2 0 -2 1 -1 0 -1 2 -1 0 -1 54
-3 1 -1 61
-4 0 2 0 -3 61
-5 0 -1 0 -2 1 -1 59
-1 0 -1 0 -1 0 -2 60
-6 1 -1 0 2 0 -1 59
-3 0 -3 0 1 0 2 60
6 0 -1 0 -1 0 -1 60
-31 0 6 0 -12 0 4 0 -2 0 2 2 -1 0 -1 2 -1 4 1 46
1 0 -22 0 -6 0 -6 0 -2 0 -2 0 -1 5 1 51
9 0 5 0 -3 0 2 0 1 59
4 0 2 0 -2 1 -1 59
-1 0 3 0 -6 1 2 59
-10 0 5 0 -7 1 -1 59
-15 0 -4 0 -2 0 4 2 -1 0 -1 56
0 0 -1 0 -4 0 2 1 -1 0 -1 0 1 0 -1 0 -1 54
6 0 7 0 9 0 -6 0 -6 0 5 2 -2 0 1 54
-11 0 -4 0 24 0 6 0 2 0 11 1 -2 1 -1 2 -1 1 -1 49
16 0 -2 0 10 0 -8 0 -1 0 5 0 -1 0 2 0 1 0 -1 0 -1 1 1 51
2 0 -7 0 19 0 10 0 3 0 2 0 1 0 -3 0 5 0 -2 1 -1 0 -1 0 -1 50
19 0 -4 0 10 0 2 0 -1 0 -2 0 -1 0 -1 0 -2 0 -1 1 1 0 1 0 1 50
34 0 -4 0 1 0 -1 0 3 2 1 56
40 0 -3 0 -1 61
41 0 1 62
40 63
35 0 3 0 -1 0 1 1 1 2 -1 55
31 0 2 0 -2 0 -1 0 -1 0 3 58
30 2 -1 1 1 2 1 55
25 0 3 1 -1 0 -1 1 1 57
10 0 2 0 2 0 4 0 1 0 -1 2 -1 0 1 54
21 0 -5 0 1 0 -1 0 1 0 -1 1 -1 0 1 55
22 0 2 0 -2 0 1 0 -2 59
22 0 -1 62
23 0 -1 0 -1 61
25 3 -1 0 -1 58
25 1 1 61
4 0 26 0 15 0 -4 0 -5 1 1 0 -2 0 -2 0 1 2 1 51
-26 0 -7 0 4 0 3 0 5 2 1 0 1 2 1 0 2 0 1 50
-3 0 -9 0 -7 0 -3 0 -2 0 -1 1 1 0 2 0 -1 54
-14 0 11 0 -1 0 5 2 -1 0 -3 0 -6 0 -1 0 1 0 2 0 3 0 2 2 -1 0 -1 0 -1 0 -1 44
32 0 -37 0 -28 0 -6 0 -11 0 -5 0 -1 0 7 0 8 0 -2 1 2 0 8 0 3 0 -1 3 1 0 1 4 -2 7 -1 31
59 0 4 0 2 0 -1 0 -2 0 -2 58
28 0 23 0 26 0 1 0 -5 0 -2 0 1 0 -5 0 -7 3 3 0 2 10 -1 39
30 0 -29 0 13 0 -2 0 7 0 1 0 1 0 -1 0 4 0 2 1 -1 0 2 0 1 3 1 46
60 0 -3 62
62 0 1 62
59 0 3 0 4 1 -2 0 -1 58
54 0 1 0 2 1 3 3 -1 55
56 0 -5 0 -1 2 1 2 1 0 1 54
59 0 3 1 -2 1 -1 1 -1 56
33 0 14 0 -5 0 2 1 1 0 1 1 -1 55
14 0 3 4 1 0 -1 56
6 0 1 0 -4 61
7 0 -3 0 -3 0 2 0 -2 1 -1 0 2 1 1 1 -1 52
20 0 4 0 1 1 -1 1 -1 0 1 3 1 0 -1 3 1 47
20 1 -1 0 -1 1 -2 0 -1 0 1 1 -1 4 -1 49
26 0 -5 0 -2 0 1 3 1 0 1 55
32 1 3 1 -2 0 -1 0 1 2 1 54
29 1 4 0 2 0 3 0 2 1 -1 0 -3 4 1 50
37 0 -5 0 -3 1 -3 0 -1 6 2 0 1 4 1 45
38 0 2 0 -2 1 1 0 3 3 -1 2 -1 51
24 0 18 0 12 0 -6 0 -15 0 -4 0 1 0 5 0 2 0 2 2 1 0 1 0 1 2 -1 0 -2 5 1 15 -1 23
-11 0 14 0 25 0 5 0 8 0 1 0 1 0 1 0 3 0 1 0 1 0 -1 0 1 0 1 1 -1 0 -1 0 -3 0 -2 0 -1 0 -1 3 -1 0 -1 5 1 8 1 23
-20 0 -1 0 12 0 4 0 5 0 4 0 1 0 -3 0 -11 0 -4 2 1 0 2 3 1 0 3 0 1 13 1 30
-12 0 -2 0 -6 0 -1 0 -1 0 22 0 -1 0 2 0 -1 0 3 1 1 1 1 0 -2 3 -1 1 2 6 1 36
-10 0 1 0 2 0 1 0 -2 0 18 2 1 0 -8 3 2 0 -3 3 1 1 1 5 1 7 1 29
17 0 -29 0 1 0 -17 0 12 0 -4 0 3 0 -10 0 6 0 -7 1 -4 0 4 0 -3 0 1 1 -1 0 3 0 2 3 1 0 1 0 1 1 1 2 1 1 1 1 1 5 1 24
6 0 17 0 -8 0 3 0 -10 0 3 0 -2 0 -3 0 1 0 -5 1 2 0 2 0 2 0 1 1 -1 0 -1 0 2 1 1 2 1 0 3 0 -1 1 1 3 -1 0 -1 6 1 6 -1 0 1 12 1 3
-8 0 5 0 1 0 1 1 8 1 -2 1 -14 2 3 0 -2 0 5 4 2 0 -2 3 -1 1 -2 0 1 6 1 29
-3 0 -14 0 -10 0 5 0 -6 0 6 0 2 0 7 0 6 0 3 0 -1 0 1 0 3 0 1 0 -1 1 -1 0 -1 1 -2 4 -1 1 1 37
12 0 -22 0 28 0 6 0 1 0 2 0 2 0 -8 0 12 1 1 0 -3 0 1 0 1 3 -1 0 3 0 -1 3 -1 8 1 31
44 0 -2 0 4 0 -2 0 3 0 -2 0 -1 0 2 0 -2 0 1 1 1 0 -1 0 1 0 -1 3 1 0 -1 44
44 0 -2 1 1 60
46 1 1 61
46 0 -1 0 2 61
43 0 4 0 -4 1 3 0 -2 6 1 0 -1 4 1 45
37 0 1 0 1 0 1 0 -4 0 3 1 -1 0 2 3 -1 0 1 4 1 45
41 0 -2 0 2 1 2 0 -1 2 -1 0 1 54
23 0 26 0 -24 0 -5 0 18 0 -7 0 1 1 1 1 -1 0 -1 0 6 0 -3 3 -2 0 4 0 -1 0 -1 10 -1 0 1 6 -1 0 1 23
-36 0 14 0 -12 0 8 0 -13 0 7 0 1 0 -7 0 8 0 -3 1 -1 0 2 0 -2 0 1 2 -1 6 1 0 -1 5 1 0 -1 0 1 30
-23 0 -1 0 2 0 -20 0 6 1 -7 0 4 1 1 0 2 0 -5 0 2 0 1 0 -1 0 1 0 -5 0 2 5 -1 5 1 0 -1 12 1 20
-30 1 3 0 2 0 -2 0 1 0 -1 0 1 0 -1 0 1 1 -1 0 1 0 -1 4 1 5 -1 39
-6 0 12 0 -22 0 -7 0 10 1 -3 0 13 0 -12 0 -1 0 -1 0 3 0 2 2 -1 0 2 0 2 0 -3 4 1 0 1 5 1 1 -1 31
-33 0 2 0 -3 0 2 0 -3 0 2 1 -3 0 3 0 -2 1 -1 0 1 0 -2 0 1 1 -1 0 1 0 -1 0 1 0 -1 3 -1 3 -1 35
-35 0 3 0 2 1 1 31 1 27
-33 0 -1 1 1 3 1 56
-19 0 -13 0 -5 0 2 0 2 0 1 0 -4 0 2 0 1 1 3 1 -1 0 1 1 -1 7 1 40
12 0 -1 0 -2 61
13 0 -1 0 -2 2 1 58
15 0 1 1 -1 0 -1 0 1 58
9 0 4 0 1 2 1 58
4 1 -3 0 1 0 2 0 1 2 1 55
-17 0 26 0 5 0 1 0 -9 0 2 0 -1 0 1 0 -3 0 1 2 1 51
-21 0 -8 0 21 0 -5 0 2 0 4 1 -1 0 1 0 -1 54
-33 0 7 0 6 0 5 0 8 0 4 1 -2 0 -1 0 1 2 -1 1 1 49
-24 0 -2 0 9 0 -5 0 -11 0 2 1 1 0 -1 0 1 54
-18 0 -14 0 30 0 3 0 2 0 -1 1 -1 0 5 0 -2 2 -1 0 1 0 1 49
-8 0 18 0 12 0 -8 0 7 0 -14 0 1 0 1 0 -1 3 3 0 -1 0 -2 49
-39 0 1 0 4 2 1 2 -2 3 -1 51
-39 1 -2 0 -1 0 1 0 1 1 1 0 -1 0 1 54
-39 0 -2 0 -2 1 -1 3 1 55
-34 0 -6 1 2 0 -1 59
-22 1 2 0 -1 0 -1 0 -1 0 -1 0 1 0 1 0 -1 54
-20 0 3 0 5 0 -2 0 2 1 -1 1 -2 0 -1 54
-17 0 -7 0 7 0 1 0 -3 0 -1 1 -1 0 2 0 -1 54
-13 0 3 0 5 1 2 0 -3 2 -1 55
-22 0 6 0 2 0 -1 4 -1 55
-18 0 -12 0 20 0 1 0 -3 0 5 0 -1 0 -5 0 5 0 2 2 -2 0 1 3 -1 0 1 0 1 44
-1 0 1 0 1 0 -1 0 2 0 -1 1 2 0 -1 2 1 0 -1 4 1 46
-19 0 19 0 -13 0 -1 0 1 0 -1 1 4 0 -3 0 -1 2 1 51
-41 0 -4 0 6 0 2 1 2 0 1 0 -2 0 -1 0 1 1 -1 1 -1 50
-33 0 -1 0 1 0 -2 0 1 0 -1 1 -1 0 2 0 -1 2 1 51
-34 0 -3 0 -5 0 2 0 -2 2 2 0 -2 0 1 3 -1 50
-17 0 -12 0 10 0 1 0 -1 0 1 0 -1 0 -2 0 2 55
0 0 -1 0 2 0 -1 0 1 2 1 56
0 0 -1 0 1 0 2 0 1 1 -1 0 -1 56
11 0 1 0 1 0 -4 0 -1 1 -1 0 -1 56
15 0 -6 1 -1 1 -1 58
6 0 14 0 -1 1 2 3 -1 0 -1 54
1 0 -1 0 -2 0 -1 60
-6 0 3 1 3 0 -1 59
-3 1 1 0 -2 0 1 59
-5 0 1 0 -1 61
-6 0 1 0 1 0 -1 0 -1 0 -1 58
-12 0 2 0 4 0 1 1 -1 58
-13 0 -1 0 2 0 1 4 -1 55
-7 0 -1 0 -2 0 -1 3 1 56
-8 2 1 60
-5 0 -2 62
-4 1 2 1 -1 59
-4 1 3 61
-3 0 -1 0 1 0 1 0 1 59
1 0 -2 1 -2 60
-4 0 2 0 -1 0 2 1 -1 58
-3 0 -3 1 2 1 -1 58
7 0 -1 1 -1 2 -1 57
-7 0 -2 1 -1 0 3 0 -1 2 2 0 -1 2 1 51
2 0 -6 0 1 0 -1 0 -3 2 -1 0 -1 55
7 0 -2 0 3 1 1 3 1 55
8 0 3 3 -1 58
9 0 -3 0 -2 1 1 0 -1 58
5 0 8 0 -5 0 -2 0 1 59
-10 0 -2 0 -2 0 6 0 -1 1 -1 57
6 0 -2 0 -1 1 1 1 -1 1 -1 55
2 0 13 0 -1 0 -4 1 1 1 -1 56
-8 0 -16 0 -7 0 6 0 2 0 -1 1 1 0 1 0 -1 54
20 0 1 1 -4 0 -1 0 -2 1 -2 1 -1 54
2 0 4 0 -9 0 6 0 3 0 -2 0 -1 1 -2 0 -1 0 1 53
24 0 -11 0 -9 0 -2 0 -2 0 -2 0 -1 1 1 0 -1 54
36 0 -2 0 -1 0 -1 0 -1 3 -1 55
40 0 -2 0 1 61
41 0 1 0 1 61
40 63
37 0 1 0 -2 0 1 4 -1 55
36 0 2 0 -1 0 -1 1 1 58
31 0 1 0 -1 5 1 55
22 0 10 1 -5 0 -1 0 1 0 2 1 -1 55
-11 0 -2 0 6 0 12 1 4 0 1 0 -1 0 1 3 -1 51
13 0 -6 0 2 0 -1 1 1 0 -1 0 1 56
25 0 -2 1 -3 0 3 2 1 56
22 3 -1 59
22 1 1 61
23 63
19 0 9 0 5 0 -5 0 -4 0 -1 0 1 0 1 0 1 55
-24 0 12 0 6 0 8 0 8 0 1 0 1 1 1 3 -1 0 1 50
-23 0 -7 0 -3 0 3 0 -4 0 -1 0 -1 0 3 0 -1 0 -1 54
-9 0 5 0 14 0 -6 0 -1 0 -1 6 1 51
15 0 -42 0 -20 0 2 0 3 0 1 1 12 0 8 0 -1 1 1 0 2 0 1 3 -2 0 -1 0 1 4 -1 39
58 0 -1 0 1 0 -1 3 -1 0 -1 3 -1 51
37 0 26 0 14 0 -4 0 -5 0 -1 0 1 0 -4 0 -3 0 1 1 1 0 2 11 -1 39
-13 0 9 0 5 0 3 0 -1 1 1 1 -1 0 1 1 1 0 1 0 1 4 1 45
-7 0 -21 0 14 0 9 0 -7 0 4 0 -1 0 3 4 -1 4 1 0 -1 45
50 0 -14 0 8 0 -6 0 6 0 -1 0 -2 0 3 0 -1 1 -1 0 1 52
56 0 2 0 3 1 1 0 1 1 -1 0 -1 55
53 0 1 0 -4 1 1 2 1 0 1 55
54 0 -1 0 2 1 -2 0 -1 1 -1 56
53 0 1 0 1 0 1 0 1 0 2 2 -1 55
58 0 -3 0 -2 0 -1 0 1 3 1 55
47 0 18 0 -4 0 -4 1 -1 0 1 0 1 0 -1 3 1 51
12 0 6 0 2 0 3 0 -1 1 1 57
5 0 1 0 -2 0 1 0 5 0 4 1 -1 0 -2 3 -1 0 -1 50
14 0 -8 0 -11 1 -2 2 1 0 4 0 2 3 1 50
26 0 3 0 -4 0 -3 0 2 0 -3 0 -3 0 -1 0 -1 0 1 1 1 1 -1 3 -1 0 1 4 1 7 -1 32
20 0 1 0 5 0 3 0 -3 0 -3 0 2 0 -3 0 6 0 -1 1 -1 0 1 0 -3 3 -1 0 -1 0 1 4 1 39
19 0 2 0 12 1 -1 0 -4 1 -1 0 -3 0 1 3 1 5 -1 44
22 0 -5 0 -3 1 6 0 4 1 2 0 2 3 -2 0 -2 4 1 0 1 44
32 0 -3 0 1 0 -1 0 -3 0 -3 1 -2 0 -3 9 1 5 1 39
35 0 -1 5 1 1 1 54
11 0 20 0 37 0 1 0 -8 0 -5 0 2 0 -6 0 -9 0 2 2 4 0 2 2 -1 0 1 0 4 1 -1 3 -2 0 -2 0 1 13 1 23
-19 0 7 0 7 0 4 0 12 1 1 0 4 0 3 0 3 1 1 0 4 0 3 0 -1 2 1 0 1 0 -2 0 4 3 1 1 -1 6 -1 0 1 29
-28 0 5 0 -8 0 -2 0 -1 0 4 0 1 1 2 0 -3 0 -1 1 1 1 3 0 1 0 1 0 -1 0 1 0 1 0 -2 2 1 2 -1 37
-19 0 -15 0 8 0 -5 0 -7 0 -10 0 -1 0 -3 0 -3 0 4 2 1 0 -2 3 2 1 2 0 -1 4 1 0 -1 37
3 0 -10 0 13 0 -1 0 3 0 -5 2 -1 0 5 3 1 0 -2 5 1 43
10 0 8 0 4 0 -8 0 1 0 3 0 3 1 -7 1 -1 1 4 0 1 0 -1 2 -2 1 1 44
10 0 5 0 20 0 -24 0 -17 0 -10 0 -1 0 -2 0 -11 0 2 1 1 0 6 0 1 2 -1 1 -2 0 2 3 2 0 -1 0 2 4 1 0 1 0 2 0 -1 30
9 0 -30 0 5 0 -10 0 20 0 11 0 1 0 -4 0 14 1 1 0 -3 0 -8 0 3 3 1 0 2 0 1 3 1 0 3 0 1 5 -1 32
20 0 6 0 -3 0 -2 0 -7 0 6 0 1 0 1 0 -3 0 1 1 -1 0 -10 0 12 0 1 1 -1 1 -1 1 1 3 -4 0 3 0 2 5 -1 6 -1 0 1 11 1 11
14 0 -3 0 -1 0 -1 0 7 0 -2 0 -1 0 3 0 -9 0 3 1 1 0 -2 0 3 5 -1 44
-12 0 -1 0 -1 0 17 0 4 1 8 0 4 0 -3 2 -1 0 -2 0 -1 0 -1 0 1 0 -2 4 -1 3 -1 3 -1 34
3 0 -11 0 13 0 1 0 -9 0 6 0 1 0 -1 0 -3 0 2 1 -1 0 1 1 -1 0 -2 0 -1 1 -3 0 2 0 2 0 -1 2 1 0 -1 0 -1 3 1 33
32 0 -13 0 16 1 8 0 -4 0 -1 0 -2 0 1 3 3 0 -3 0 -1 3 -1 1 1 5 1 0 -1 36
44 1 1 61
43 63
43 1 1 61
44 0 1 0 1 0 -1 0 1 0 -1 1 -1 0 1 55
36 0 4 0 -3 0 1 0 -3 0 2 1 2 0 -3 3 -2 0 1 4 -1 45
38 0 -4 0 5 0 -1 0 1 0 -1 58
25 0 25 0 -18 0 -10 0 17 0 -6 0 1 0 -4 0 4 0 -1 1 -1 0 3 0 -1 0 -1 1 1 0 -3 0 3 4 1 0 -2 0 1 38
-25 0 -10 0 -4 0 6 0 -9 0 5 0 12 0 -14 0 7 0 -1 0 -3 0 1 0 3 0 -1 1 1 0 1 0 -1 1 1 2 -2 0 1 5 1 0 -1 6 -1 5 1 20
-34 0 -1 0 1 0 1 20 -1 14 -1 24
8 0 -38 0 6 0 -16 0 3 1 1 0 -5 0 1 1 2 0 -4 0 1 3 -1 5 1 0 -1 5 1 34
19 0 14 0 -14 0 -3 0 10 0 -10 1 -1 0 6 0 -4 2 2 0 1 0 -1 3 2 0 -1 4 -1 0 1 0 -1 6 1 30
-10 0 10 0 -30 0 1 0 -3 0 -2 1 2 0 -4 0 9 2 -1 1 -1 3 -1 0 3 0 -1 4 1 38
-12 0 -4 0 -22 0 1 0 1 0 -2 0 -1 0 -1 0 2 0 8 2 1 0 2 0 -2 3 -2 0 -2 6 1 37
2 0 1 0 -6 0 7 0 -5 0 -3 0 -5 0 -6 0 -3 0 -1 0 -2 0 -4 3 1 0 2 0 1 5 1 5 -1 0 -1 12 1 20
11 0 -1 0 3 1 -1 0 1 58
15 0 -2 0 4 0 -1 60
15 0 1 0 2 1 1 0 -1 58
14 0 1 0 -3 1 1 59
13 0 2 0 -1 0 -1 0 -2 0 -1 0 1 0 1 3 -1 52
-25 0 18 0 2 0 11 0 8 0 -1 0 1 0 -1 0 1 2 -2 0 -1 0 1 50
-33 0 5 0 -2 0 -3 0 -4 0 -1 2 -2 2 1 52
-32 0 -9 0 -4 0 -2 0 -2 0 1 1 2 56
-41 0 17 0 8 0 1 0 3 0 1 1 -3 0 -1 55
-46 0 -9 2 -2 0 -1 58
-42 0 2 0 -1 0 2 0 3 0 1 58
-41 0 1 0 1 0 -1 0 -2 0 -1 1 -1 0 -1 55
-39 0 -4 0 1 1 -1 0 1 58
-38 0 2 0 2 0 1 1 -1 2 1 55
-36 0 -3 0 3 0 1 0 -1 59
-29 0 5 0 4 0 -4 0 1 2 -1 0 -1 55
-30 0 -6 0 5 0 -1 0 -1 0 1 58
-29 0 6 0 3 0 -1 3 1 0 -1 0 1 54
-37 0 -1 0 5 0 2 0 1 0 2 1 -1 1 1 4 1 49
-29 1 1 0 -2 0 1 0 1 58
-33 0 4 0 -2 0 -1 0 -1 2 1 56
-12 0 -23 0 8 0 -4 0 5 2 -3 0 2 0 1 1 -1 0 1 51
3 0 -1 0 -5 1 2 1 1 0 -3 0 2 8 -1 46
-31 0 25 0 -13 0 8 0 -11 0 2 0 -1 0 4 0 -2 0 -1 1 2 0 -2 51
-35 0 -1 0 2 0 -3 0 2 0 -1 1 1 56
-43 0 3 0 4 0 2 0 -2 0 3 2 -2 0 1 2 -1 1 1 49
-31 0 -12 0 2 0 2 0 2 0 1 0 -1 0 1 0 1 55
-2 0 -5 0 -1 0 -4 0 1 1 -1 57
0 0 -2 0 -2 0 3 2 -1 57
10 1 -1 0 -1 0 1 1 -1 0 -1 56
14 0 -4 0 -2 0 1 3 -1 56
9 0 17 1 -4 0 -2 0 1 1 1 0 -1 55
-1 0 -9 0 5 0 -4 0 3 0 -1 0 -1 5 1 51
-6 0 8 1 2 0 -1 59
-6 0 -4 0 2 0 -1 0 1 59
-7 0 3 0 4 0 -1 0 -2 0 -1 58
-15 0 1 0 2 0 1 0 3 0 2 1 -1 0 -1 55
-12 0 -1 0 -4 0 -1 0 -1 0 -1 2 1 3 1 51
-12 0 -1 0 -1 0 1 60
-6 0 -2 0 1 0 -1 1 -1 58
-9 0 2 0 1 0 1 0 -1 59
-8 0 -3 0 2 2 -1 58
-4 1 -1 2 -1 58
-3 0 -1 3 -1 58
-2 4 -1 2 -1 55
2 0 -2 1 -1 60
-3 0 4 1 2 0 -1 59
-6 0 -2 0 1 0 3 2 -1 57
8 0 -2 0 -1 0 -2 0 1 1 -1 57
-3 1 1 0 -2 0 -1 0 -2 0 -1 0 1 0 -1 3 1 51
-3 0 -2 0 3 1 1 3 -1 55
0 0 -4 0 1 0 2 0 1 0 2 58
7 0 1 0 -1 0 -2 0 -1 0 1 58
6 0 -4 0 3 0 1 0 -1 59
14 0 -2 0 -1 1 3 0 -1 2 1 55
10 0 6 0 -6 0 1 0 -2 0 -4 1 1 6 -1 49
8 0 -7 1 2 0 1 0 -1 58
7 0 14 0 -2 0 -2 4 -1 0 -1 54
-2 0 -9 0 -1 0 1 0 -3 0 2 1 1 56
7 0 1 0 5 1 2 0 3 1 -1 0 -1 55
15 0 -11 0 -5 0 2 0 1 0 1 1 2 0 2 55
33 0 -3 1 -1 0 -1 59
36 0 -1 62
39 0 -1 62
40 63
40 63
36 0 2 0 -1 1 -1 0 1 2 -1 55
34 4 2 58
32 0 2 3 1 2 1 55
24 0 6 0 -1 0 -2 0 2 1 1 0 -1 56
-7 0 15 0 -7 0 6 0 -2 0 4 1 2 0 -4 0 -1 54
1 0 -14 0 3 0 -1 0 -1 0 4 0 -1 0 -1 0 4 0 -1 54
23 0 -8 0 2 1 1 2 -1 56
24 0 4 0 -2 0 1 0 -1 59
22 0 -1 0 -1 61
22 0 1 62
0 0 29 0 10 0 -5 0 -3 1 1 0 -2 0 -1 0 1 54
-31 0 -7 0 3 1 2 0 -2 2 1 3 1 51
-25 0 2 0 2 0 1 0 -1 0 2 2 -1 0 -1 2 -1 51
-16 0 -20 0 -11 0 12 0 13 0 1 0 -3 0 -2 0 1 0 -1 0 1 0 -1 0 -2 3 1 0 1 46
49 0 -10 0 -3 0 -6 0 -6 0 -1 0 -2 0 -3 0 -2 0 -1 0 -1 2 -1 50
48 0 15 0 10 0 -9 0 -10 0 -2 0 2 0 3 0 2 0 1 0 -1 0 -1 52
1 0 10 0 9 0 2 0 7 0 3 0 1 0 4 0 2 0 1 1 1 0 1 0 -1 50
-10 1 -11 1 3 0 2 1 2 0 -2 0 -1 2 -1 0 1 50
-10 1 -3 1 -3 3 -1 0 -1 54
25 0 -31 0 12 0 -3 0 1 0 1 1 -5 0 2 0 1 1 -1 52
56 0 -2 0 1 0 -1 3 1 56
54 0 2 0 1 1 1 0 1 2 -1 55
52 0 -1 0 -4 0 1 0 -1 2 1 0 1 55
56 2 -1 1 -1 2 -1 55
57 0 -2 2 1 0 1 58
55 0 10 0 -4 0 -5 0 2 0 -1 0 1 0 -1 56
24 0 4 0 -6 0 3 1 -1 0 1 0 1 0 1 0 -1 54
22 1 1 1 -3 0 -3 3 -1 54
16 0 4 0 5 1 1 0 1 2 -1 55
19 0 -7 1 -10 0 5 0 1 0 7 0 -5 2 -1 0 -1 0 3 1 1 1 3 0 -3 1 -1 2 -1 0 1 1 1 4 1 33
11 0 -12 0 12 0 -9 0 3 0 -3 0 1 0 1 0 6 0 -1 0 1 1 -1 0 7 0 -2 4 1 0 -1 5 1 37
20 0 -3 0 5 0 -1 0 -4 0 -11 0 -1 0 2 0 -3 0 -5 1 1 0 1 0 -2 0 -3 5 -1 43
21 0 1 0 9 1 7 0 4 1 -1 0 -7 0 -1 2 1 0 1 50
15 0 7 0 2 0 -4 0 -9 0 3 0 1 0 6 0 6 0 6 1 -1 0 -1 0 -2 0 -3 3 -1 0 1 6 -1 5 -1 31
-4 0 3 0 28 0 8 0 13 0 1 1 -8 0 -3 1 -1 0 -1 0 -6 0 -4 0 1 2 1 0 1 0 1 4 3 0 1 0 -1 12 -1 24
3 0 -1 0 -4 0 -2 0 2 0 -5 1 -1 1 -3 2 -1 1 -2 49
-2 0 4 0 -21 0 -1 0 5 0 -11 1 1 1 -4 2 1 0 -2 5 -1 44
-8 1 -23 1 -4 0 3 0 1 0 1 0 -8 0 9 1 1 1 -3 0 4 3 -1 0 -1 0 1 43
-21 0 -1 0 -1 0 1 0 5 0 -1 0 1 0 -3 0 7 0 2 0 1 0 -5 0 5 0 -2 0 -1 0 1 1 3 0 1 0 1 0 -1 2 -1 0 2 1 1 0 -1 3 1 32
-23 0 -1 0 -19 0 -8 0 4 0 9 0 -3 0 10 0 -4 0 -8 1 3 0 -4 0 1 0 -4 0 1 0 1 0 -1 0 1 0 -4 0 2 0 1 2 -1 0 1 0 -1 0 1 1 -1 34
-28 1 -1 0 1 0 -7 0 12 2 -1 0 -1 3 -2 0 7 4 1 6 2 37
-30 0 6 0 7 1 7 0 4 0 -1 1 5 0 3 1 -2 0 2 0 1 0 -3 3 1 0 1 0 -1 4 1 0 -1 37
1 0 -8 0 35 0 -16 0 -10 0 -6 0 -5 0 -5 0 -5 0 -8 1 -3 0 4 0 -1 0 -1 0 -1 0 -1 1 -2 0 -1 0 1 2 -1 0 1 0 -2 4 1 0 1 1 1 30
22 0 -12 0 -1 0 -10 0 -10 0 -10 0 4 0 16 0 -5 0 -3 0 -2 0 5 0 -4 0 -5 0 5 0 -1 0 3 0 2 0 -4 0 1 4 -2 6 1 1 -1 30
8 0 1 0 -15 0 -10 0 4 0 1 0 9 0 15 0 -1 0 6 1 5 0 1 0 -12 0 2 0 1 0 3 0 -2 0 -2 4 -2 0 -1 0 -1 6 1 0 -1 4 1 0 1 24
-9 0 -14 0 6 0 -7 0 2 0 -6 0 -2 0 -4 0 1 0 -2 0 -1 0 -1 0 2 0 -2 3 1 1 1 4 1 15 1 23
-7 0 10 0 7 0 3 0 -5 0 -4 0 1 0 -1 0 5 0 1 1 1 0 1 3 1 0 1 0 -1 0 -2 0 -1 5 -1 5 1 31
-11 0 -5 0 12 0 1 0 -2 0 -5 1 1 0 -3 0 4 3 -1 0 -2 3 -1 1 -1 5 -1 6 1 30
12 0 -13 0 26 1 -1 0 2 0 -1 0 -2 0 5 0 -1 2 -3 0 3 0 -1 3 1 0 -2 0 1 4 1 0 1 6 -1 30
36 0 -7 0 9 0 -2 0 7 0 -4 1 1 0 -4 0 2 3 1 0 -1 3 -1 5 -1 0 1 38
40 0 1 0 2 61
39 1 1 61
40 0 -1 0 2 61
35 0 6 0 -4 0 1 0 -1 2 3 0 -3 8 1 0 -1 45
33 0 -3 0 4 0 -1 0 1 59
5 0 29 0 -10 0 10 0 2 0 -2 0 -8 0 11 0 -1 0 -2 0 2 0 -3 0 1 3 -3 0 3 0 1 0 -1 2 2 0 -2 5 -1 6 1 27
-32 0 3 0 -3 0 3 0 -4 0 1 0 2 0 -3 0 2 0 -1 0 1 0 -2 0 1 0 -1 1 1 0 -1 15 -1 31
-10 0 -40 0 7 0 11 0 -2 1 4 0 -4 1 1 0 -3 0 3 0 -1 3 1 5 -1 41
22 0 4 0 3 0 -1 0 -3 0 -1 0 1 0 1 0 2 0 1 2 -1 0 -1 50
-1 0 8 0 14 0 7 0 -4 0 -1 1 -1 0 -2 0 -7 2 1 0 4 0 -1 1 -1 1 1 3 1 0 1 7 -1 3 -1 28
15 0 -8 0 -3 0 -4 0 -3 1 1 0 8 0 6 2 1 0 2 0 -1 0 -1 2 -1 0 -1 5 -1 39
3 0 -10 1 -1 0 3 0 1 0 4 0 7 0 3 0 -1 0 2 0 4 0 1 4 -1 4 -1 0 -1 6 -1 33
9 63
13 0 -3 0 -2 0 -1 60
11 2 3 60
17 1 1 0 -1 0 -1 59
9 0 14 0 5 0 -9 0 -3 0 -1 0 2 0 2 2 -1 2 -1 50
-31 0 -4 0 4 0 3 0 2 0 -1 0 2 0 1 0 1 1 1 0 1 0 1 51
-36 0 7 0 1 0 4 0 3 0 1 0 -1 0 -2 0 -1 55
-31 0 1 0 -1 0 -5 0 -4 0 3 0 1 0 1 0 1 0 1 2 -1 51
-53 0 1 0 1 0 3 0 3 0 1 0 1 0 2 56
-49 0 -3 0 1 61
-42 0 -1 0 2 0 -2 0 -1 0 -1 58
-43 0 -1 1 2 0 1 2 1 56
-40 0 1 0 2 0 -1 1 -1 1 -1 0 -1 55
-45 0 1 1 1 1 1 58
-41 0 -3 0 1 61
-36 0 -1 0 1 0 -1 0 1 59
-37 0 -2 0 1 1 -1 59
-37 0 -1 0 2 0 1 0 1 3 1 55
-33 0 -4 0 -2 0 1 1 -1 1 1 56
-28 1 2 1 -1 2 -1 56
-31 0 4 1 -1 0 2 0 1 58
-29 0 -17 0 2 0 10 0 -6 0 1 0 -1 4 1 0 -1 51
9 0 -1 1 -1 2 -2 0 3 0 -1 55
4 0 25 0 -10 0 -14 0 9 0 -1 0 2 1 -1 0 -1 0 -1 0 -1 0 1 0 1 2 1 0 -1 46
-42 0 -6 0 1 0 1 0 -1 1 1 0 -2 0 2 2 -1 52
-39 0 1 2 1 0 -2 2 -1 55
-34 0 -12 0 2 0 4 0 -2 1 -1 57
-1 0 -8 0 1 0 -4 0 1 1 -1 57
2 0 -1 1 3 60
11 0 -2 1 1 2 -1 57
21 0 -5 0 -6 0 -1 0 1 0 1 1 1 56
21 0 6 0 -5 0 -5 0 2 0 -1 0 1 1 2 55
-15 0 -1 0 5 0 12 0 -5 1 2 0 -4 0 -1 1 1 1 -1 51
-5 0 6 1 -2 0 1 2 1 56
-15 1 4 0 1 0 -1 0 1 1 -1 0 -1 55
-12 0 -2 0 -4 1 2 0 1 1 1 0 2 55
-9 0 -1 0 -1 1 -2 59
-10 0 2 0 -1 1 1 0 1 58
-12 0 -1 62
-9 0 -1 0 -1 0 -1 3 1 56
-12 1 1 0 1 1 -1 2 1 55
-7 0 -2 0 -1 1 1 0 -1 58
-4 0 -1 0 -1 61
-3 1 -2 61
-2 0 -1 0 -1 2 1 58
3 0 -4 62
-2 0 7 0 -1 0 1 0 -1 59
-8 1 2 0 2 0 -1 1 -1 57
8 0 -7 0 1 0 -3 0 1 1 -1 57
-6 0 1 0 -4 1 -1 0 1 0 -1 1 1 55
-4 0 -3 0 -4 0 1 0 -1 59
8 0 -6 0 -2 1 -1 0 -1 58
15 0 1 1 -1 0 1 0 -2 58
9 0 1 0 -4 0 1 1 -1 2 -1 55
16 0 -4 1 -2 0 -2 59
5 0 10 0 2 0 2 0 1 0 2 1 -1 0 -1 55
12 0 -10 0 -3 0 -2 0 -1 0 -1 1 1 0 1 55
11 0 11 0 3 2 -2 2 -1 55
7 0 -7 0 -5 1 3 0 1 3 -1 2 -1 51
19 0 -2 0 -8 0 -1 0 -1 0 -1 58
27 0 -5 0 -4 1 -2 59
34 0 -2 62
37 0 -1 62
39 0 -1 62
39 0 1 62
37 0 1 0 3 1 -1 0 -1 2 1 0 1 54
35 0 1 0 6 2 -2 3 1 54
33 0 1 0 7 2 -2 58
30 0 1 0 4 1 2 0 -1 2 -1 55
25 0 3 2 1 0 1 3 -1 4 1 49
15 0 4 0 -4 0 2 0 1 0 1 3 -2 54
12 0 1 0 -3 1 -1 4 -1 3 -1 50
18 0 -8 0 1 0 3 0 -1 1 -1 57
24 0 5 0 1 61
22 0 -4 0 2 0 1 1 -1 1 -1 56
25 0 4 1 -2 0 -1 0 -1 0 1 0 1 56
-19 0 27 0 4 0 8 0 3 2 -2 4 -1 51
-29 0 -7 0 -5 1 -1 0 -1 1 1 0 -1 55
-25 0 4 0 1 0 -2 0 -2 0 1 2 1 55
14 0 -45 0 -9 0 -6 0 -2 2 5 0 2 0 -1 1 2 0 1 51
50 0 -4 0 1 0 1 0 1 2 1 3 -1 52
19 0 35 0 8 0 5 0 4 0 1 0 -2 0 -6 0 -1 2 -1 0 -2 3 1 0 1 46
-2 0 2 0 3 0 -2 0 1 0 -2 1 -1 0 1 3 1 5 -1 45
0 0 -4 0 7 0 -5 0 -3 0 -1 1 -2 0 1 0 -1 2 1 51
-7 0 -2 0 -1 0 3 0 4 0 4 1 -1 0 -2 0 -3 1 1 1 1 0 1 5 -1 43
27 0 -29 0 -19 1 -2 0 2 0 -1 0 4 0 5 0 -1 2 1 0 -1 0 1 2 -1 0 -1 45
58 0 -1 0 -3 0 -1 0 -1 59
58 0 1 2 -1 0 -1 58
55 0 1 2 2 0 1 58
55 0 -1 0 -2 1 -1 3 1 55
57 0 -1 0 2 1 -1 59
59 0 2 0 -1 0 -2 0 2 59
34 0 10 0 -3 0 6 0 -3 1 2 0 -1 56
25 0 2 0 -3 1 1 0 -1 58
20 0 2 0 -6 2 -1 58
22 0 -4 0 -2 0 2 0 -4 0 1 0 -1 0 2 0 -2 2 -1 0 1 51
-11 0 8 0 2 0 3 0 -17 0 1 0 8 2 -2 0 5 0 1 0 -4 0 1 2 1 0 -2 0 -1 2 -1 0 1 0 -1 40
-16 0 1 0 14 0 2 0 5 0 2 1 3 0 -3 0 -6 0 -1 0 -1 0 -1 0 4 0 1 1 1 0 1 0 -1 0 -1 0 1 3 -1 1 -1 37
-20 0 2 0 34 0 -2 0 -3 0 8 1 -2 0 -8 0 -3 3 -6 0 -2 3 1 6 1 0 1 37
-33 0 3 0 9 0 5 0 9 0 4 0 -1 0 3 0 8 0 4 0 1 0 1 0 2 0 3 0 2 3 1 0 1 0 1 5 1 37
-27 0 -13 0 -2 0 10 1 -1 0 -5 1 2 0 -1 1 2 0 -2 0 2 0 -1 1 -1 4 -1 6 -1 0 1 34
-2 0 -1 0 -6 1 -3 0 3 2 -6 0 2 2 -1 0 1 4 -2 0 1 0 1 43
1 0 -4 0 8 0 1 0 -1 2 -2 0 4 0 -1 2 1 0 -2 0 1 4 1 44
9 0 -3 0 3 1 1 0 -1 1 1 0 -1 0 1 54
-10 0 25 0 -10 0 2 0 -2 0 2 0 -1 0 11 0 -6 0 -1 1 -2 0 2 4 2 0 -1 4 -1 0 1 39
-14 0 -25 0 20 0 -2 0 -11 0 -1 1 -6 0 5 0 2 0 1 0 1 0 -5 0 -1 0 1 1 1 0 -3 0 2 3 1 1 -1 6 -1 32
10 0 3 0 15 0 -3 0 1 0 -15 1 2 0 5 0 5 2 -1 0 -1 0 -3 4 -1 5 1 0 1 6 -1 30
-17 0 -7 0 -9 0 17 0 17 1 3 0 7 0 -3 0 -2 0 1 0 -2 0 -7 0 1 4 -1 0 1 3 -1 1 1 0 -1 3 -1 0 -1 32
-4 0 5 0 -23 0 1 1 -8 2 -2 0 -2 8 -1 0 -1 0 1 43
-5 0 2 0 19 0 5 0 -8 0 2 0 -6 0 -12 0 10 0 2 0 1 1 -9 0 5 0 3 0 -1 0 1 0 1 0 -1 1 -1 1 -1 0 -1 0 1 0 2 4 -1 0 -1 7 -1 0 1 23
20 0 -6 0 11 0 12 0 19 0 -7 0 1 0 -4 0 -4 0 1 0 -1 0 -7 0 -7 0 2 1 -1 0 2 0 1 0 -1 0 1 0 -1 1 1 0 2 0 2 5 -1 2 -1 4 -1 0 -1 10 1 13
11 0 12 0 27 0 14 0 4 0 -14 1 -13 0 6 0 -9 0 2 0 -1 0 -4 0 5 2 -3 1 3 4 2 0 -1 7 -1 0 -1 30
-4 0 21 0 -8 0 13 0 -23 0 7 0 -2 0 5 0 -10 0 4 0 -1 0 6 0 -4 0 2 0 1 1 -2 0 -1 0 -1 0 1 0 -1 4 1 0 1 4 -1 0 1 7 1 23
-13 0 -2 0 11 0 1 0 7 0 -11 1 -1 0 10 0 -7 1 1 0 2 0 -4 0 -2 3 2 0 -1 0 -1 4 -1 14 -1 23
-10 0 2 0 -19 0 -1 0 1 0 -2 1 2 0 -10 0 6 3 -3 0 1 2 -1 0 -1 1 1 4 -1 0 1 37
-15 0 -1 0 2 0 2 0 -11 0 16 1 1 0 -1 2 -1 1 2 0 1 2 -1 0 1 0 -2 0 1 43
3 0 -13 0 37 0 1 0 -1 0 -1 0 -1 0 -3 0 12 0 -2 2 1 0 -1 0 1 3 1 1 -1 5 -1 37
32 0 -8 0 9 0 -3 0 8 0 -6 1 2 0 -6 0 4 2 -1 0 2 0 -1 4 -1 44
37 1 1 61
35 0 2 0 4 1 -1 0 -1 58
29 0 3 1 2 0 -1 2 1 0 -1 2 1 0 -1 51
29 0 3 0 -6 0 -6 0 5 0 -3 0 2 0 -4 0 2 0 -1 0 -1 0 2 0 -1 0 1 2 -1 0 1 46
-20 0 30 0 -5 0 14 0 -6 0 1 0 2 0 -1 0 1 1 -1 0 3 0 1 2 -1 0 2 0 1 5 1 5 -1 0 1 5 -1 0 1 26
-24 0 -26 0 4 0 18 0 -5 1 -6 0 2 1 1 0 1 0 1 0 -1 3 -1 0 1 3 -1 0 1 1 1 39
-4 0 30 0 21 0 1 0 -12 0 -1 0 -4 0 -2 0 2 0 -4 1 3 1 4 0 1 1 1 1 -1 0 -1 0 1 2 -1 2 -1 37
-24 0 3 0 25 0 -2 0 3 0 8 0 -2 0 5 0 -8 0 -13 0 1 0 -2 0 -1 1 -1 3 1 0 2 5 -1 0 1 37
12 0 -4 0 3 0 -4 0 7 0 1 0 -1 0 -2 0 3 1 -3 0 -2 0 2 2 -1 1 1 1 -1 3 1 0 -1 39
11 1 -2 0 -3 0 -2 0 -1 0 -1 0 -2 0 -2 0 -1 0 -1 0 -1 0 -1 3 -1 0 -1 46
12 0 -2 1 1 0 1 0 -1 2 1 55
17 2 -1 0 -1 0 -1 2 -1 55
15 0 -1 0 -2 1 1 0 -1 1 1 0 1 55
15 0 1 0 -1 5 -1 55
-4 0 29 0 4 0 -8 0 -2 2 -2 3 1 52
-31 0 -1 0 -4 0 -3 0 -2 0 -2 1 1 0 -1 55
-36 0 -8 0 -2 0 4 0 3 0 1 0 1 0 1 56
-37 0 16 0 4 0 -5 0 -2 0 1 1 -2 1 1 54
-51 0 -4 0 1 0 -2 0 -1 0 -1 58
-50 0 -2 0 1 0 1 1 -1 58
-48 0 2 0 2 1 1 59
-45 0 -5 0 1 0 -1 0 1 0 -1 2 1 55
-46 1 1 0 2 0 -1 59
-43 0 1 0 1 0 -1 0 1 3 -1 55
-41 0 -4 2 1 59
-36 0 1 0 -1 0 -1 4 -1 55
-35 0 -2 0 -2 1 1 59
-34 0 1 0 -3 1 1 3 -1 55
-32 0 -3 2 -2 3 1 55
-27 0 -2 0 -1 2 -1 1 1 56
-27 0 3 1 -1 1 -1 2 -1 55
-34 0 -1 0 3 0 4 0 -3 1 -1 0 1 2 1 0 -1 52
5 0 -10 0 3 0 -10 0 3 1 -1 0 1 3 -1 52
11 0 -3 0 3 0 -7 0 2 1 1 0 -2 0 1 55
-39 0 12 0 -4 0 15 0 -5 1 4 0 -2 2 1 1 -1 51
-39 1 -1 0 -1 0 -1 0 -1 2 -1 55
-40 0 -7 0 3 0 5 1 1 0 -1 57
-5 0 -12 0 2 0 -5 0 1 1 -1 57
3 0 -4 0 -1 0 2 0 1 59
10 0 -1 1 3 2 -1 0 -1 56
31 0 -4 1 -5 0 -2 1 -1 57
25 0 3 0 1 0 -4 2 1 1 1 55
-21 0 15 0 -2 0 11 0 -3 0 2 0 2 0 3 2 1 53
-17 0 -3 0 8 0 -2 0 4 0 2 1 -1 56
-18 0 -3 0 -1 0 4 0 -1 3 1 55
-6 0 -1 0 1 0 -1 1 1 0 -1 57
-7 0 2 0 -1 0 -1 60
-9 0 1 1 -1 1 1 58
-11 1 -2 0 1 1 1 1 1 56
-9 0 1 1 -2 60
-14 0 1 0 -1 0 1 4 1 55
-10 0 -2 0 2 1 -1 0 -1 1 -1 0 -1 55
-5 0 -2 0 1 2 1 58
-3 0 -1 0 2 61
-1 0 -1 0 3 2 -1 58
1 0 -3 0 1 0 1 60
1 0 7 0 -1 0 -2 60
-13 0 2 0 1 0 2 60
5 0 -11 0 1 0 -3 0 1 59
9 0 10 0 -2 0 -3 0 -1 0 -2 58
-3 0 1 0 4 1 -1 0 -1 58
5 0 -6 0 1 0 -2 0 2 0 1 1 1 0 -1 55
5 0 2 0 8 0 2 0 -3 2 -1 0 2 4 -1 50
11 0 -5 0 2 0 -1 0 3 0 -3 1 1 0 -1 0 1 54
17 0 1 1 -1 0 -1 0 -1 58
9 0 2 0 -1 0 2 0 2 59
16 0 -3 0 -4 0 -2 60
11 0 2 0 -5 0 3 0 2 0 -1 58
23 0 -5 0 -3 0 -2 0 -2 0 -1 0 -1 57
28 0 -1 62
31 0 -1 62
33 0 -2 62
37 0 -2 62
38 1 1 61
36 0 4 0 3 0 -1 0 -2 0 -1 1 1 56
12 0 14 0 14 0 2 0 -2 0 1 1 -1 0 -2 55
5 0 -5 0 7 1 2 0 5 1 1 0 1 0 -1 2 -1 1 1 49
8 0 2 0 9 1 -1 2 -1 0 1 0 1 2 1 51
25 0 -21 2 6 0 -1 0 1 1 1 1 1 0 -1 52
46 1 -7 0 -1 0 -1 0 -3 3 -1 54
41 0 4 0 -5 0 -1 0 -1 0 -3 3 -1 54
24 0 10 0 -3 0 1 0 -1 0 -1 2 -1 55
17 0 -8 1 4 60
23 0 7 4 -1 57
17 2 1 0 -1 59
18 0 7 0 5 0 -6 0 -1 0 -1 0 1 57
-27 0 12 0 2 0 9 0 3 1 1 0 1 0 1 0 -1 4 1 49
-25 0 -5 1 -1 0 1 3 -1 55
-27 0 5 1 4 0 2 0 1 0 -3 0 -3 2 1 0 1 52
32 0 -22 0 -4 0 -13 0 -5 1 -2 0 -1 0 -1 1 -1 53
47 0 1 0 2 0 -8 0 -4 1 2 0 2 0 1 1 -1 53
6 0 11 0 9 0 3 0 5 0 -3 0 3 0 2 1 1 0 1 0 1 1 1 50
-6 0 -7 0 -5 0 6 0 7 0 3 1 -2 0 -4 0 -1 3 1 50
16 0 -9 0 -29 0 3 0 3 0 6 0 -1 0 1 0 3 3 -2 51
48 0 -11 0 -16 0 -2 0 -6 0 -5 0 -1 2 -2 2 1 1 -1 49
57 0 3 0 4 0 -2 0 -5 0 -4 3 1 3 -1 0 -1 3 -1 45
52 0 -3 0 8 0 1 0 4 0 2 1 -1 0 -2 0 -3 2 -1 0 -1 0 1 3 1 0 1 44
58 7 1 55
57 0 1 0 1 1 -1 59
53 0 1 0 -1 0 1 0 1 0 1 58
57 0 -2 0 -2 0 -1 60
59 0 -1 0 2 4 -1 56
40 0 21 0 -2 0 4 0 -1 0 1 0 -1 0 2 1 -1 1 1 0 -1 51
23 0 3 0 3 1 -1 59
23 0 -2 0 2 0 -1 0 1 59
23 0 1 0 2 1 -1 0 -1 58
2 0 25 0 -6 0 -8 0 9 0 -1 0 3 0 -3 0 -2 3 2 3 1 0 -2 4 -1 0 1 40
-26 0 5 0 -1 0 -8 0 -8 0 3 0 -4 2 -1 2 2 0 -1 0 1 3 1 0 -1 1 1 42
-35 0 4 0 5 0 1 0 7 0 -3 1 1 0 7 0 -3 2 2 0 1 4 3 0 -2 5 1 0 -1 13 1 23
-38 0 -1 0 -9 0 1 0 1 0 1 1 1 0 -8 0 4 3 4 0 -1 3 -2 0 1 5 2 0 -1 6 -1 6 1 23
-36 0 -3 0 5 0 5 0 -6 0 3 0 -2 0 2 0 1 0 -1 0 1 0 -3 0 2 0 -2 0 1 0 -1 0 1 1 -1 6 1 0 -1 37
-14 0 9 0 24 0 4 0 -1 0 1 0 -2 0 -2 0 -6 0 -4 0 -2 0 1 1 3 0 -1 0 -1 0 2 0 1 0 1 1 1 5 -1 37
-14 0 -4 0 22 1 2 0 -6 1 -2 0 8 0 -4 3 -3 0 2 4 1 0 -1 43
-2 0 -4 0 2 0 -1 0 3 0 -3 1 2 0 -8 0 4 2 -1 0 1 0 -1 3 -1 1 1 5 1 37
3 1 5 0 -1 3 -2 0 5 0 -1 1 1 1 -1 5 1 44
-26 0 15 0 -9 0 5 0 -9 1 2 0 -2 0 -1 2 4 0 -5 0 1 3 -2 0 1 4 1 0 -1 39
-22 0 -20 0 -16 0 -1 0 10 0 -8 2 2 0 3 1 -2 0 3 0 -1 0 2 1 -1 0 2 0 -2 0 1 44
7 0 -8 0 -4 0 4 0 -4 0 -8 0 -5 0 -7 0 1 0 -2 0 1 0 -4 0 -4 0 -2 2 2 0 1 0 2 0 1 0 -1 0 -1 2 -1 0 -1 0 -1 0 1 0 1 0 -1 2 -1 0 1 2 1 2 1 24
13 0 11 0 2 0 9 0 -10 0 -10 0 1 0 1 0 2 0 3 0 -2 1 -2 0 1 1 -1 0 -2 0 1 0 2 1 1 2 1 0 -1 0 1 0 1 1 1 1 1 1 1 31
-7 0 -12 0 -8 0 13 0 15 0 -1 0 5 0 12 0 1 0 -1 0 1 0 -2 0 -6 0 1 2 -2 0 -3 0 -1 0 1 5 1 23 1 14
4 0 4 0 -4 0 4 0 -9 0 1 1 9 0 -7 0 1 0 -1 0 -2 0 4 0 -2 3 1 0 1 4 -1 0 1 6 -1 0 1 7 1 23
-1 0 -11 0 17 0 8 0 4 0 -25 0 -2 0 12 0 7 0 -5 1 -1 0 8 0 -7 0 1 1 1 3 -1 2 1 0 1 0 -1 0 1 0 1 3 1 2 -1 29
20 0 -4 0 6 0 1 0 7 0 -3 1 17 0 7 1 -1 0 -4 0 -7 0 -3 1 1 1 -5 0 -1 0 2 3 -1 6 1 0 2 6 1 6 -1 12 1 5
7 0 31 0 -15 0 7 0 11 0 -2 0 -11 0 -2 0 -8 0 -4 0 2 0 6 0 5 0 -3 0 -1 0 1 1 2 0 3 1 -1 0 -1 0 -1 0 -2 6 1 1 1 31
-14 0 6 0 -6 0 8 0 -19 0 10 0 3 0 -5 0 -3 0 1 0 -1 0 -3 0 -4 0 6 1 -1 0 1 0 2 1 -2 0 -1 1 1 0 -1 0 -1 0 -1 0 1 0 1 4 1 6 1 0 -1 23
-4 0 -11 0 13 0 -3 0 9 0 -5 1 -1 1 1 1 -1 0 2 0 -1 4 -1 0 1 4 -1 0 1 38
-1 0 7 0 -9 0 -1 0 5 0 -6 1 -1 0 5 0 -3 3 1 0 -1 2 -1 0 1 45
-14 0 -1 0 -10 0 4 0 -13 0 9 1 5 0 -14 0 5 1 -1 2 1 1 1 1 -2 0 1 0 1 43
15 0 -18 0 22 0 -5 0 11 0 -1 1 -2 0 3 0 -2 1 -2 0 6 0 -3 0 1 2 2 0 -2 0 1 44
25 1 2 1 1 0 1 1 1 0 1 55
27 0 1 0 1 0 -3 0 1 1 1 57
28 0 -2 0 4 0 -3 0 -1 0 -1 1 1 56
-13 0 41 0 1 0 9 0 2 0 -1 0 -6 0 2 2 -2 0 1 0 1 0 1 1 1 0 -1 4 1 42
-26 0 -23 0 -2 0 18 0 1 0 -1 0 -7 1 3 0 1 0 2 1 -1 51
-15 0 30 0 -5 0 19 0 8 0 8 0 1 0 2 0 -3 0 -1 0 -3 0 -2 0 -7 0 -5 0 -2 0 -1 0 -2 0 -1 0 3 0 2 0 1 1 -1 1 1 0 -1 1 -1 0 1 0 1 6 1 27
-27 0 -5 0 -17 0 6 0 -10 0 3 0 -1 0 5 0 5 0 10 1 -2 0 -4 0 4 0 -2 1 1 0 1 0 -3 0 -2 0 1 2 1 0 1 2 1 2 -1 0 -1 1 -1 3 1 26
3 0 -19 0 1 0 -9 0 1 0 2 1 3 0 3 0 1 0 1 0 4 0 2 3 1 47
12 0 2 0 1 61
12 0 -2 0 -2 4 1 56
14 2 1 0 1 0 1 1 -1 56
18 1 -1 0 -1 3 -1 56
17 0 1 0 -2 61
-13 0 33 0 3 0 2 0 -1 1 -2 0 -1 0 1 55
-32 0 2 0 3 0 -4 0 1 0 -1 0 1 1 -1 55
-32 0 -14 0 -1 0 -1 1 -1 0 1 0 1 0 1 55
-42 0 19 1 4 0 2 0 2 0 -1 0 -2 0 -2 0 -1 3 1 0 1 4 -1 44
-53 0 5 0 -5 0 1 0 -5 0 5 0 -1 0 -1 0 4 0 -3 1 1 1 -2 0 2 2 -1 1 1 0 -1 5 -1 37
-53 0 -1 0 1 61
-51 2 -1 60
-51 0 -2 0 1 0 1 0 -1 0 1 58
-47 0 -2 2 1 59
-43 0 -3 0 -1 0 1 4 1 55
-35 0 -2 0 -2 0 -1 0 -2 0 -2 1 1 56
-38 0 3 0 3 2 -1 2 -1 55
-36 0 -3 0 2 61
-34 1 2 1 -1 0 1 58
-34 0 -1 2 1 0 1 1 1 56
-31 0 -2 0 2 0 -1 3 -1 56
-32 0 2 2 -1 0 1 58
-36 0 3 0 1 1 1 59
1 0 -23 1 -13 0 2 5 -1 53
7 0 -4 3 1 0 2 0 -1 56
-31 0 28 0 -2 0 15 0 -2 1 -1 0 1 3 1 52
-34 1 -2 0 -3 0 -1 0 -1 1 1 56
-39 0 -3 0 1 0 3 1 -1 0 -1 2 -1 54
-9 0 -15 0 1 0 -5 2 -1 57
4 0 -5 1 2 60
11 0 -2 0 1 0 6 2 -2 57
33 0 -2 0 -1 0 -4 0 1 1 -1 57
26 0 10 0 -3 0 -2 1 -1 0 1 1 -1 0 1 54
-10 0 19 0 -3 0 2 3 -1 0 -1 55
-21 0 -5 1 1 0 -3 59
-16 0 -1 0 -1 0 2 0 1 1 -1 0 1 56
-4 0 -2 0 -1 0 -2 2 -1 57
-4 1 -2 1 1 59
-6 0 1 0 -2 0 1 1 1 58
-4 1 -2 0 -1 60
-7 0 1 0 -3 61
-9 0 2 0 -3 1 1 0 -1 58
-10 0 -1 0 -2 0 1 0 -1 0 -1 2 1 55
-6 0 -1 62
-4 0 -1 0 -2 1 1 59
-2 0 -1 0 -2 61
0 0 -2 1 1 0 -1 59
2 0 6 1 -3 60
-16 0 2 0 1 0 2 60
-4 0 -10 0 6 0 -1 0 -2 0 -2 1 -1 0 1 0 1 54
10 0 -6 0 1 1 6 0 -1 1 -1 0 2 55
11 0 6 0 -16 1 1 2 1 0 -2 55
5 0 -5 0 -3 0 2 0 -7 0 2 1 -1 0 1 3 -1 51
9 0 9 0 -5 0 -3 0 5 0 -3 1 1 4 1 51
-3 0 -6 0 -5 0 3 0 -5 0 3 3 2 2 -1 1 1 49
11 0 -2 0 2 0 -2 0 1 3 1 0 1 54
12 0 -3 0 -1 0 2 0 1 2 1 56
14 0 5 0 6 0 -2 0 -3 0 -1 1 -1 56
2 0 -1 0 10 0 3 0 -1 0 1 2 -1 0 -1 3 1 50
20 0 -9 0 4 0 -2 0 3 0 2 0 -1 0 1 0 1 55
28 0 -1 62
31 0 -1 62
34 0 -2 62
37 0 -1 62
34 0 5 0 4 0 -1 0 -2 0 -1 58
21 0 7 0 4 0 -1 0 2 0 3 0 1 1 -1 3 -1 51
11 0 -3 0 -7 0 2 1 -2 1 3 0 5 55
23 0 -3 0 4 0 -4 0 -1 0 -8 1 -1 0 -1 3 1 1 -1 49
-3 0 15 0 -1 0 7 0 3 0 1 1 1 0 -4 3 -1 51
22 0 -34 0 -2 0 -2 0 -1 0 1 0 1 1 1 55
52 0 1 0 -2 0 -1 60
47 0 4 0 -3 0 -1 60
29 0 13 0 -2 0 -1 0 -1 59
17 0 -8 1 2 2 1 0 1 56
21 0 2 0 1 0 2 0 2 59
18 0 2 0 -1 61
10 0 10 0 1 0 -4 0 -1 0 -1 0 1 1 1 3 -1 51
-10 0 -3 0 -2 0 2 0 6 0 -6 0 1 0 -1 0 -1 0 -1 1 -1 2 -1 49
-12 0 -1 0 -3 0 1 0 -4 0 -5 0 1 0 -1 6 -1 49
-22 0 -6 0 -1 0 18 0 4 0 -1 0 -4 0 -2 0 -1 1 1 1 -1 51
37 0 -7 1 -7 0 -2 1 -3 0 -1 56
40 0 17 0 2 0 -14 0 -2 0 1 0 2 1 -1 1 -1 1 1 51
1 0 -12 0 -14 0 5 0 4 0 2 0 -1 0 -3 0 2 1 1 0 1 1 -1 50
45 0 -16 0 -18 0 -3 0 -8 0 -6 0 -1 0 1 0 -2 0 -2 2 1 1 -1 49
57 0 2 0 4 0 -1 0 -4 0 -3 2 1 0 1 3 -1 0 -1 49
48 0 3 0 7 0 3 0 5 0 5 1 -2 0 -6 0 -2 2 -1 0 -1 4 2 0 1 44
51 0 -7 0 -13 0 2 0 -1 0 -1 1 3 0 4 0 1 1 1 0 2 0 2 0 1 4 1 44
62 0 -2 0 -2 0 -1 0 -2 0 -1 2 -1 0 -1 54
61 0 3 0 -1 61
58 0 -1 0 -1 61
57 0 1 0 1 61
58 0 -3 3 1 2 1 55
60 0 -1 1 1 0 -1 0 -1 58
53 0 13 0 -4 0 -6 0 5 0 -2 0 1 0 -1 0 1 55
20 0 3 0 -1 0 2 1 1 0 1 0 -1 3 -1 52
22 0 -2 0 -2 0 -1 1 1 3 -1 54
19 0 5 0 -1 0 -1 1 1 3 -1 54
12 1 -9 0 1 0 3 0 1 1 1 0 2 0 1 54
9 0 13 0 -8 1 5 0 -3 0 2 0 -4 0 4 0 -1 0 -1 0 1 0 -2 0 1 0 -1 0 -1 2 1 17 -1 27
-20 0 14 0 -27 0 -2 0 -4 0 2 0 1 0 4 0 -5 0 5 1 -1 0 -2 1 -2 4 2 0 1 5 -1 37
-39 0 4 0 -7 0 -1 0 -5 0 8 1 1 0 2 0 -4 2 -1 0 1 0 1 3 2 0 -1 5 -1 38
-36 0 -4 0 12 2 2 0 -1 0 -2 0 6 0 -2 2 -2 0 4 0 -1 3 -1 0 3 0 -1 11 -1 0 1 7 1 22
-34 0 -1 0 -4 0 1 0 4 0 -8 1 1 0 -4 0 4 2 1 0 -5 2 -1 1 -2 0 4 0 1 0 1 3 -1 0 1 5 -1 0 1 30
-36 0 4 0 -3 0 1 0 -6 0 5 0 -1 0 -1 0 4 0 -2 1 1 0 -1 0 -2 3 -1 6 1 0 -1 14 1 0 -1 22
-36 0 -4 0 4 0 2 0 -3 0 1 1 2 0 -5 0 2 2 2 0 -3 0 1 4 -2 13 -1 30
-18 0 -10 0 21 0 -1 0 -1 1 -1 0 -2 0 10 0 -1 2 -1 1 -1 3 3 0 -1 0 -1 4 -1 0 1 5 1 31
-5 0 6 0 -7 0 -8 0 11 0 -5 0 1 0 -1 0 -3 0 2 0 -1 0 1 0 -2 0 2 0 -1 4 -1 5 -1 0 1 37
-31 0 1 0 1 0 10 0 -16 0 7 0 -1 0 1 0 1 2 -1 0 2 1 1 2 -1 0 1 4 -1 0 3 0 -1 13 1 24
-12 0 -5 0 17 0 -1 0 10 0 6 0 4 0 4 0 -7 0 -1 0 -1 0 -3 0 -4 0 1 0 -3 1 -1 0 1 0 -5 0 1 4 2 0 2 4 1 0 1 12 -1 19
-23 0 -1 0 2 0 6 0 14 0 9 1 -8 0 1 1 1 0 -2 0 -1 0 -3 0 2 2 2 0 -1 0 2 5 1 6 1 31
2 0 -11 0 1 0 -3 0 -13 0 2 0 -1 0 -4 1 -1 1 -1 0 -3 0 1 4 1 43 -1 1
-3 0 26 0 12 0 -7 0 3 0 -3 0 -1 0 -7 0 -5 0 1 1 4 0 4 0 1 2 -1 6 -1 0 -2 5 1 1 1 31
-30 0 3 0 -5 0 -3 0 1 1 2 1 -2 0 1 0 1 0 -1 0 -3 1 -1 1 -2 0 -1 0 1 5 -1 7 1 0 -1 4 1 25
-22 0 -2 0 6 0 -9 0 8 0 8 0 -1 0 -8 0 -1 0 5 0 1 0 -4 0 -3 0 1 0 3 0 -1 0 1 0 1 0 -5 0 2 0 1 1 -1 9 -1 0 1 30
14 0 -3 0 26 0 -6 0 4 0 -10 0 -1 0 2 0 -6 3 9 0 2 2 -3 0 -2 0 -5 0 1 0 -1 1 1 0 1 1 2 0 -1 4 -1 7 -1 24
12 0 10 0 9 0 -15 0 -24 0 -3 1 3 0 3 1 2 0 5 0 8 0 5 2 1 0 1 5 2 0 2 5 1 8 -1 24
0 0 10 0 -9 0 -20 0 13 0 -9 0 2 0 17 0 -4 0 -6 0 -2 0 -2 0 6 0 -11 0 1 0 1 0 3 0 -1 1 -1 2 -1 1 1 0 -1 0 -1 11 1 25
-12 0 -18 0 6 0 -7 0 8 0 12 0 1 0 2 0 1 0 -9 1 -1 0 -4 0 4 0 3 1 -1 1 3 0 -2 13 -1 6 1 6 -1 16
-6 0 -2 0 5 0 -1 0 3 0 -1 2 -1 1 1 3 1 1 -1 2 1 0 -1 2 1 0 -1 0 1 0 -1 4 -1 32
-4 0 -4 0 -2 0 5 0 -3 0 1 0 -2 0 5 0 -2 1 1 0 -2 0 2 0 -1 2 1 7 1 39
30 0 -5 0 -4 0 -2 0 1 0 -2 0 -1 0 3 0 2 0 1 0 -1 0 1 1 1 2 1 47
29 0 6 0 4 0 -2 0 -2 0 -3 0 1 0 -1 0 -2 0 -1 54
19 1 -1 0 -1 0 4 0 2 0 -2 0 -2 0 -2 1 -1 0 1 1 -1 3 1 0 1 5 -1 39
-11 0 40 0 -6 0 6 0 -6 0 -2 0 -6 0 1 0 -1 0 1 0 -2 0 1 1 1 1 1 0 -1 4 1 42
-22 0 -23 0 -8 0 11 0 5 0 3 0 -3 0 3 0 -1 0 1 1 -2 0 1 0 -1 2 2 1 -1 4 -1 1 1 38
6 1 -6 0 2 0 3 0 -4 0 2 0 3 0 6 0 -1 0 -1 0 -4 0 -4 0 1 0 -1 2 1 1 1 3 1 0 1 0 -1 38
-15 0 1 0 -1 0 13 0 12 0 -1 0 1 0 -1 0 -4 0 -2 0 1 0 -1 0 -5 0 -2 10 1 39
11 0 -3 0 -2 0 -2 0 -2 0 -1 0 -1 0 -1 0 -1 2 -1 0 -1 51
10 2 1 60
14 0 -1 0 1 0 -1 0 -1 59
16 0 -3 0 -1 4 1 56
18 63
17 1 1 61
-16 0 33 0 -2 0 6 0 3 1 -2 0 -1 2 1 53
-33 0 3 0 -3 0 -4 0 -3 1 1 57
-33 0 -11 0 -2 0 -3 0 2 0 1 0 1 0 1 0 -1 0 1 54
-17 0 -25 0 -3 0 16 0 2 0 -7 0 -5 0 -1 0 7 1 2 3 -1 4 1 44
-2 0 60 0 -6 0 -9 0 -1 0 -8 0 -7 0 2 0 -5 0 -1 0 2 1 2 1 -1 4 -1 1 -1 1 -1 40
-53 0 -1 1 1 0 -1 59
-51 63
-51 0 -1 2 1 59
-51 0 -2 0 1 0 2 0 -1 0 1 58
-42 0 -3 0 1 61
-40 0 3 1 -2 1 1 58
-44 0 -3 1 1 0 1 59
-37 0 -3 0 1 0 -1 60
-33 0 -3 0 -1 0 -1 0 1 0 -1 58
-31 0 -1 0 -3 0 1 60
-31 1 -4 0 1 1 1 58
-32 0 5 0 2 1 -2 3 1 55
-38 0 2 0 2 1 1 0 -1 58
4 0 -28 0 -2 0 -13 2 -1 1 1 1 -1 53
8 0 -3 0 1 0 2 0 -1 1 2 57
-28 0 32 0 1 0 11 0 1 0 -1 0 -2 0 1 56
-36 1 4 0 -3 1 -1 0 -1 57
-41 0 -3 0 3 0 3 0 1 0 -1 0 -1 0 -1 56
-11 0 -14 1 -5 2 -1 57
2 0 -5 0 1 0 1 60
5 0 2 0 2 0 4 0 -1 0 1 0 -2 1 -1 55
21 0 -4 0 5 0 -3 1 5 0 -1 5 -1 51
14 0 8 0 6 0 1 1 1 1 -1 0 1 0 1 3 1 50
4 0 5 0 -6 0 -1 0 3 0 -2 0 1 0 1 0 1 3 1 51
-16 0 8 0 -6 0 2 0 -2 1 1 1 -1 55
-20 0 -4 0 2 0 2 0 -2 0 1 0 -1 0 -1 0 1 55
-4 0 -3 0 1 0 -3 0 1 59
-5 0 -1 0 1 0 1 0 -1 59
-2 3 1 59
-2 63
-6 0 2 62
-9 1 1 0 1 60
-7 1 -1 0 -1 0 1 59
-9 1 1 0 1 0 -1 0 1 58
-6 0 -2 0 2 61
-4 0 -1 0 3 61
-2 0 -1 0 2 61
0 0 4 0 1 0 -3 0 1 59
-18 0 4 1 2 0 -1 1 1 57
-20 0 -2 0 2 0 1 0 -1 4 1 54
1 0 -11 0 2 0 -1 1 2 1 1 0 -1 55
12 0 -1 0 11 0 1 0 -2 0 3 1 -1 0 1 0 -1 54
5 0 7 0 7 1 3 1 1 6 -1 50
-1 0 -2 0 2 0 1 0 1 0 3 2 -2 0 1 3 1 0 1 49
3 0 1 1 -1 0 -1 2 1 0 2 0 1 54
-6 0 9 0 13 1 -5 0 -2 0 -1 0 -1 1 1 54
5 0 -11 0 6 0 -4 0 5 0 1 1 1 0 -1 55
4 0 6 0 -6 1 3 0 4 58
7 0 -11 0 -12 0 1 0 -1 2 1 0 3 3 1 51
25 0 -3 0 -2 0 -1 0 -2 0 -1 1 -1 0 -1 55
28 0 -1 62
31 0 -1 62
34 0 -2 62
37 0 1 1 -2 0 -1 59
23 0 5 0 2 0 5 0 2 0 1 1 -1 56
30 1 -2 0 -2 1 -2 58
11 0 18 0 2 0 -2 0 -2 0 1 1 -1 0 -1 4 -1 50
-2 0 -8 0 1 6 1 54
6 1 -2 0 -1 1 -1 58
26 0 -27 1 3 0 -1 0 -1 0 2 0 -1 56
52 0 1 0 1 61
50 0 3 1 -1 60
32 0 15 1 -2 60
18 0 -3 1 -3 0 -3 0 -1 0 1 0 1 56
17 0 -5 0 2 0 1 0 1 1 1 57
20 0 2 0 -1 61
10 0 14 0 -1 0 -6 2 2 57
-36 0 7 0 13 0 8 0 -8 0 3 0 2 0 -1 0 -2 55
-25 0 -11 0 6 0 -3 0 7 2 2 0 1 0 1 2 1 51
-21 0 -17 1 21 0 -1 1 -3 1 1 55
36 0 -3 1 -4 2 -3 57
35 0 22 0 3 0 -13 0 -2 1 1 0 1 2 -1 53
8 0 -8 0 12 0 6 0 -3 1 -4 0 3 0 -1 0 -1 0 1 0 -1 0 -1 4 1 46
51 0 -5 0 6 0 -6 0 5 0 -1 0 -1 0 1 0 -4 0 1 0 -1 0 1 0 -1 4 -1 0 1 45
48 0 -5 0 -13 0 4 0 1 1 1 0 3 0 5 0 2 1 1 0 1 0 2 0 1 4 1 0 1 43
61 0 -3 0 -4 0 -1 0 -2 0 -2 1 -1 0 -1 0 -1 54
63 63
63 63
63 63
59 0 1 1 1 60
59 1 -1 1 -1 0 -1 58
55 0 2 0 2 0 1 0 -1 3 -1 55
57 0 -1 0 -1 1 1 0 1 1 1 0 1 55
60 0 2 0 -1 0 -2 0 1 0 -1 0 1 0 -1 56
41 0 -1 0 -17 0 5 0 2 0 1 0 2 0 1 2 1 1 -1 51
55 0 -6 0 -12 0 -2 0 -4 0 -6 0 -1 1 1 0 -3 2 1 0 2 0 -1 4 1 44
34 0 27 0 2 0 7 0 -5 0 -4 0 -1 0 -2 0 -3 0 -2 0 -1 1 1 0 -1 0 -1 1 1 0 1 1 -1 44
12 0 3 0 8 61
3 0 7 0 8 0 -2 0 1 1 1 0 -1 0 1 0 2 54
-25 0 22 0 5 0 4 0 2 0 4 0 -1 0 -2 0 2 0 1 0 -1 0 -1 0 -2 1 1 2 -1 0 -1 45
-37 0 -5 0 9 0 1 0 -5 0 4 2 -3 0 2 3 -1 0 1 4 -1 0 1 43
-32 0 1 0 11 1 4 0 -3 1 -1 0 6 0 -6 1 1 1 4 0 -4 3 1 0 1 0 -1 4 1 0 -1 6 1 0 -1 29
-32 1 -5 1 3 0 -10 2 -3 0 2 2 1 0 -6 0 5 5 1 4 -1 0 2 37
-28 0 -4 0 -5 0 -2 0 -4 0 7 0 1 0 -1 0 -6 0 5 1 1 0 -3 0 5 0 -4 2 1 0 -3 0 1 0 1 3 1 1 -1 6 -1 0 1 29
-31 0 4 0 -6 0 1 0 1 0 -4 1 -1 0 1 0 -2 2 3 0 -9 0 2 3 -2 0 3 0 -1 3 1 0 -2 1 1 4 -1 0 1 6 -1 23
-37 0 3 0 -2 0 2 0 -5 0 3 1 -1 0 4 0 -2 1 1 0 1 0 -2 0 1 3 1 1 1 3 1 0 -1 7 1 6 1 23
-35 0 -6 0 6 0 3 0 -7 0 4 1 2 0 -7 0 3 2 1 0 -3 0 1 2 1 0 -1 6 -1 6 1 0 -1 30
-25 0 8 0 16 0 1 0 10 0 -4 0 -6 0 -4 0 12 0 -3 0 1 1 -2 0 -4 0 1 1 1 0 3 0 3 0 -2 3 -1 1 1 6 -1 31
-28 0 7 0 -14 0 2 0 -7 0 3 1 9 0 -10 0 3 2 -7 0 5 1 1 1 -1 0 3 0 -4 0 2 2 -1 0 -1 0 2 5 1 0 1 1 -1 1 1 3 -1 23
-23 0 -1 0 7 0 4 0 2 0 -4 0 -4 0 4 0 7 0 2 1 1 0 1 1 1 2 -2 0 4 0 -3 4 -1 0 1 0 -1 3 1 0 1 0 1 0 -1 0 -1 22 -1 6
-14 0 5 0 14 0 -6 0 -5 0 7 0 2 0 -1 0 -1 0 -1 0 -1 0 -1 0 -1 0 7 0 -1 0 -1 0 1 0 -1 0 5 0 -3 2 1 9 1 7 -1 23
-31 0 3 0 8 0 -4 0 1 0 5 0 -1 0 1 0 1 0 4 0 1 0 -2 0 1 0 1 4 1 0 -1 0 -1 2 -1 0 -1 6 -1 0 -1 0 1 5 -1 24
-5 0 -11 0 -24 0 -14 0 8 0 -3 0 -2 0 8 1 7 0 -4 0 2 0 2 0 4 0 3 3 -1 0 -2 3 1 1 1 1 -1 3 -1 0 1 6 -1 24
-31 0 -3 0 4 0 3 0 -4 0 2 0 -1 0 3 0 -2 2 -4 0 3 3 -1 0 2 0 -1 4 -1 0 1 39
-19 0 11 0 -9 0 -4 0 6 0 -1 0 -1 0 7 0 -6 3 3 0 -2 2 1 0 -1 0 1 0 -1 44
-20 0 -7 0 27 0 -5 0 -5 0 8 1 -4 0 9 0 -2 1 -1 0 -4 0 9 0 -2 1 -1 0 2 0 -3 0 5 4 -1 0 1 0 1 6 1 30
-3 0 -3 0 19 0 -5 0 12 0 -12 1 -2 0 14 0 3 1 -3 0 -4 0 -8 0 -2 1 1 1 -7 0 -1 4 2 2 1 2 -1 2 1 6 1 5 -1 0 -1 16
14 0 -11 0 10 0 3 0 5 0 -5 1 5 0 -8 0 8 0 -3 0 -3 0 -10 0 1 0 -4 1 -1 0 -1 0 -3 0 -2 0 -1 2 1 0 -1 1 -1 5 1 31
-24 0 -7 0 19 0 9 0 -1 1 4 1 4 0 -1 0 3 0 4 0 -4 0 1 0 -1 0 1 0 2 0 -2 0 1 2 1 0 1 1 -1 39
-4 0 -1 0 7 0 -2 0 1 0 2 1 1 0 -1 0 -1 54
19 0 -13 1 -11 0 2 0 4 0 -5 1 1 1 -2 3 1 49
21 0 3 0 -4 1 1 0 1 0 1 0 1 0 1 0 2 1 -1 0 -1 0 -1 50
20 0 5 0 4 0 -3 0 -5 0 -1 0 -1 0 -1 0 -2 0 -1 1 1 0 1 1 1 3 -1 45
-20 0 25 0 11 0 11 0 3 0 4 0 2 0 -3 0 2 0 -1 1 -3 0 1 1 -1 1 -1 3 -1 3 -1 4 1 34
-17 0 -29 0 2 0 -3 0 -3 0 1 0 5 0 5 0 1 2 2 1 -1 1 -1 0 -2 0 -1 46
-11 0 10 0 11 1 9 0 1 0 -1 0 -8 0 -9 2 -2 0 -5 4 2 0 2 4 1 0 2 39
-1 0 -12 0 -5 0 -1 0 -5 0 -2 2 -1 0 -1 3 -1 50
11 0 -1 1 -1 60
11 0 -1 0 -1 4 1 56
11 0 2 0 1 0 1 0 1 1 -1 0 -1 0 -1 55
17 0 -2 1 -1 0 -1 2 -1 56
18 0 1 62
15 0 1 1 1 60
-13 0 32 0 -2 0 4 2 -2 0 1 2 1 53
-31 0 5 1 -3 0 1 1 1 57
-31 0 -13 0 1 0 -2 0 -1 0 -1 0 1 0 -1 0 1 55
-42 0 14 0 3 0 7 0 -4 0 3 0 -1 0 2 0 -4 0 2 0 1 2 -1 0 1 4 -1 44
-40 0 6 0 8 0 -3 0 8 0 5 0 -2 1 6 0 4 1 -1 1 3 0 2 2 -1 1 1 44
-52 0 3 0 -2 0 1 0 -1 59
-51 0 -1 0 -1 0 -1 60
-51 0 -3 1 1 0 -1 0 1 58
-48 1 -1 0 1 3 1 56
-43 0 -4 2 1 2 -1 56
-37 1 -3 0 -1 1 2 2 1 3 -1 51
-37 1 -5 0 -1 0 -1 2 1 0 -1 55
-36 0 -3 0 -3 1 -1 0 1 58
-35 1 2 0 1 0 -2 59
-29 0 -1 0 4 0 -2 0 1 0 -1 2 -1 3 1 51
-29 0 -3 0 2 0 1 0 1 0 1 3 -1 54
-30 0 5 0 -5 1 2 0 1 58
-39 0 3 0 -4 0 1 0 -1 0 1 0 -1 0 -1 0 -1 3 1 51
10 0 -19 0 -3 0 -16 0 -4 1 -1 3 -1 53
8 0 -2 0 -1 0 -1 2 2 0 1 56
-33 0 30 0 2 0 12 0 1 1 -1 0 -1 3 -1 52
-40 0 -3 0 -2 0 -1 0 1 0 1 2 -1 0 -1 54
-39 0 -5 0 -4 0 5 2 -1 2 -1 2 1 51
-8 0 -10 0 -3 0 -6 0 -1 1 -1 57
-1 0 -4 0 1 0 1 60
1 0 3 0 2 0 3 0 -1 1 -2 0 1 56
28 0 -1 1 -11 0 1 0 -3 0 1 0 1 2 -1 1 1 1 -1 49
15 0 -2 0 -7 0 2 0 3 1 1 0 2 0 1 3 -1 51
12 0 6 0 -2 1 -2 3 -1 55
-9 0 11 0 -1 0 2 2 1 57
-19 0 1 0 -2 0 1 60
-14 0 -5 0 4 1 -3 0 2 1 -1 0 1 3 -1 51
-8 0 -1 0 3 1 1 0 -1 2 -1 55
-5 0 -2 0 1 61
-3 1 1 0 -1 0 1 59
-6 0 3 62
-11 0 1 0 1 61
-8 0 -3 0 1 61
-6 0 3 0 -2 61
-10 2 1 60
-8 0 -1 0 -1 61
-5 0 -1 0 -1 61
0 2 -2 0 1 59
-11 0 4 0 -5 0 2 1 -1 58
-14 0 1 0 -6 61
6 0 -11 0 -1 0 -3 0 -1 0 -1 0 -1 2 -1 2 1 51
14 1 -3 2 -2 1 1 0 1 0 -1 54
2 0 7 0 -3 0 3 0 3 2 -2 0 -2 55
3 1 -2 0 -3 0 -5 59
-13 0 10 0 2 1 5 0 6 0 1 0 -1 0 -1 3 -1 0 -1 0 1 49
-28 0 -1 0 -14 0 5 0 2 0 6 0 -1 0 1 0 3 0 2 0 1 1 -2 0 1 0 1 49
6 0 -15 0 -5 0 -5 0 -4 0 -1 0 -1 0 -1 0 -1 55
18 0 -2 0 2 4 -1 0 1 55
23 0 -2 0 1 5 -1 55
26 0 -1 62
29 0 -1 62
31 0 -1 62
34 0 -2 62
36 0 2 1 -1 3 -1 56
32 0 -1 0 -6 0 1 1 -1 1 1 56
35 0 1 0 -3 0 -2 0 -1 59
10 0 20 0 1 3 1 57
-5 0 -7 0 1 61
4 0 -3 0 1 2 1 2 1 55
24 0 -26 0 1 0 5 0 -1 1 2 57
52 63
49 0 3 0 1 0 -1 60
33 0 13 0 1 2 -1 2 1 55
13 0 7 0 4 1 1 2 -1 0 -1 55
13 0 -4 0 1 0 -1 0 -1 59
17 0 -1 0 3 1 1 2 -1 56
12 0 10 0 -1 0 -5 0 1 1 2 57
-37 0 16 0 -7 0 7 0 3 1 2 1 -1 55
-27 0 -21 0 -3 1 -6 0 -3 1 -1 0 3 0 1 1 1 1 -1 50
-20 0 -3 0 1 0 20 0 -3 0 -2 0 -4 0 2 0 -2 0 1 0 1 1 -1 51
33 0 -5 0 1 0 -7 0 1 1 -2 0 1 56
35 0 17 0 -2 0 -15 0 4 1 2 0 -1 2 -1 53
-1 0 -18 0 -6 0 -1 0 4 0 -1 0 2 0 -1 0 3 0 1 0 1 0 -2 4 -1 1 -1 45
35 0 -27 0 5 1 -2 0 -1 0 1 0 -6 0 1 0 1 1 -2 5 -1 5 -1 40
61 0 -3 1 -1 60
63 63
63 63
62 63
61 0 1 0 2 1 -1 59
59 63
58 0 1 0 -1 1 1 59
57 0 1 0 -1 1 -1 0 -1 58
56 0 -1 0 2 1 1 0 1 1 -1 0 -1 55
59 0 -2 0 -2 5 1 55
61 0 1 0 1 1 -2 0 -1 2 1 55
57 0 3 0 9 0 -1 0 -3 0 -3 2 1 0 2 3 -1 0 -1 49
23 0 26 0 4 0 6 0 5 0 -1 0 1 0 4 0 -3 0 1 0 -1 2 1 50
-8 0 6 0 8 0 1 1 1 0 1 0 -1 5 -1 50
-15 0 1 0 1 0 1 0 3 0 3 1 -1 0 -2 4 1 50
-14 0 5 0 -12 0 -7 0 3 0 2 0 1 1 3 2 -1 0 1 4 -1 46
-37 0 -5 0 -8 0 8 0 4 0 3 1 -5 3 -1 0 -1 0 -1 3 1 0 1 45
-11 0 -9 0 -14 0 -1 0 -4 0 -11 0 -1 1 1 0 -3 2 1 0 3 0 -1 3 1 0 2 6 1 37
-1 0 -2 2 -4 0 -11 0 -1 1 1 0 -5 4 -5 5 -2 6 -1 36
5 0 -2 0 -1 1 3 0 -17 2 1 0 -5 2 1 1 -6 5 -2 5 -1 0 -1 36
9 0 -2 0 -15 0 -1 0 3 0 -13 2 -4 0 1 1 1 0 -1 0 -3 0 1 3 -1 0 -1 0 2 4 -1 0 1 6 -1 0 1 6 -1 22
3 0 5 0 -27 0 -2 0 1 0 -3 0 1 0 -1 0 -5 0 1 1 1 0 -3 0 1 0 -2 3 -2 6 -1 0 -1 6 -1 7 -1 5 -1 5 -1 10
-17 0 11 0 -32 1 -3 0 7 1 1 0 -9 4 2 4 -3 0 1 0 1 11 -1 0 1 30
-38 0 3 0 -2 0 2 0 -3 0 2 0 2 0 -4 0 5 0 -3 1 -1 0 2 0 -2 0 1 2 1 0 -2 0 2 0 -1 3 -1 39
-37 0 -8 0 5 0 2 0 -8 0 4 2 -4 0 3 0 1 0 1 0 -4 0 1 0 -1 0 -1 0 1 0 1 0 -3 0 3 4 1 0 -2 0 1 37
-22 0 -7 0 4 0 3 0 7 0 -10 0 2 0 1 0 1 0 2 1 3 0 9 0 -9 0 1 0 1 0 1 1 2 0 2 2 1 0 1 0 2 0 -1 0 1 1 1 2 -1 0 1 1 1 4 -1 1 -1 1 -1 4 -1 4 -1 10
-24 0 -1 1 3 0 -5 0 5 0 -2 0 4 1 -1 0 1 0 3 0 1 0 -6 0 -2 2 -2 0 2 0 -1 0 -1 0 -1 2 2 0 -4 6 1 0 -1 4 1 0 1 0 -1 12 -1 10
-27 0 4 0 -2 0 1 0 4 0 -5 0 -1 1 2 0 -1 0 -1 0 1 0 6 0 -8 1 1 1 1 1 1 0 1 2 1 0 2 0 -2 38
-25 0 -5 0 -1 0 -6 0 -7 0 -2 0 2 0 -9 0 10 0 1 1 2 0 1 0 -4 0 2 2 -1 0 3 0 -1 0 1 0 -1 2 1 0 -2 1 1 8 1 27
-33 0 -2 0 4 0 1 0 -3 0 -1 0 2 0 -1 0 2 0 -2 0 -1 0 -2 0 1 0 4 0 -1 1 -1 1 1 0 -1 0 1 2 -1 2 -1 4 1 0 -1 31
-19 0 -19 0 10 0 -2 0 -4 0 -2 0 2 0 -6 0 2 0 2 1 -1 0 -2 0 1 2 1 0 -1 5 -1 0 -1 39
-23 0 21 0 -8 0 3 1 -2 0 -1 0 4 0 -6 2 1 0 3 4 1 0 -1 5 1 0 -1 38
-36 0 2 0 -9 0 5 0 -4 0 4 0 -2 0 -6 0 2 0 1 0 -1 0 3 0 -1 1 -3 1 1 0 -2 1 2 44
-25 0 -11 0 -11 0 6 1 8 0 1 0 -4 0 -1 2 2 0 -5 0 -6 0 4 2 2 1 -1 0 1 0 -1 1 -1 0 1 0 -1 4 1 0 -1 32
-28 0 17 0 -13 0 2 0 -11 0 -1 0 1 0 3 0 -3 0 -1 1 2 0 -6 0 2 3 2 0 -1 5 -1 39
-23 0 -18 0 12 0 2 0 -3 0 1 0 -1 0 -7 0 2 1 -1 0 2 1 3 3 -3 0 2 5 1 39
19 0 -3 0 5 0 -6 0 -4 1 -3 0 -3 0 -1 1 -1 0 -2 3 -1 0 -1 47
16 0 2 0 3 0 3 0 3 0 1 0 -2 0 -3 0 1 0 2 0 1 0 1 5 1 0 -1 0 -1 44
13 0 11 0 7 0 2 0 -4 0 -3 0 1 0 3 0 2 1 -1 0 -2 12 -1 39
-27 0 2 0 -1 0 5 0 8 0 1 0 4 0 6 0 1 1 2 0 4 0 1 0 -1 1 1 0 1 1 1 0 1 4 -1 39
-27 0 2 0 4 0 -1 0 3 1 -1 0 -8 0 -7 2 -1 0 -4 0 -1 2 -1 0 1 0 1 5 1 39
-16 0 -3 1 -2 0 -5 0 -1 0 -2 0 -3 0 -5 2 -1 1 1 3 1 1 -1 44
2 0 -5 1 -2 0 1 0 1 0 -1 0 1 1 -1 54
11 0 -1 1 -1 60
15 0 -1 1 -2 1 -1 58
12 0 -1 0 -1 0 2 3 1 56
16 0 -1 0 1 1 1 59
18 2 -1 60
15 0 2 1 1 60
-8 0 34 0 -4 0 -6 0 2 0 1 0 -1 0 2 0 -1 2 -1 52
-34 0 -4 0 -3 0 -3 1 2 1 1 0 1 0 1 54
-35 0 -7 0 -1 0 2 1 -1 0 1 0 -1 0 1 0 1 3 -1 50
-39 0 12 0 -3 1 1 0 -1 0 -1 0 1 0 -1 4 1 50
-42 0 1 0 -2 0 -2 4 -1 55
-46 0 3 0 -3 0 -1 0 1 59
-47 0 -2 0 -2 0 -1 1 1 1 -1 0 1 0 -1 54
-45 0 -3 0 -4 0 1 60
-44 0 3 0 -4 1 -1 3 -1 55
-41 0 -4 0 -2 0 1 0 -1 59
-32 0 -2 0 2 0 -1 0 1 0 1 3 -1 54
-30 0 -1 62
-27 0 -2 0 -1 0 -1 1 -2 58
-31 0 2 0 -4 0 2 0 1 7 -1 51
-29 0 -1 0 -3 1 -1 0 -1 58
-23 0 -3 0 -2 0 -1 1 -1 3 -1 54
-24 0 5 0 2 0 -1 0 -2 0 -1 2 1 55
-29 0 -10 0 -3 0 12 0 7 1 -3 0 -1 0 -1 0 -1 0 1 0 -1 0 -1 0 1 2 1 47
16 0 1 0 -1 0 -9 0 -4 1 -2 0 -3 56
9 0 3 0 1 0 -6 0 -3 1 1 0 1 0 1 55
-39 0 15 0 2 0 14 0 6 1 2 0 2 56
-35 0 -7 0 3 0 -1 0 -3 0 -2 0 1 1 2 55
-32 0 -9 0 1 0 8 0 4 0 -1 1 1 0 -2 3 -1 51
-2 0 -3 0 -1 0 -4 0 -1 1 -1 0 -1 56
-3 0 -1 0 1 0 1 0 -1 59
-1 0 4 1 -2 0 2 3 -1 55
10 0 -15 0 2 1 5 0 5 0 -1 0 -4 1 1 1 1 0 -1 3 -1 47
35 0 2 0 -7 0 -6 0 -4 0 -1 2 -1 55
16 0 12 0 -1 0 1 0 -1 1 -1 1 1 55
-6 0 10 0 -1 0 2 60
-16 0 1 0 -1 0 1 60
-13 0 -2 0 -1 0 -1 0 1 2 -1 0 1 55
-15 0 3 0 -3 1 -2 0 1 1 1 0 -2 55
-12 0 -6 0 5 0 -1 0 1 2 -1 0 2 55
-7 0 -2 0 2 0 1 0 -1 59
-6 0 2 1 -1 0 1 59
-12 0 3 62
-12 0 -3 0 1 0 1 60
-5 0 -2 0 1 0 -1 0 1 59
-6 0 3 0 -2 61
-9 1 2 1 -1 0 1 58
-8 0 -2 0 3 61
-1 0 -3 0 1 0 -1 0 1 59
-6 0 4 1 2 60
-7 63
8 0 -10 0 -1 0 -2 0 -1 3 1 55
10 0 7 0 3 0 -1 0 1 2 -2 0 -1 0 1 54
9 0 -7 0 -5 1 -2 2 1 0 1 3 1 51
11 0 6 0 -1 0 -1 0 1 0 -1 58
4 0 1 0 -5 1 1 0 -1 1 1 0 -1 55
3 0 -2 0 -3 0 1 0 1 0 -1 1 -1 0 1 55
7 0 -3 1 1 0 -4 0 1 6 -1 51
16 0 -3 0 3 1 2 0 -2 58
20 3 -1 0 1 58
24 0 -3 0 2 1 1 59
29 0 -1 62
31 0 -1 62
33 0 -2 0 1 61
34 0 2 0 1 61
33 1 4 1 -2 0 -1 2 1 0 1 54
31 0 3 0 7 0 -2 1 -2 3 1 54
4 0 20 0 2 0 -1 0 2 0 3 0 1 0 1 0 -3 0 -2 3 1 50
-4 0 -26 0 -6 0 2 0 9 0 3 0 2 1 2 0 -1 0 1 0 -1 1 -1 0 1 1 -1 47
7 0 17 0 -7 0 -1 0 -9 0 2 1 1 0 -1 0 1 54
15 0 -31 0 5 0 5 0 2 1 1 1 1 55
51 1 1 0 -1 60
44 0 6 0 5 0 -1 0 -1 0 -1 1 -1 0 -1 3 1 51
27 0 12 1 -2 0 1 0 1 0 1 0 1 0 1 55
8 2 1 0 1 1 1 57
14 0 -5 1 -1 60
13 0 2 0 -1 0 1 60
13 0 3 0 -2 0 -4 0 2 0 1 0 1 0 -1 56
-24 0 15 0 -5 0 8 0 -2 0 1 0 1 1 -1 55
-33 0 7 0 -3 0 -3 0 1 0 2 2 -2 0 1 2 1 0 -1 50
-34 0 -17 1 9 0 4 0 4 0 -2 0 -2 1 -1 0 1 0 -2 0 2 0 1 0 1 49
31 0 -13 0 -1 0 -10 0 1 0 1 0 -1 0 -1 0 2 0 -1 0 -1 1 1 51
40 0 -3 0 -1 0 -7 0 4 0 -1 0 2 0 -2 0 1 1 -1 53
-7 0 10 0 1 0 15 0 -12 0 4 0 4 0 -2 0 -2 0 2 0 1 0 1 0 -1 0 -2 0 1 1 1 47
4 0 -15 0 7 0 9 0 -3 0 4 0 -3 0 6 0 -1 1 1 0 -1 1 2 0 2 2 1 1 -1 3 -1 40
55 0 -9 0 7 0 -4 0 4 0 -2 0 -1 0 2 0 -2 0 1 1 1 0 -1 0 1 50
61 0 -1 0 1 1 1 59
61 0 1 0 1 1 -1 0 -1 58
59 0 1 0 1 2 1 58
58 0 1 0 1 61
57 0 1 0 1 61
58 1 1 61
57 0 -1 0 -2 1 1 3 1 55
59 3 -2 0 -1 58
52 0 9 0 11 0 -3 0 -6 0 -2 0 1 0 1 0 1 8 -1 46
27 0 6 0 18 0 3 0 2 0 5 0 1 1 1 0 1 2 -1 0 -2 5 -1 44
21 0 2 0 5 1 2 2 1 0 1 0 2 3 1 50
15 0 7 0 3 0 -2 0 1 2 -1 0 -1 4 1 50
-3 0 3 0 -9 0 4 0 2 0 -2 1 1 0 2 4 -1 50
4 0 -3 0 -4 0 -1 0 -3 0 -5 2 -2 0 -1 2 1 51
3 0 2 0 1 0 -1 0 1 1 1 57
-14 0 6 0 -5 0 7 0 -4 0 -2 1 5 0 -1 0 -1 1 1 0 -1 3 -1 0 1 1 -1 4 -1 39
-15 0 2 0 1 0 5 0 3 0 1 0 -1 0 -4 0 -2 0 2 0 1 0 1 0 1 0 -1 2 -1 47
2 0 -7 0 -3 0 -1 0 -8 0 -12 1 -1 0 3 0 -2 2 2 0 4 0 -1 2 1 0 1 0 2 6 1 37
9 0 -1 0 13 0 -1 0 -2 0 -10 2 1 0 -8 2 -1 1 -5 5 -2 6 -1 36
14 0 -4 0 8 0 -1 0 5 0 -17 2 1 0 -7 3 -1 0 -3 3 1 0 -2 6 -1 7 -1 29
21 0 -3 0 -7 1 2 0 -8 1 1 0 -9 0 8 2 1 0 -4 0 3 3 -1 0 1 0 1 4 -1 0 2 37
23 0 1 0 -3 0 -1 0 -3 0 10 2 1 0 -2 2 -2 0 6 0 -2 3 1 0 -3 0 1 4 1 7 -1 30
8 0 16 0 -12 1 16 0 -11 1 -1 0 5 0 -1 1 -1 0 5 0 -3 3 -1 0 2 5 -1 0 2 0 -1 37
-27 0 15 0 -21 0 1 0 -12 0 10 0 1 0 2 1 -2 2 -4 0 4 4 3 0 -2 12 1 31
-41 0 -1 0 2 0 -1 0 1 2 -1 0 1 0 -1 0 1 0 1 0 -1 1 -1 0 -1 48
-31 0 -11 0 10 0 -2 0 1 0 10 1 -9 0 -4 0 3 0 -1 0 3 0 -3 0 3 3 1 0 -2 0 2 0 1 2 -1 0 -1 7 -1 31
-22 0 4 0 -4 0 1 0 1 0 -6 0 1 0 -3 0 -5 0 1 0 -1 1 3 0 -8 0 1 2 1 0 -7 0 5 4 1 0 -2 0 1 4 -1 0 -1 0 1 3 1 5 1 4 1 15
-29 0 -3 0 -2 0 1 0 -6 0 1 2 4 0 5 1 -1 0 3 0 -3 0 1 0 1 1 -2 1 2 0 -1 1 1 0 -1 1 -3 0 1 4 -1 0 -1 0 1 6 -1 23
-29 0 9 0 -4 0 2 0 1 0 -1 0 -1 0 3 0 3 0 -3 0 2 0 1 0 1 0 -6 0 -1 2 2 0 4 0 -3 0 -1 2 -1 1 -2 0 2 3 1 2 -1 3 1 26
-29 0 -5 0 -5 0 5 0 -6 0 5 0 -3 0 5 0 -5 0 1 0 -1 0 -1 0 -4 0 6 0 -1 0 1 0 -1 1 2 0 -3 3 -1 1 1 0 1 6 -1 30
-11 0 -9 0 4 1 5 0 -4 1 1 0 -2 0 -1 0 -1 0 -1 0 4 0 2 0 -3 1 -1 0 1 0 2 0 1 0 1 0 -1 2 -1 0 1 7 -1 7 1 22
-32 0 15 0 -1 0 11 0 -1 0 4 0 3 0 -3 0 4 0 2 1 2 0 1 0 1 2 1 0 -3 0 1 3 -1 1 -1 6 -1 32
-15 0 -18 0 9 0 -6 0 6 1 -1 0 1 0 2 0 1 1 -2 0 2 3 -1 0 1 0 -1 45
-9 0 9 0 2 0 -4 0 4 0 -1 0 1 0 -3 0 2 0 -1 1 1 0 -1 0 1 50
-12 0 -26 0 -18 0 2 0 -4 1 1 0 7 0 3 0 1 0 1 0 -1 0 -2 0 1 2 1 0 -3 0 -1 0 1 4 -1 39
11 0 2 0 3 1 -1 2 1 0 1 0 1 54
12 0 -7 0 2 0 -2 0 -1 0 -1 0 3 0 7 0 2 2 -1 0 -1 3 -1 0 -2 46
-18 0 26 0 13 1 1 1 1 0 -6 0 -2 0 1 1 2 0 1 3 1 0 2 1 -1 3 -1 0 -1 39
-34 0 -1 0 6 0 -2 0 5 0 3 0 -1 0 -6 0 -5 2 -1 0 -2 0 -1 3 1 0 1 5 1 39
-15 0 -15 0 -12 0 -3 0 -2 0 -1 1 2 0 2 0 -1 2 1 0 -1 50
-7 0 4 1 -4 0 -8 0 -4 0 -1 0 -1 0 -3 0 -2 0 1 0 1 52
6 0 -6 0 3 0 -5 2 -2 0 1 1 -1 54
13 0 -4 0 2 0 -1 0 2 0 -2 3 -1 54
17 1 -2 1 1 0 -1 2 -1 55
16 1 -2 61
16 0 -1 0 -1 1 -1 59
18 63
16 0 2 62
5 0 20 0 -5 0 -11 0 4 1 2 4 -1 52
-31 0 -4 1 -1 1 1 0 1 0 -1 0 1 2 -1 52
-36 0 1 0 -1 0 5 7 1 0 -1 51
-31 0 6 0 -4 0 -5 1 -2 0 1 0 -1 0 -1 0 1 54
-43 0 -1 0 1 1 -1 2 -1 0 1 2 -1 52
-41 0 -2 62
-36 0 -1 0 -3 2 -1 2 1 0 -1 54
-36 0 1 0 -3 0 -1 4 -1 55
-38 0 -1 0 -2 0 1 0 1 0 2 1 -1 0 1 0 -1 54
-36 0 -1 0 -5 1 -1 0 2 58
-30 0 -3 0 -1 0 -1 0 -1 0 -1 2 1 55
-31 0 -2 0 3 0 2 0 1 0 -1 58
-25 0 -4 0 -1 0 1 0 1 0 -1 58
-24 0 3 0 -1 5 -1 55
-26 0 -1 0 -3 0 1 1 1 58
-19 0 -1 0 -2 0 -2 0 -2 3 1 55
-30 0 12 0 1 0 -1 0 1 59
-8 0 -39 0 -13 1 1 2 5 0 3 0 -1 1 1 52
18 0 7 0 -1 0 4 0 2 2 -1 0 -1 2 -1 0 -1 51
1 0 25 0 8 0 -9 0 -6 0 -2 0 2 2 1 0 -1 1 1 3 -1 47
-42 0 -4 0 2 0 1 1 1 0 2 0 3 0 2 0 -1 1 1 52
-41 1 -1 0 1 0 4 0 -1 58
-22 0 -18 0 -6 0 1 0 -1 0 -2 58
-3 0 3 0 2 0 -1 0 -1 59
-6 1 1 1 2 3 -1 55
-1 0 -2 0 -1 0 -2 0 -2 0 1 2 1 55
16 0 -28 0 -2 0 4 0 2 2 2 56
48 0 -2 0 -3 1 2 0 -1 0 -1 0 -1 0 2 55
25 0 25 0 -4 0 5 0 -2 0 -1 0 -1 1 -1 55
-3 0 9 0 -1 0 1 60
-14 0 1 0 -1 0 1 60
-11 0 -2 0 -1 61
-10 0 1 1 -1 60
-16 0 3 0 -3 0 1 3 1 0 -1 55
-19 0 -1 0 4 0 1 0 -1 0 2 1 -1 0 1 55
-7 0 -4 0 1 0 -2 0 2 59
-11 0 4 2 -1 59
-16 0 -1 0 2 0 1 60
-8 0 -4 0 2 0 -1 60
-5 1 1 1 1 59
-8 0 3 0 -2 61
-12 0 1 0 -1 1 -1 59
-6 0 -6 0 2 0 -1 60
-8 0 5 0 1 0 1 60
-9 0 -1 0 1 61
3 0 3 0 5 0 -3 0 -2 3 -1 55
0 0 -8 1 3 0 4 0 3 1 1 0 1 3 -1 51
14 0 -2 0 -1 0 -1 0 -1 59
11 0 4 1 -1 60
9 0 -3 62
6 0 4 0 -2 0 2 0 -1 2 1 0 -1 55
8 0 1 1 -3 0 1 2 1 56
7 0 -5 0 1 1 -1 3 -1 55
17 0 -4 0 4 4 -1 0 1 55
22 0 -1 0 -1 1 1 2 1 0 -1 55
25 0 -2 0 3 1 -1 2 -1 0 1 55
30 0 -1 0 1 1 1 59
31 1 2 1 -1 0 -1 58
24 0 7 0 7 1 -1 3 -1 55
12 0 5 0 5 1 2 0 3 3 1 3 -1 50
10 0 -1 1 -2 1 2 2 1 0 1 54
10 0 -1 0 4 0 -2 1 -3 0 1 0 -2 0 3 0 -1 3 1 50
13 0 -12 0 7 0 1 0 -5 0 -5 0 1 1 -3 2 1 1 -1 50
12 0 14 0 -1 1 9 0 3 3 1 2 -1 51
12 0 -20 0 -2 0 5 0 -8 1 1 0 1 0 2 3 -1 51
33 0 5 0 15 0 -2 0 -1 0 -1 1 -1 0 -2 55
23 0 2 0 13 1 -2 0 -1 1 1 0 3 55
14 0 7 0 11 1 6 0 1 1 -1 0 -1 3 -1 51
9 0 -2 0 -1 61
14 0 -4 2 -1 59
14 0 2 0 1 0 1 60
14 0 -1 0 1 0 -1 3 -1 56
-14 0 23 0 -4 0 3 0 -1 0 1 1 2 0 -2 55
-29 0 -5 0 -3 1 2 0 3 2 2 55
-14 0 -17 0 -3 0 6 0 -6 0 -3 0 -1 0 3 1 -1 2 1 1 -1 49
33 0 -16 0 7 0 -6 0 6 0 -3 2 -1 55
37 0 -3 0 2 0 6 0 -4 1 1 0 -2 0 1 2 1 0 -1 51
7 0 40 0 -8 0 3 0 -1 1 -1 0 6 0 -2 0 -1 7 1 46
14 0 -29 0 11 0 -12 0 -1 0 -9 0 -1 0 -3 0 2 0 2 1 -2 0 3 0 -2 0 -2 2 2 0 -1 0 1 4 1 39
33 0 -22 0 13 0 8 0 3 0 -2 0 3 0 -6 0 -2 0 -1 2 -2 0 -1 2 1 0 -2 46
59 0 -1 62
58 63
58 0 1 0 1 61
56 0 1 0 1 61
55 1 1 61
56 0 -2 3 1 58
57 0 2 0 2 0 -1 0 -1 59
45 0 11 0 12 0 -1 0 -5 0 -2 6 1 0 1 3 -1 0 -1 45
20 0 10 0 6 0 2 0 5 0 4 1 2 0 2 0 1 8 -1 45
9 0 4 0 2 1 2 2 -1 4 1 51
10 0 -4 2 -1 2 -1 0 1 0 1 54
16 0 -1 3 -1 7 1 50
9 0 8 0 1 1 1 0 -4 2 -1 3 1 0 -1 50
-1 0 1 3 1 2 -1 55
-3 0 1 0 1 0 1 0 -2 0 3 58
-4 0 -1 1 2 0 1 2 -1 0 1 2 1 52
-12 0 10 0 -3 0 3 0 -3 0 1 0 -1 0 4 0 -3 0 -1 1 -1 5 1 46
-20 0 -2 0 7 0 2 1 1 2 3 0 -1 4 1 49
-13 0 -3 1 1 0 2 0 -4 0 -1 0 -1 1 2 2 -1 51
-5 0 -1 0 -8 1 1 0 1 1 1 0 -4 0 3 4 -1 49
-4 1 -4 1 -3 0 8 13 -1 44
2 0 -7 0 9 0 -1 0 -6 0 13 0 -1 0 2 1 1 2 -1 0 2 0 1 3 -1 45
14 0 -2 0 17 0 -1 0 8 0 -5 1 -3 0 12 0 -7 2 1 5 1 1 -1 3 -1 0 1 7 1 30
18 1 -5 0 -1 1 2 1 2 0 -9 0 3 2 -3 0 5 4 -3 0 2 0 1 4 1 7 1 30
-2 0 11 0 -22 0 3 0 11 0 -11 0 2 1 -3 0 -1 2 6 0 -8 0 1 1 1 0 1 0 -1 1 -1 5 -1 5 1 0 -1 30
-19 0 -5 0 -22 0 10 0 -13 0 8 1 3 0 4 0 -1 0 -1 0 -1 0 -3 0 2 0 -1 1 -1 0 -1 0 2 0 -1 44
-26 0 25 1 1 0 1 0 -1 0 -5 0 2 0 1 1 2 2 1 0 -1 49
-36 0 -9 0 2 0 4 0 2 0 4 0 -2 0 -6 0 -3 0 4 0 -1 0 2 0 -1 2 1 0 -1 1 -1 0 2 0 -1 4 -1 0 1 37
-28 1 -2 0 1 0 -9 0 1 1 -1 0 1 1 1 2 -5 4 1 0 1 4 1 0 -3 0 2 14 1 7 1 14
-28 0 1 0 -4 0 1 0 -2 0 -2 0 1 0 1 0 5 0 -1 1 2 0 2 0 -6 0 2 0 -1 0 1 1 3 0 -4 3 -1 1 -2 0 1 5 1 0 -1 9 1 20
-27 0 3 0 5 3 -1 1 5 0 -3 0 1 0 1 0 -1 0 7 0 -2 0 -1 0 -2 0 -2 0 5 0 -3 0 1 2 1 0 1 0 2 3 1 18 1 15
-29 0 15 0 -5 0 -9 0 -1 0 1 0 -1 0 3 1 2 0 1 0 -3 0 3 0 1 0 2 1 2 2 1 0 1 3 -1 1 1 4 -1 32
-35 0 -12 0 7 0 8 0 -4 0 1 0 -1 0 1 0 -1 2 4 0 -2 10 1 40
-12 0 -5 0 -4 1 5 0 2 1 1 0 1 0 -1 2 -2 0 -1 0 1 9 1 39
7 1 -1 0 -3 0 -3 1 -2 0 -2 0 -1 1 -1 0 -1 1 -1 50
2 0 -1 0 -1 0 4 0 4 0 1 1 -3 0 -1 0 2 6 1 0 2 0 1 4 -1 0 -1 39
-7 0 22 0 15 0 -3 0 -4 0 -2 1 -4 0 -5 2 -2 0 -2 0 -1 2 -1 0 -2 0 -1 45
-42 2 5 0 8 0 4 1 -1 0 -3 1 1 0 2 0 1 0 2 0 1 2 1 0 1 5 1 39
-21 0 -9 0 -4 0 -2 0 -8 0 -6 0 -1 0 -1 0 2 0 2 2 2 0 1 0 -1 2 1 46
-12 0 1 0 13 0 -1 0 -1 0 -2 2 -3 0 -1 3 1 50
-15 0 -4 0 -2 0 3 0 7 0 5 1 3 0 3 2 -1 0 -2 0 -1 50
4 0 -4 0 2 0 -3 1 -1 0 -1 0 -2 56
7 0 -5 0 2 0 1 0 -2 3 1 55
13 0 -4 0 2 0 1 0 1 2 1 56
18 0 -1 1 -1 0 2 59
17 1 -1 61
18 63
17 0 1 0 -1 61
15 0 4 0 -2 0 -4 0 2 1 2 0 -2 0 1 1 -1 0 1 52
-30 0 15 0 -4 0 10 0 -5 0 3 0 2 0 -2 0 -1 2 1 0 -1 51
-34 0 3 0 -2 0 -2 0 -1 0 1 0 -1 0 1 3 -1 0 1 51
-28 0 -4 0 1 0 -4 0 1 0 -2 2 1 3 1 51
-44 0 12 0 -3 0 3 0 -3 0 2 1 2 0 -1 2 1 0 -1 51
-37 0 -7 0 -3 0 -3 0 2 2 1 56
-30 0 -4 0 -2 4 -1 56
-11 0 -21 0 -25 0 5 0 16 0 8 1 -1 0 -6 0 -3 1 -1 0 -2 4 2 0 2 0 1 4 -1 0 -1 38
47 0 -11 0 -24 0 -8 0 -8 0 -14 0 -2 0 -5 0 -1 0 -9 0 -1 0 -1 1 2 0 -4 2 1 0 2 0 1 0 -2 2 1 0 1 0 1 0 1 0 -1 36
38 0 24 0 -25 0 -8 0 6 0 -10 0 1 0 -1 0 -3 0 -5 1 -1 0 2 0 -2 0 -2 2 -1 0 1 0 -1 0 -1 5 -1 37
-23 0 21 0 -11 0 5 0 -10 0 3 0 1 0 -3 56
-40 0 -4 0 -1 0 1 1 1 1 1 0 1 55
-27 0 -6 1 -2 1 1 58
-26 0 1 0 1 0 1 1 1 58
-22 0 -3 62
-23 0 4 0 3 0 -1 1 1 58
-23 0 -11 0 -11 0 7 0 11 0 2 0 -2 0 -2 0 -1 0 -1 0 1 1 -1 4 1 46
23 0 -8 0 -8 0 -9 0 -10 0 -2 0 -1 0 -2 0 -1 1 -1 1 1 51
18 0 5 0 2 0 -3 0 -4 0 -1 0 1 0 2 0 1 3 1 51
-28 0 26 0 11 0 7 0 8 0 1 1 -4 0 -2 0 1 1 -1 0 -1 0 1 50
-39 0 1 1 -2 0 -2 2 -1 0 1 0 -1 54
-42 0 -3 1 1 0 1 0 -1 2 -1 0 1 54
-19 0 -14 0 1 0 -2 0 -2 2 1 0 1 55
-16 0 10 0 7 1 1 0 2 1 -1 0 -3 0 -1 1 1 0 2 0 1 3 -1 0 -1 45
-6 0 -16 0 -7 0 -2 0 -1 0 6 1 2 0 6 0 -1 1 1 1 -1 50
-2 0 6 0 2 1 -1 0 1 1 -1 0 -1 3 -1 51
8 0 -23 0 7 0 4 0 -3 0 1 2 -1 55
35 0 1 0 11 1 -1 0 2 58
21 0 13 0 4 0 1 0 5 0 1 1 1 0 1 55
0 0 9 0 -1 0 1 60
-10 0 1 0 -2 0 1 60
-10 3 -1 59
-11 0 1 0 1 61
-15 0 3 0 2 61
-17 0 -3 0 -3 0 1 0 2 59
-13 1 -1 1 -4 0 2 2 -1 3 -1 51
-15 0 4 0 5 0 -1 0 1 0 -1 6 1 51
-24 0 2 0 4 0 2 0 -1 0 1 3 -1 54
-19 0 -4 0 5 2 1 58
-12 0 -2 0 4 61
-7 0 -1 0 2 1 1 0 -1 58
-8 0 1 0 -1 61
-6 0 -4 0 -1 0 -1 0 -1 59
-11 0 5 0 1 0 2 60
-11 0 -2 0 1 0 -1 60
-1 1 -1 0 1 0 2 2 -1 0 1 55
11 0 -7 0 -2 0 -2 0 -1 0 -1 2 -1 55
15 0 1 62
11 0 3 0 -1 1 1 59
11 0 -2 0 -2 61
9 0 4 0 -1 0 -1 60
2 0 2 0 2 0 -1 0 -1 0 2 1 -1 0 -1 55
0 0 -6 0 2 0 2 0 -1 0 2 2 1 55
9 1 2 4 1 0 -1 55
14 0 -5 0 6 1 -1 3 1 55
22 0 -1 0 3 0 -1 0 2 0 -2 58
22 1 3 0 1 0 -2 0 1 58
25 0 -2 0 2 0 -1 0 2 59
18 0 8 0 -3 0 1 0 -1 2 1 56
8 0 1 0 3 1 -1 0 -1 1 -1 56
16 0 -7 0 -5 0 -2 0 4 0 1 8 1 49
14 0 4 0 -13 0 1 1 1 3 -1 54
11 0 -1 0 -10 0 1 0 -3 0 -1 3 -1 54
16 0 -3 0 -2 1 -1 0 1 58
20 0 -1 0 -2 5 1 55
20 0 1 0 -2 0 -1 0 -1 0 -1 58
10 0 9 0 -1 61
4 0 -3 1 -1 0 -1 59
9 0 -3 62
11 1 4 1 -2 0 -1 2 1 0 1 54
5 0 6 0 8 0 -1 0 -2 0 -2 1 1 1 1 54
5 0 -8 0 10 1 4 0 -3 2 -1 0 1 54
0 0 16 0 -2 0 -2 0 2 0 -1 1 1 56
-22 2 2 1 1 2 -1 55
-19 0 1 0 4 0 -1 0 -3 0 -1 1 1 1 1 2 1 51
-3 0 -20 0 17 0 4 0 -4 1 -1 1 -1 0 1 2 -1 4 1 46
31 0 -1 0 4 0 -5 0 7 0 -1 0 -1 0 3 0 -2 0 1 1 -1 0 1 51
28 0 9 0 -5 0 -9 0 11 0 -2 0 2 0 -4 0 2 1 -1 1 1 51
-16 0 8 0 -4 0 9 0 -14 0 3 1 -2 0 2 1 1 1 -1 0 -1 0 1 49
5 0 -12 0 5 1 -1 0 1 0 -2 0 5 0 -3 0 2 1 -1 0 2 0 -1 2 1 1 1 0 -1 44
49 0 -15 0 9 0 -6 0 7 0 -2 0 -1 0 2 0 -1 0 1 3 1 50
57 0 1 62
55 1 1 0 1 60
56 1 -1 61
56 1 -1 1 -1 0 -1 58
55 0 1 0 2 0 -1 0 -1 59
40 0 13 0 15 0 -1 0 -2 0 -1 0 1 0 -2 0 -2 3 2 0 1 50
20 0 3 0 3 0 1 0 2 0 1 0 1 0 2 0 3 0 1 2 1 0 1 50
14 0 3 0 2 0 1 0 1 0 1 6 -1 51
12 0 -1 0 -2 2 -1 1 1 56
10 0 2 2 1 2 -1 4 1 51
8 0 -2 0 4 1 -2 2 -1 0 1 55
3 0 6 0 1 0 1 0 1 0 -1 1 1 0 -1 55
-2 1 4 1 -1 59
-3 0 2 0 4 1 1 0 -1 58
-5 0 -2 1 1 0 1 0 1 1 1 56
-3 1 -1 2 -1 2 1 55
-9 0 4 0 -6 2 -1 1 1 0 -3 0 -1 4 -1 3 -2 0 1 44
-25 0 15 0 4 0 -4 0 -4 0 -1 2 -4 0 -6 2 3 0 -1 0 1 3 1 1 1 3 -1 39
-25 0 -7 0 11 0 -3 0 -1 0 7 0 -1 0 1 0 -2 0 1 3 2 0 -1 49
-23 1 27 0 2 0 -3 0 4 1 -2 0 4 0 -4 1 -1 0 1 0 -1 6 1 43
-12 0 -5 0 22 0 -1 0 1 0 -1 0 -1 1 2 0 -1 3 -1 0 1 10 -1 38
-5 0 -1 0 13 1 4 0 -1 1 -1 0 -2 0 -1 2 1 0 2 0 -1 5 1 43
-4 0 -3 0 7 0 2 0 -2 0 10 1 1 0 -5 0 -3 3 -1 0 1 49
6 0 -1 0 12 0 -1 0 6 0 2 0 -1 0 -2 0 11 0 -7 1 -1 0 1 0 -1 0 2 2 -1 0 3 0 -2 4 -1 0 1 38
10 0 3 0 1 0 -2 0 -3 0 4 0 -1 1 3 0 1 1 1 0 -5 0 3 3 -1 0 3 0 -1 0 -1 3 -1 7 1 31
2 0 9 0 -21 0 -2 0 10 0 -7 2 3 0 -1 0 1 5 1 0 -1 0 1 0 -2 6 -1 37
-16 1 -26 0 9 0 -9 0 4 0 -1 0 4 0 -3 0 2 0 -1 0 -1 0 -3 0 4 0 -1 3 -1 5 -1 0 1 38
-14 0 9 1 -1 1 1 1 -1 0 1 0 -3 1 -1 2 1 4 1 0 -1 43
-38 0 1 0 6 0 6 0 -6 0 5 0 4 0 -2 0 -5 0 4 0 -1 0 -1 0 -2 0 -2 0 2 1 1 0 -1 0 -1 6 -1 38
-28 0 -12 0 -4 1 1 0 -1 1 7 0 1 0 -2 0 -1 0 3 0 3 0 1 0 -1 4 -1 0 -1 3 -1 39
-16 0 -1 0 -10 0 -2 0 7 0 4 0 2 0 -1 0 1 1 -1 1 -2 0 -2 0 -1 4 1 44
-15 0 -10 0 -18 1 -7 0 -7 0 -1 0 1 0 3 0 1 1 -2 0 2 0 4 3 -1 0 1 0 1 4 -1 0 -1 38
0 0 -4 1 2 0 2 0 1 1 2 0 1 0 -1 1 -2 0 -3 0 -1 50
-1 0 2 0 4 0 2 0 5 0 1 0 1 0 -2 0 -4 0 1 1 -1 2 -1 2 2 0 2 0 1 4 -2 0 -1 38
-11 0 15 0 18 0 -6 0 -8 0 -4 0 1 0 -5 0 -6 0 1 2 -1 4 1 0 1 4 1 0 2 0 1 38
-37 1 -3 0 4 0 10 0 5 1 1 0 3 2 1 0 -1 0 -1 0 1 3 -1 45
-27 0 5 0 -4 0 -4 0 -9 0 2 0 -1 0 -3 0 -4 2 1 0 1 0 -2 3 1 0 2 6 1 38
-37 0 -3 0 1 0 3 0 -3 0 -1 0 -1 0 -1 0 2 4 1 0 1 49
-20 0 -7 0 6 1 -2 0 -5 0 -1 1 1 0 -1 4 -1 49
-5 0 -6 0 6 0 -1 0 2 0 -3 2 -1 0 1 4 -1 49
-2 0 1 0 3 0 1 0 -2 0 -1 1 1 0 -1 55
1 0 -1 0 4 1 2 3 -1 55
9 0 -4 0 2 0 -1 0 -1 59
15 0 -4 0 3 61
19 0 1 5 1 56
19 0 -1 62
19 1 -1 61
18 63
-8 0 30 0 -10 2 1 1 5 0 -2 0 -1 1 -1 0 1 51
-30 0 -2 0 1 0 -2 0 2 3 1 55
-31 0 -5 0 1 0 3 0 -3 0 -1 1 -1 0 1 3 -1 51
-29 0 9 0 -4 0 -3 0 5 0 -1 0 1 0 -1 0 -1 0 -1 54
-27 0 -35 0 -5 0 15 0 4 0 -4 0 -1 0 -9 0 9 0 1 1 1 0 -1 4 -1 1 1 4 1 39
33 0 -4 0 -35 0 -3 0 1 0 -14 0 -1 0 1 0 -1 0 -4 4 -1 49
53 0 -17 0 -11 0 -7 0 -12 0 -4 0 1 0 -5 0 -5 0 -2 0 1 1 -1 0 -2 0 -1 1 1 47
62 0 1 0 2 1 -1 0 -1 58
58 0 3 0 -2 1 3 0 2 3 -1 2 -1 51
20 0 43 0 -16 0 -6 0 3 0 -2 0 1 0 6 0 -2 0 -1 1 -2 0 2 51
-29 1 -3 0 1 0 -1 0 -1 1 1 1 -1 54
-20 0 -3 0 2 0 -3 1 -2 1 -1 56
-24 0 2 1 1 1 -2 58
-23 0 1 0 1 0 -2 0 -1 59
-23 0 -7 0 -5 0 5 0 9 0 3 0 -1 0 -4 0 -4 0 -2 1 1 1 1 0 1 49
22 0 -22 0 -19 0 -6 0 -11 0 -2 0 -1 0 1 0 1 0 -1 1 1 0 2 0 1 3 1 46
32 0 4 0 -4 0 -1 0 2 0 2 0 1 0 2 0 1 0 -1 1 -1 0 -2 51
-6 0 31 0 17 0 -1 0 -4 1 1 0 -3 0 -2 0 1 2 1 3 -1 47
-39 0 -6 0 -1 0 1 2 1 0 4 0 3 2 1 0 1 51
-39 0 2 0 -1 0 2 0 5 0 2 1 -1 0 -2 0 -1 3 1 0 1 4 -1 44
-36 0 -8 0 -13 0 4 0 -1 0 5 2 1 0 -2 4 1 49
-9 0 -9 0 -10 0 -2 0 1 0 3 0 -1 0 -1 1 -2 3 -1 50
11 0 -16 0 -20 0 1 0 -2 0 -3 1 4 0 4 0 -1 2 1 0 1 50
17 0 13 0 3 1 -1 0 -2 1 -3 0 -3 0 -1 1 -1 0 -1 0 -1 50
-1 0 5 0 -1 0 -1 60
0 0 -14 0 2 0 6 0 -2 59
24 0 2 0 2 0 -2 1 -1 0 -1 57
18 0 4 1 -1 0 1 59
3 0 8 0 -1 61
-7 0 2 62
-11 0 1 0 1 61
-12 63
-18 0 3 1 1 60
-12 0 -6 0 -1 0 -1 0 -1 2 1 56
-9 0 2 0 2 1 1 0 -1 1 -1 56
-14 0 3 0 -3 2 -1 1 1 56
-15 0 -1 0 -3 1 1 0 -3 2 1 0 -1 54
-15 1 -5 2 -1 2 -1 55
-14 1 -2 1 -1 59
-13 0 -2 0 1 0 1 0 -1 59
-7 0 -1 0 1 1 1 59
-5 2 -1 0 -1 59
-14 0 4 0 1 0 2 60
-14 1 1 0 -1 0 -1 59
-3 0 -5 0 1 0 3 0 1 0 1 58
11 0 -3 0 1 0 -1 0 -1 59
12 0 1 0 3 61
9 0 2 0 3 61
7 1 4 61
6 0 2 0 4 0 -1 60
1 1 3 0 1 0 -1 59
-2 0 1 0 3 0 2 60
8 0 -3 0 1 0 -2 0 1 59
7 0 2 2 -1 59
9 0 -3 0 4 1 -1 4 1 54
13 1 6 2 -1 2 1 0 1 4 -1 49
16 0 -5 0 4 0 1 1 -1 2 -2 0 1 3 1 50
25 1 -4 0 -1 0 3 3 1 55
22 0 1 0 -8 0 1 0 -2 0 -4 1 1 0 2 5 -1 49
26 0 -4 0 2 1 -2 0 -2 1 -1 0 -2 0 1 2 -1 1 -1 49
31 0 -1 0 3 1 1 0 -2 3 1 4 -1 49
28 0 4 0 2 1 1 0 -3 8 -1 49
24 1 -3 0 1 1 -1 1 1 0 -1 55
28 0 -2 0 -6 1 1 59
28 0 3 0 -5 0 -1 0 -1 0 -1 58
15 0 11 0 -4 0 -1 1 1 2 -1 55
3 0 -2 0 1 4 -1 0 1 55
7 0 1 0 2 0 -3 0 -1 0 -1 1 1 56
-6 0 4 0 4 0 3 0 2 0 2 1 -1 0 -1 0 1 54
-2 0 -3 0 -4 0 -3 0 3 0 -1 0 1 0 -2 0 1 3 1 51
-19 1 1 0 10 0 -8 0 2 1 -2 1 1 1 1 0 -1 51
0 0 -2 0 -2 0 -4 0 4 0 1 2 1 2 1 52
-23 0 14 0 -1 0 2 0 -7 0 3 0 1 1 -2 0 -1 54
-34 0 -1 0 4 0 -1 0 3 0 2 2 2 55
-28 0 -5 0 -1 0 -1 0 -2 0 2 1 2 0 -2 55
-20 0 -8 0 30 0 6 0 -9 0 6 0 -2 0 -3 0 1 0 -1 0 1 0 1 0 -3 0 1 3 1 46
18 0 -11 0 12 0 -1 0 4 0 -3 0 -2 0 4 0 -3 0 2 1 1 0 -1 0 1 3 1 46
17 0 21 0 -16 0 -6 0 14 0 -3 1 2 0 -2 2 -1 0 2 4 -1 46
-11 0 -6 0 -1 0 1 0 -9 0 6 0 1 0 -5 0 4 2 -1 1 -1 0 1 2 -1 46
18 0 -37 0 12 0 5 0 -3 0 1 0 1 0 -7 0 3 2 2 4 1 0 -1 0 1 45
58 0 -1 0 1 0 -1 0 1 59
56 0 -1 0 -1 5 1 55
57 0 1 0 1 61
55 3 1 59
41 0 17 0 8 0 -2 0 -5 0 2 1 -1 0 -2 0 -1 1 1 0 1 5 1 45
17 0 2 0 1 0 1 0 1 0 1 1 1 0 1 0 1 54
14 0 2 0 2 1 1 2 -1 0 -1 55
13 0 -1 0 -1 61
13 63
11 0 1 5 1 56
5 0 3 0 -1 0 -1 0 2 7 1 51
-5 0 5 0 2 0 -1 0 -2 0 1 2 1 55
-8 0 -5 1 1 0 3 1 1 1 -1 0 1 2 1 51
-13 2 4 0 -2 0 5 0 1 0 -1 0 3 0 -1 2 -1 51
-7 0 -1 0 1 2 2 3 -1 54
-6 1 1 2 1 58
-6 0 -1 3 1 58
-9 0 5 0 -5 0 -2 0 4 0 -2 2 2 0 -1 8 1 45
-23 0 5 0 -12 1 -3 0 3 0 1 0 2 0 -2 0 -1 2 -2 0 2 4 1 0 -1 4 -1 0 1 38
-39 0 8 0 -6 0 1 0 2 0 2 1 2 4 1 0 1 2 -1 0 1 46
-37 0 -10 0 4 0 -2 0 -2 0 1 1 -2 0 1 2 -1 0 1 0 1 50
-37 0 12 0 4 0 2 0 1 1 -4 0 2 0 -2 1 1 0 -1 1 -1 0 1 49
-27 0 -17 0 17 0 -2 0 -3 0 8 0 2 0 -1 0 1 0 4 0 1 0 -2 1 3 0 1 3 -1 0 2 3 -1 2 1 37
-5 0 -6 0 22 0 -2 0 4 0 -4 1 -1 0 1 3 1 0 -1 4 -1 0 1 44
2 0 -5 0 15 0 1 0 -1 0 -1 1 -1 1 -1 1 1 0 -1 51
5 0 2 0 -1 0 -1 0 -1 0 3 1 4 0 -12 0 1 2 -2 0 2 3 1 0 -4 0 1 0 1 3 -1 7 -1 31
-1 0 -1 0 12 0 1 0 2 2 -1 0 2 2 -1 0 2 0 -2 3 1 0 -1 0 1 6 -1 37
1 0 -1 0 -1 1 3 0 -1 1 1 0 1 0 2 4 -1 49
-6 0 3 1 2 1 -5 2 1 0 -4 2 1 0 1 0 -2 3 1 1 -1 43
-7 0 -2 0 2 0 1 0 2 0 1 1 -2 0 -4 0 -2 3 -1 0 -1 2 -1 46
-4 0 3 1 -2 0 -5 2 -2 0 2 0 1 2 2 4 1 1 -1 44
-9 0 -2 0 3 0 1 0 2 0 1 1 -2 0 -4 0 -1 2 1 0 3 0 1 4 -2 0 -1 43
-7 0 6 0 7 0 -4 0 -5 0 -3 1 -1 0 9 0 6 1 -1 0 -1 0 -1 0 -1 3 -4 0 -3 0 1 11 1 0 1 30
-24 0 8 0 15 0 -1 0 7 0 5 1 -4 0 -8 0 -3 1 -1 0 -4 0 -4 0 -1 2 -1 7 -1 38
-29 0 -5 0 -12 0 2 0 1 0 2 1 2 0 4 3 1 0 1 0 1 2 1 0 1 0 1 44
-16 0 -5 0 -3 0 1 0 -2 0 -1 0 -1 0 -1 0 -1 0 -1 3 -1 50
-11 0 10 0 -9 0 -1 0 5 0 1 0 -1 1 -1 0 -1 54
-26 0 5 0 -15 1 -2 0 3 1 1 0 -2 0 -1 54
-30 0 2 0 -10 1 1 0 5 0 -1 1 1 4 -1 50
-25 0 -2 0 -3 0 -2 0 -4 0 5 2 -2 0 1 2 1 51
-20 0 -5 0 7 2 4 2 3 55
-5 0 -10 0 4 1 2 0 -1 1 1 1 1 54
8 0 -3 0 1 1 1 0 -1 58
12 0 -1 62
17 0 -3 0 1 0 -1 0 1 2 -1 56
18 0 -1 62
20 63
20 0 1 0 -1 61
15 0 8 0 -6 0 -6 0 5 0 -1 0 1 0 -2 0 1 0 -1 54
-30 0 14 0 -6 0 7 0 -7 0 3 0 1 0 -3 2 1 0 1 0 -1 51
-31 0 -1 0 -3 0 -3 1 1 0 -1 5 1 51
-24 0 -8 0 4 0 -1 0 1 0 -1 1 -2 0 2 3 1 51
-30 0 11 0 -6 0 3 0 -2 0 1 0 -1 0 5 0 -5 0 1 0 1 0 -2 0 3 0 -2 2 1 0 -1 0 1 0 -1 44
15 0 -42 0 38 0 -1 0 7 0 -2 0 -2 0 -10 0 12 0 1 1 -1 0 6 0 -2 2 -1 2 1 4 1 39
60 0 -2 0 2 0 -2 0 1 0 -1 1 1 0 -1 55
61 0 -1 2 1 59
63 63
38 0 33 0 -1 0 -5 0 1 0 1 0 3 0 -2 2 -1 0 1 0 -1 51
-23 0 7 0 -4 0 2 0 -1 0 1 0 1 1 -1 55
-30 0 1 0 -1 2 2 58
-27 0 -5 0 -2 0 2 0 3 0 1 0 -1 0 -2 0 -2 2 1 0 1 0 1 0 1 2 -1 0 -1 45
8 0 -16 0 -37 0 -4 0 7 0 6 0 -1 0 3 0 7 0 2 2 -1 0 -3 4 -1 0 -1 5 1 38
27 0 -17 0 -20 0 5 0 -12 0 -3 0 1 0 -3 0 -1 0 -2 4 -1 3 1 1 -1 43
49 0 -1 0 -8 0 -1 0 1 2 1 0 1 3 -1 0 -1 50
24 0 29 0 22 0 -4 0 -12 0 -6 0 1 0 -4 0 -1 2 1 0 4 0 1 0 -1 1 -1 0 -1 0 -1 45
-13 0 1 0 -23 0 -1 0 13 0 2 0 1 0 8 0 3 0 3 1 1 0 2 1 1 1 1 47
-21 0 1 0 -25 0 3 1 5 1 -1 0 -2 0 2 2 -1 0 1 6 -1 43
11 0 -19 0 -20 0 -5 0 -7 0 -6 0 -1 0 1 0 3 0 -2 2 1 1 -1 3 1 45
15 0 10 0 -8 1 -1 0 -3 0 -1 0 2 0 -3 0 -2 54
14 0 -2 0 1 0 -2 0 -2 0 -1 3 -1 54
19 1 10 0 -3 0 -2 1 1 0 -1 56
7 0 5 0 3 0 1 0 1 2 1 56
-1 0 3 2 1 59
-3 0 -4 0 -1 0 3 0 -2 0 1 0 -1 0 1 56
16 0 -2 0 3 0 -4 0 1 1 -1 1 1 55
17 2 -2 0 1 2 1 56
4 0 9 0 -1 61
-9 0 3 0 1 61
-14 0 1 0 1 61
-12 0 -1 1 -1 60
-18 0 3 1 2 60
-14 0 -3 1 -1 1 1 58
-8 0 -2 0 -3 0 -1 3 1 0 1 55
-11 0 3 2 -1 0 -1 58
-15 1 1 2 -1 58
-14 0 -2 0 4 1 -1 59
-11 0 1 0 -1 0 -1 0 1 2 1 0 -1 55
-13 1 -1 1 -1 59
-11 0 -3 0 1 61
-7 0 3 0 2 0 -2 60
-17 0 2 0 1 0 2 60
-19 0 2 0 2 61
0 0 -6 1 1 1 -1 58
7 1 1 61
5 0 2 0 2 61
1 0 2 0 2 61
0 1 2 61
-1 0 1 0 2 61
-6 0 3 0 3 61
-8 0 -2 0 3 0 1 0 1 59
-2 1 9 0 -2 0 -4 0 -1 1 1 0 2 0 1 54
-19 0 13 0 20 0 1 1 1 1 -1 0 -4 0 -1 3 1 0 1 49
-33 1 18 0 1 0 1 0 8 1 -1 0 -1 0 -1 4 1 49
-16 0 -15 0 -7 0 1 0 10 0 14 0 -1 0 1 0 2 3 -2 0 -3 0 1 49
17 0 -11 0 -15 0 -3 0 -6 0 1 0 -1 0 1 0 2 0 2 2 1 0 1 50
17 0 11 0 12 0 -3 0 -9 0 -2 0 1 0 1 0 1 0 1 54
-18 0 12 0 27 0 3 0 5 0 8 0 1 0 -2 0 -7 0 -2 2 -1 0 1 0 2 3 1 45
-22 0 -3 0 14 0 -1 1 17 2 -1 0 -3 4 1 49
-19 0 -2 0 14 1 -1 0 16 2 1 0 -2 4 1 49
-22 0 2 0 20 0 1 0 -2 0 11 2 2 4 -1 0 1 4 1 44
-16 0 -5 0 29 1 -2 0 6 2 1 0 -1 3 1 50
8 0 -19 0 21 1 8 0 3 1 -1 0 1 0 -3 2 -1 0 -1 0 1 3 1 45
27 0 1 0 1 0 -1 0 3 0 1 58
25 0 2 0 -1 0 -1 1 -1 1 -1 0 1 4 1 50
6 0 8 0 -3 0 4 0 -2 2 1 56
2 0 5 1 -4 1 1 58
-12 0 -1 0 3 0 2 0 -2 1 1 1 1 55
-9 0 -5 0 11 0 3 0 -2 0 -1 0 1 57
-21 0 12 1 8 0 7 0 4 0 -2 0 2 0 -3 0 -1 1 -1 52
0 0 -13 1 -3 0 -1 0 1 0 -1 0 -1 0 2 55
-1 0 17 0 -9 0 -4 0 4 0 -1 0 1 0 1 0 -1 0 -1 54
-32 0 3 0 -4 0 4 0 -2 0 1 1 -2 0 1 55
-19 0 -11 0 -8 0 -1 0 6 0 4 1 -2 0 -3 0 -1 2 -1 5 1 45
-14 0 10 0 -30 0 -3 0 1 0 4 1 3 0 -1 0 1 2 1 0 1 50
-13 0 -21 0 -6 0 1 0 -6 0 4 0 1 1 4 0 3 1 -1 0 -1 0 -1 0 1 3 -1 45
22 0 -10 0 5 0 -3 0 -1 1 -1 0 1 0 -3 0 1 2 -1 0 1 50
25 0 5 0 -10 0 1 0 10 0 -7 0 -2 0 1 0 2 0 -1 0 1 2 -1 0 -1 2 1 0 1 45
36 0 10 0 -13 0 -9 0 -8 0 -7 1 2 0 -5 0 -3 0 -1 0 -2 0 3 0 -3 0 -1 1 1 0 -2 0 1 0 -1 3 1 1 1 38
46 0 -19 0 8 0 -7 0 7 1 -2 0 2 0 1 0 1 0 -1 1 1 4 1 0 -1 4 1 0 -1 39
58 1 -1 61
56 0 1 0 -1 0 1 60
60 0 -3 0 -1 0 -2 1 -1 58
45 0 23 0 -5 0 -7 0 2 0 -1 0 1 0 2 3 -2 0 1 3 1 47
16 0 2 2 1 59
12 0 -1 0 -1 0 1 0 -1 59
10 0 5 0 5 0 -1 0 -3 0 -1 3 1 54
1 1 8 0 3 1 1 0 -1 57
11 1 1 0 -2 1 -1 1 1 0 1 55
4 0 6 0 7 0 -1 0 -3 0 -2 2 -1 55
-11 0 2 0 9 0 3 0 4 1 1 0 -1 0 2 0 -1 3 -1 50
-17 0 -1 0 4 0 4 0 -5 0 1 0 -1 0 1 0 -1 3 -1 51
-4 0 -2 0 5 0 -2 0 4 0 -1 0 -1 0 1 0 1 5 -1 49
-2 1 2 0 -1 0 -1 0 -2 58
-5 0 2 0 1 61
-5 0 -2 1 1 0 1 59
-3 63
-3 1 1 61
-9 0 5 0 -7 1 4 0 -4 0 1 0 1 0 2 0 -2 2 1 0 -1 4 1 0 -1 44
-26 0 10 0 -13 0 1 0 -1 0 -2 1 1 0 -3 0 3 1 -1 0 1 0 -2 3 -1 46
-34 0 2 0 -4 0 -2 0 1 0 1 1 -2 0 5 0 -2 8 2 0 -1 5 -1 38
-40 0 -1 0 -3 0 4 0 -6 0 2 1 1 3 1 0 -1 5 1 45
-35 0 2 1 -2 0 1 1 1 3 -1 0 1 52
-41 0 -6 0 8 1 -4 0 6 0 -1 0 -1 0 -3 0 3 1 -1 0 -1 0 1 0 1 3 -1 0 1 44
-23 0 -5 0 16 1 -4 0 4 1 1 0 1 2 -1 1 -1 50
-18 0 4 0 27 0 -2 0 4 0 -8 1 -1 0 7 0 -5 2 1 0 4 0 -1 3 1 1 -1 3 -1 0 1 0 -1 6 1 30
-19 0 -6 0 10 0 -1 0 4 0 -10 2 -2 0 5 3 -6 0 5 3 -1 1 1 4 -1 0 2 7 1 29
-17 0 2 0 5 1 -1 0 -7 1 1 0 1 0 12 4 1 5 -3 14 1 28
-20 1 12 1 -2 0 -10 1 1 0 1 0 8 3 2 0 5 4 -2 0 -1 5 -1 0 -1 36
-24 0 2 0 19 0 1 0 -1 0 -8 2 -4 0 -7 2 1 0 4 0 1 3 1 0 3 0 2 5 1 6 -1 30
-27 0 3 0 15 0 -1 0 6 0 11 1 -2 0 -2 3 -3 0 -4 4 -1 0 -2 0 -1 4 -1 0 -1 37
-33 0 -1 0 -4 0 2 1 -1 1 2 0 4 0 2 2 1 0 2 0 1 49
-21 0 -11 0 1 2 -2 0 1 0 1 0 -1 0 -1 3 -1 0 -1 49
-14 0 -1 0 3 61
-10 0 -4 0 1 0 2 0 1 4 -1 54
7 0 -3 0 -1 0 -2 0 -1 1 -1 2 -1 54
9 1 -4 1 1 0 -2 2 1 0 -1 54
6 0 2 0 -10 1 2 0 -2 2 -1 55
0 0 3 0 -12 1 -2 0 1 0 1 0 1 0 -1 0 -1 3 1 50
-16 0 8 0 -8 0 2 0 -2 0 6 0 1 0 2 0 -1 0 -2 2 -1 51
-20 0 -4 0 4 0 1 0 -3 0 2 2 1 0 -1 3 -1 0 1 49
-9 0 -8 0 12 0 1 1 -1 1 -1 1 1 54
9 0 -6 0 4 0 -2 0 4 0 -2 2 -1 0 1 2 1 51
13 0 -2 0 1 0 1 0 -2 0 1 2 1 55
17 1 1 61
19 0 -1 62
20 63
20 63
1 0 23 0 -13 0 -4 0 6 0 -1 0 1 0 2 0 -2 0 -1 1 -1 0 2 51
-32 0 -1 0 1 0 3 0 -3 0 2 0 1 0 -3 0 4 2 -1 0 1 0 -1 50
-32 1 3 0 2 0 1 0 -1 1 1 0 -2 3 1 51
-29 0 -1 0 3 1 2 3 2 0 1 54
-35 0 1 0 -3 0 5 0 2 1 -1 0 3 0 -3 0 1 0 1 0 -2 0 2 0 -2 0 1 1 1 0 -1 0 1 0 -1 44
1 0 -21 0 46 0 -2 0 -9 0 3 0 -3 0 -6 0 13 0 -1 1 -1 0 -1 0 2 0 1 1 -1 1 3 45
49 0 -16 0 17 0 -5 0 11 0 -7 0 -1 0 4 0 -5 0 3 1 1 0 -1 0 1 0 -1 5 1 43
62 0 -2 0 2 0 -1 0 1 0 -1 2 -1 0 1 54
47 0 22 0 -7 0 -3 0 6 0 2 0 1 0 -1 0 -3 1 -1 1 1 0 1 50
9 0 -2 0 -35 0 4 0 5 0 10 0 1 1 2 0 2 0 1 0 1 0 -2 0 -3 0 -3 11 1 37
13 0 3 0 -44 0 1 1 2 0 -1 1 1 0 7 2 -1 0 1 6 -1 43
31 0 -20 0 -32 0 1 0 -11 0 -8 0 -1 0 2 1 -2 2 3 0 2 4 1 0 1 44
58 0 -2 0 -2 0 -1 0 -1 2 -1 0 -1 4 -1 50
54 0 7 0 2 0 -2 0 -6 0 -5 0 1 0 5 0 4 0 1 1 -1 0 -1 0 -1 0 -1 2 1 0 1 0 1 44
18 0 26 0 44 0 -3 0 -3 0 -5 0 1 0 -4 0 -14 2 1 0 3 0 3 2 -1 1 2 5 -1 0 -1 38
-28 0 6 0 2 0 4 0 7 0 4 0 1 0 7 0 7 0 3 0 1 0 1 0 2 0 2 0 1 1 1 2 1 44
-19 0 -10 0 19 0 -1 0 -3 0 5 0 -1 0 -4 0 -2 3 -1 0 1 0 1 49
20 0 -22 0 -4 0 -2 0 8 0 5 0 -1 0 2 0 2 0 -2 1 1 1 -1 0 1 4 1 0 -1 43
45 0 -2 0 -15 0 -2 0 1 0 -1 2 1 3 1 51
40 0 8 0 -19 0 -3 0 3 0 3 0 1 0 -1 0 -3 0 2 2 1 0 -1 50
23 1 -15 0 -1 0 -7 0 8 0 1 1 6 0 -3 2 -2 0 1 4 1 0 -1 44
21 0 1 0 -5 1 1 0 -3 1 1 56
17 0 3 0 -6 2 -4 2 1 55
12 0 2 0 -4 2 -3 2 -1 55
8 0 -1 0 -5 0 1 60
13 0 1 0 -2 0 -3 0 -1 59
15 0 -4 0 1 0 -3 0 1 59
6 0 11 1 -1 60
-12 0 4 1 1 60
-16 2 1 60
-12 0 1 0 1 0 -2 0 -1 59
-15 0 -2 0 -2 0 1 0 1 59
-8 0 -4 0 -2 0 -1 0 -1 0 -1 1 1 0 1 55
-9 0 4 0 4 1 -1 2 -1 0 -1 55
-16 0 2 0 2 0 1 0 1 59
-19 0 1 62
-18 0 -2 62
-13 0 -5 0 3 1 -1 2 -1 0 1 55
-10 0 2 0 -1 1 1 0 -1 2 -1 55
-11 0 -2 0 -1 0 1 60
-12 0 6 0 2 0 -1 0 -1 59
-22 0 1 0 2 61
-24 1 1 0 1 0 1 59
-9 0 -7 0 5 0 3 0 -1 2 -1 0 1 55
4 1 2 0 -1 0 1 59
1 0 1 0 1 61
-1 63
-2 0 2 0 1 1 -1 59
-7 0 2 0 2 61
-12 0 3 0 2 61
-11 0 -5 0 -1 0 2 0 1 0 1 2 -1 55
-3 1 -10 0 -1 0 3 0 -1 2 1 55
3 0 -6 0 -23 1 3 0 -4 2 1 0 -2 54
14 0 -5 0 -24 1 -4 0 -8 1 1 1 -2 2 1 1 -1 49
24 0 -1 0 -1 0 -2 0 -7 0 -4 2 -2 0 -1 3 -1 0 -1 49
14 0 7 0 14 0 1 0 1 0 1 1 -1 0 -2 55
-1 0 5 0 -8 0 1 0 10 0 3 1 1 0 3 3 -1 1 1 49
4 0 -8 0 -13 1 -4 0 -6 1 -1 1 -2 4 -1 49
21 0 -6 0 -8 0 -1 0 1 0 -5 3 -3 4 -1 49
26 0 1 0 -11 2 -5 3 -3 4 -1 49
16 0 7 0 -18 1 3 0 -8 3 -2 4 -1 49
0 0 5 0 -28 0 3 0 1 0 -4 1 1 0 -2 0 -1 2 -1 51
11 0 -7 0 -6 0 -4 0 -10 0 -3 3 -1 1 -1 1 -1 0 -1 49
3 0 -1 0 21 0 9 3 -4 0 -1 0 1 54
23 0 -5 0 2 0 -1 0 2 1 -1 0 1 56
18 0 15 0 -3 0 -2 1 -1 1 1 0 -1 55
4 1 -1 0 -1 0 2 0 -1 58
-4 0 5 0 -9 1 1 3 -1 55
-8 0 -5 0 -14 0 3 1 -1 1 1 0 1 55
3 0 -4 0 -8 1 -2 0 -2 2 -1 0 -1 54
8 0 -1 0 -4 1 -1 59
11 1 -1 0 -2 0 1 2 -1 0 1 55
-11 0 19 0 -12 2 1 0 1 0 2 0 -3 55
-4 0 -20 0 2 0 -6 0 -3 7 1 51
12 0 -4 0 7 1 1 0 2 1 -1 0 2 0 1 2 -1 0 1 50
-15 0 25 0 2 0 5 0 -2 0 2 2 -5 0 2 1 1 1 -1 5 -1 44
-16 0 -12 0 26 0 -2 0 -9 1 -1 0 -3 0 3 5 1 49
14 0 -12 0 15 0 -2 0 7 0 -6 0 -1 0 2 0 -3 0 3 2 1 0 -1 0 -1 49
26 0 3 0 10 0 -5 0 -2 0 1 0 1 1 1 4 2 50
36 0 -22 0 5 0 -3 0 -2 0 -5 1 1 0 1 0 1 0 1 0 2 0 1 0 -2 0 -1 2 1 46
57 0 -2 0 3 0 -1 0 1 0 -2 1 1 0 -1 0 1 54
59 0 -1 3 -1 58
58 0 2 0 2 1 -2 0 -1 3 1 54
44 0 19 0 1 0 -7 0 2 1 1 0 -1 0 -1 0 1 54
15 0 1 1 1 0 -1 59
12 0 3 1 -1 1 1 2 -1 3 1 51
4 0 -2 0 -9 0 3 0 4 0 3 0 1 0 1 0 4 0 1 2 -1 0 -1 50
6 0 2 0 -5 0 1 0 -4 0 -4 1 1 0 -1 3 1 0 1 50
2 0 3 0 3 0 1 0 1 0 1 2 1 3 -1 51
-7 0 14 0 6 0 -3 0 -2 0 -2 1 1 0 -1 0 -1 2 1 0 1 50
-27 1 -1 0 2 0 3 0 6 1 4 1 -1 2 -1 0 -1 50
-17 0 -1 1 -3 0 4 1 -1 0 -1 1 -1 2 1 51
-16 0 -9 0 1 0 3 0 -2 2 -2 0 2 55
-2 0 2 0 -2 0 -1 0 -2 0 -2 58
-9 0 3 0 3 1 -1 0 -2 3 1 54
-13 0 2 0 8 1 -2 0 -1 2 -1 55
-18 0 2 0 10 0 1 0 1 0 2 0 -1 1 -1 55
-11 0 -2 0 6 0 -3 1 -1 1 1 0 1 55
-17 0 5 0 10 2 1 1 -1 0 -2 0 -1 54
-27 0 4 0 1 0 1 0 3 0 4 2 1 0 -1 4 1 49
-30 0 -1 0 -5 0 1 1 4 2 -2 4 -1 0 1 49
-29 0 -1 0 -5 0 1 0 1 0 3 2 1 0 -2 54
-25 0 -1 0 -12 0 -1 0 -1 0 3 1 1 0 -2 4 -1 50
-29 0 3 0 -17 0 1 0 2 0 3 1 1 1 -1 2 1 0 -2 5 -1 44
-31 0 1 0 -15 0 -2 0 -1 0 6 0 1 0 -2 0 1 0 3 1 1 0 -1 1 -1 4 1 44
-35 0 -1 0 -18 0 1 1 2 2 1 0 3 3 1 5 -1 0 -1 43
-31 0 1 0 -17 0 -2 1 2 1 -1 0 -2 0 1 4 1 5 -1 43
-35 1 -19 0 1 0 -1 0 4 6 -1 7 -1 43
-29 0 -6 0 -18 0 2 0 1 0 -1 0 -1 1 3 0 -1 4 1 49
-16 0 -1 0 -17 0 -1 0 -2 0 -2 0 -1 1 -2 0 -3 4 -1 49
-18 0 -4 0 -10 0 4 0 1 0 1 0 1 0 -2 56
-9 0 -1 0 -14 0 -1 1 -1 2 1 55
-5 0 -3 0 -15 0 -1 0 -1 0 -2 7 -1 50
-4 1 -15 2 -1 2 -1 0 1 54
1 0 -7 0 -11 0 2 0 -3 2 1 0 1 0 1 3 1 50
13 0 -1 0 -1 2 -1 1 -1 56
15 0 -1 2 -1 0 -1 58
17 1 -1 0 -1 0 1 0 -1 2 -1 55
16 0 -2 0 -2 2 2 2 1 3 -1 51
18 0 1 0 -4 0 -1 0 2 0 -2 1 -1 0 1 0 -1 54
14 1 -14 1 4 0 -7 0 1 2 -1 4 -1 49
2 0 9 0 -26 1 -2 1 1 0 3 0 -6 55
-16 0 -3 0 5 0 7 0 -8 0 7 1 -2 0 2 0 -1 1 -1 1 -1 0 1 49
6 0 -9 0 9 0 -2 0 6 0 -2 1 -1 1 1 2 2 51
15 0 -2 1 -1 1 1 58
16 0 -1 0 1 61
19 0 -1 0 1 61
20 3 1 59
18 0 2 0 -1 0 -1 0 1 2 -1 56
-7 0 23 0 -19 0 -2 0 4 1 1 0 4 0 -4 0 -1 2 1 0 -1 50
-36 0 -3 0 -2 0 3 0 -5 0 1 0 1 0 -2 0 4 0 -1 1 -1 0 2 0 -1 50
-33 0 2 2 1 0 -1 1 1 56
-33 0 -3 0 2 0 -1 0 -1 2 -1 56
-31 1 -4 0 -2 0 4 0 -2 2 1 55
-32 0 -6 0 3 0 3 0 -13 0 10 1 3 0 -11 0 6 3 -3 0 2 3 -1 0 -1 0 1 4 -1 38
-8 0 -13 0 48 1 -7 0 12 0 -1 0 -1 0 9 0 -3 2 -1 0 3 4 1 0 -1 44
17 0 -10 0 49 1 4 0 -11 0 -1 0 -1 0 4 0 1 2 1 0 -3 5 1 44
36 0 -5 0 31 0 -2 0 2 0 -14 1 1 0 -1 0 6 4 -3 5 1 43
42 0 -4 0 25 0 2 0 3 0 -13 1 -2 0 -1 0 7 2 1 0 1 0 -3 5 1 43
42 0 13 0 25 0 -5 0 -10 0 -12 0 1 0 3 0 3 0 5 1 -1 0 -1 1 -2 4 -1 0 1 43
9 0 12 0 54 1 1 0 -1 0 1 0 -2 0 -12 0 -7 2 1 0 2 0 1 3 1 0 2 44
-18 0 12 0 19 1 16 0 14 0 1 1 8 0 5 2 -2 0 -1 0 1 3 -2 0 -1 5 -1 38
-31 2 -1 0 -3 0 -3 0 1 0 -1 0 1 3 1 51
-35 0 -7 0 -1 0 5 0 6 0 5 1 -3 0 -3 1 1 0 1 1 1 0 1 49
14 0 -30 0 -34 0 -2 0 -1 0 -3 0 -2 0 4 0 6 0 -1 2 2 0 1 5 1 44
56 0 -8 0 -7 0 -3 0 -6 0 -3 0 -1 0 -2 0 -2 0 -1 3 -1 0 -1 49
62 0 -1 62
63 63
43 0 30 0 18 0 -8 0 -13 0 -7 0 1 0 -1 0 3 0 1 0 -1 0 2 0 3 0 1 0 -1 2 -1 0 -2 0 -1 5 1 38
5 0 -11 0 16 0 1 0 4 1 1 1 1 0 1 3 -1 50
16 0 2 0 4 0 -1 0 2 0 -1 2 1 55
9 0 1 1 1 4 -1 55
12 0 -1 0 -2 0 -1 0 1 0 3 2 -1 0 -1 54
16 0 -2 0 -1 0 -3 0 -1 3 2 55
13 0 -4 1 1 2 1 57
7 0 11 0 -1 0 -1 60
-12 0 4 1 1 60
-16 1 -1 1 1 59
-13 1 -2 1 1 0 1 58
-10 0 -1 0 -2 0 -1 0 -1 59
-11 0 2 0 3 0 -1 0 -1 59
-16 0 2 0 1 1 1 59
-18 0 1 0 -1 2 1 58
-18 0 -1 0 -1 61
-17 0 -1 62
-16 1 -1 1 1 59
-13 0 -3 0 2 4 -1 0 1 55
-10 0 1 0 1 0 -1 0 -1 2 1 56
-21 0 6 0 4 0 1 0 1 59
-28 0 2 0 2 61
-28 0 -1 0 4 2 -1 58
-13 1 -1 0 3 60
-3 0 -4 0 3 0 -1 60
-2 0 2 0 1 61
-4 0 1 0 2 61
-8 0 2 0 2 61
-13 0 2 0 2 61
-14 0 -2 0 -3 0 1 0 3 0 1 6 -1 51
-2 0 -6 0 -5 1 -1 59
14 0 -9 0 -5 2 -1 1 1 0 1 55
28 0 -3 0 1 0 -1 0 -3 0 -2 58
24 0 7 0 10 0 -1 0 -2 0 -2 3 1 54
6 0 5 0 7 0 2 0 6 0 3 1 -1 0 -2 3 -1 51
10 0 -6 0 -7 5 1 55
22 0 -3 0 -5 0 -2 0 -2 0 -1 58
16 0 4 0 -2 0 2 0 -1 59
24 0 -8 2 -1 59
32 0 2 0 2 0 -1 1 -1 58
27 0 1 0 -1 0 1 0 1 59
25 0 1 2 -1 59
13 0 17 0 -4 0 -6 0 3 0 2 0 1 1 -2 3 1 51
-31 0 3 1 10 0 -7 0 3 1 1 0 2 0 1 0 1 1 1 51
7 0 -19 0 9 0 -4 0 5 1 -1 2 1 54
22 0 9 0 -2 0 -6 0 2 3 1 55
5 0 -2 0 -3 2 1 2 -1 55
6 0 1 0 -1 2 1 2 1 55
6 0 -2 1 1 0 -1 59
14 0 -3 1 -1 0 1 0 -1 58
16 0 1 0 -2 61
13 0 1 0 -1 1 -1 59
5 0 11 0 3 0 -5 0 -3 0 -2 0 1 1 2 55
-26 0 -2 0 22 0 7 0 -6 0 -3 0 1 0 -2 1 1 2 -1 51
-13 1 23 0 -3 1 -5 1 1 0 -1 0 1 2 1 1 -1 49
-30 0 5 0 10 0 4 0 7 0 1 1 2 4 -1 51
-33 0 1 0 -3 0 -1 0 3 0 -2 2 2 55
-36 0 -3 0 -3 0 2 0 -4 0 5 1 2 0 -7 0 3 3 -1 0 1 49
-23 0 -4 0 21 0 -2 0 -4 0 11 0 -1 0 -1 0 4 0 -1 1 -1 0 -1 0 2 50
-8 0 -9 0 31 0 -1 0 -1 0 -4 0 -1 0 -1 0 4 0 -1 2 1 0 -2 0 1 49
7 0 -5 0 32 0 -1 1 -6 2 -1 0 6 3 -1 50
14 0 -1 0 38 0 -1 0 -2 0 -5 3 6 4 -2 49
9 0 4 0 41 0 1 0 1 0 -3 1 -1 0 -3 0 1 2 1 0 2 4 -1 0 -1 0 -1 5 1 37
14 0 -7 0 16 0 -1 0 10 0 7 1 1 0 3 0 -1 2 -2 0 -2 0 1 3 -1 45
16 0 1 0 -2 0 1 0 2 0 1 2 -1 3 -1 51
17 0 1 1 -1 0 -4 0 -2 1 1 0 1 3 1 51
11 0 4 0 5 0 -1 0 2 0 2 2 -1 3 -1 0 -1 50
2 0 4 0 3 0 -1 0 -3 0 -1 1 1 0 2 0 1 3 -1 50
-17 0 7 0 13 0 4 0 4 0 1 1 -4 0 -7 0 -1 3 1 4 1 45
-7 0 -4 0 -7 0 -3 0 1 1 -1 1 4 3 1 0 1 50
-3 0 1 0 -5 0 -2 1 -1 1 -1 0 -1 0 -1 2 -1 51
-6 0 -3 0 -6 0 1 0 -2 0 -1 58
-14 0 14 0 -1 0 -1 0 -4 0 1 1 3 0 -3 0 -1 1 -1 0 1 51
-14 0 -4 0 7 0 -3 0 6 0 1 0 -1 0 1 0 1 3 1 0 -1 50
-22 0 8 0 -1 0 2 0 -1 0 3 58
-24 0 -3 0 -4 1 2 0 2 2 1 55
-16 0 -4 0 -5 1 -1 0 -1 58
-12 0 -1 0 -4 1 1 0 -1 58
-9 0 -2 0 -6 2 -2 3 -1 54
-7 0 -1 0 -5 2 -2 3 -1 54
-4 0 -1 0 -5 2 -2 3 -1 54
-1 0 -1 0 -5 2 -2 3 -1 54
1 1 -2 1 -1 0 -2 3 -1 54
0 0 2 0 1 2 -1 3 -1 54
-2 1 -2 1 1 0 -1 2 1 0 -1 54
-1 0 -1 0 -2 1 -1 0 -3 3 -1 4 -1 49
0 0 1 0 1 2 -1 3 -1 54
0 1 1 2 -1 3 -1 54
-2 0 2 0 -1 2 -1 1 1 0 -1 55
-4 0 -1 0 3 1 -1 0 1 58
-6 0 -4 0 -1 0 7 1 2 0 1 0 2 1 -1 2 -1 51
3 0 -1 0 1 2 1 58
4 0 -2 2 -1 0 2 2 1 55
7 1 2 2 1 58
7 1 3 2 1 58
8 0 -1 0 4 61
9 1 4 61
12 0 -2 0 5 61
17 0 -2 0 5 2 -1 58
21 0 -2 0 2 1 1 0 -1 58
24 0 -4 0 -2 0 1 0 -1 0 -1 1 1 0 -1 0 1 54
32 0 -3 0 -2 0 -1 0 1 59
18 0 14 0 -18 1 6 0 -2 0 1 0 2 1 -1 2 1 0 -1 50
-11 0 7 0 -12 0 7 0 -11 0 8 1 3 0 -2 3 -2 0 1 0 1 49
6 0 -15 0 11 0 -1 0 6 0 -3 1 -2 0 2 0 1 2 2 0 -1 50
13 0 1 0 1 0 2 0 -1 2 -1 56
16 0 -2 0 2 61
19 0 -1 0 1 61
21 63
19 0 2 0 -1 0 -1 0 1 0 -1 1 -1 0 1 55
-3 0 19 0 -19 0 -1 0 6 0 -2 0 1 0 2 0 -3 0 -1 2 2 0 -1 50
-36 0 8 0 -4 0 1 0 -7 0 5 0 1 0 -2 0 3 0 -2 2 -1 1 1 3 1 45
-38 0 -5 1 -2 0 1 2 1 0 1 55
-34 0 -2 0 1 1 -1 0 1 2 -1 0 1 54
-31 1 3 1 1 3 1 55
-30 0 1 0 -1 0 -1 0 2 0 -2 2 1 0 -1 54
-35 0 4 0 -5 0 1 1 -3 3 -1 54
-39 0 1 0 -4 0 1 0 -1 0 -3 1 -1 56
-37 0 -2 0 -3 0 2 0 -3 0 -1 0 -1 0 1 0 -2 0 1 2 1 0 -1 0 1 49
-34 0 3 0 4 1 2 0 3 1 -1 0 2 0 1 2 -1 0 1 50
-37 0 -1 0 1 0 1 0 -3 0 -1 2 -1 0 -1 54
-35 0 1 0 7 1 1 0 2 1 -1 0 -2 55
-35 0 -3 0 -11 0 4 0 6 0 6 0 -1 2 1 1 1 52
12 0 -31 0 -25 0 -2 0 -5 0 -3 0 -2 0 3 0 2 0 -2 2 1 0 1 50
57 0 -7 0 -1 0 -3 0 -2 0 -1 0 -1 0 -1 0 -1 0 -1 3 -1 50
61 1 1 2 -1 58
62 1 1 1 -1 0 -1 1 1 0 1 55
35 0 29 0 32 0 -2 0 -12 0 -5 0 1 0 -5 0 -7 0 1 1 1 0 6 0 3 0 -1 9 -1 0 -1 38
-19 0 10 0 9 0 5 0 9 0 5 0 1 0 4 0 6 0 3 1 1 0 2 0 3 0 1 3 1 0 1 44
-23 0 -4 0 4 0 2 0 -3 0 1 1 1 0 -1 0 1 54
-3 0 -9 0 11 0 -1 0 2 0 -1 0 -1 0 -1 0 2 55
11 0 -5 0 -1 1 2 0 -2 1 1 0 -1 0 1 54
22 0 -2 0 1 0 -2 0 -1 0 -1 1 -1 0 -1 55
21 2 -1 0 1 0 -1 2 1 55
17 0 -1 0 -1 0 1 0 -1 0 -1 0 1 0 1 56
8 0 11 0 1 0 -1 2 1 57
-11 0 2 0 -2 0 2 0 1 0 1 58
-10 0 -2 0 -4 61
-8 0 1 0 -1 1 -1 59
-11 0 2 0 2 61
-14 0 1 0 -1 1 1 0 1 58
-14 1 -2 61
-14 0 1 0 -1 61
-16 0 -1 0 -2 61
-15 0 1 0 -2 0 -1 0 -1 59
-15 0 -1 0 1 61
-15 0 1 0 -1 61
-17 0 2 3 2 58
-22 0 2 0 -2 1 1 59
-26 0 2 0 -4 2 -1 58
-29 0 1 0 -5 0 1 4 -1 55
-13 0 4 0 1 0 3 0 -1 2 1 56
-9 0 -2 0 2 0 -1 4 -1 55
-6 0 -1 0 2 1 1 59
-8 0 2 0 1 61
-13 0 3 0 2 61
-12 0 -4 0 -4 0 1 0 3 0 1 1 1 0 1 55
-1 0 -4 0 -3 0 -1 0 -2 0 -1 58
5 0 -3 0 2 0 1 0 -1 0 -2 2 1 55
13 0 -5 0 6 2 -1 2 -1 55
16 0 4 0 6 0 -1 0 -1 0 1 3 1 54
4 0 3 0 1 0 2 0 4 0 1 2 -1 3 -1 51
11 0 -5 0 -5 0 -1 0 -2 0 -1 58
17 0 -3 1 1 60
27 0 -3 1 -2 0 1 59
20 0 7 6 -1 0 -1 54
20 0 -7 0 4 1 -1 2 -1 0 1 55
28 0 -1 1 -1 0 1 2 1 56
26 0 2 2 1 3 -1 55
27 0 -1 0 -1 0 -1 60
23 0 3 0 -1 1 1 2 -1 56
-11 0 29 0 -12 0 1 1 1 0 1 0 3 0 -2 0 -1 54
-11 0 -34 0 5 0 3 3 -2 0 2 0 1 1 -1 52
28 0 4 0 -2 0 -6 0 2 3 -1 55
9 2 4 0 -2 1 1 0 -1 56
11 0 1 1 -1 0 1 59
9 1 -2 5 -1 55
10 0 -2 0 1 1 -1 0 1 58
15 0 -1 0 3 5 1 55
12 0 6 0 6 0 -3 0 -3 0 -3 0 1 0 2 0 2 0 1 54
-29 0 24 0 18 0 3 0 7 0 3 0 1 0 -4 0 -7 4 1 0 1 2 1 0 1 0 -1 44
-51 1 -2 0 -2 0 -1 0 -2 2 3 3 1 51
-53 0 3 0 1 0 -1 0 -2 0 -1 2 -2 0 1 54
-43 0 -8 0 7 0 -2 0 1 0 -2 0 -1 0 -1 56
-32 1 1 0 -1 1 -1 0 -1 2 1 1 1 52
-23 0 -3 0 -8 0 -4 0 -2 0 4 1 3 1 -1 2 -1 51
-25 0 1 0 4 0 -1 0 1 0 -3 1 -1 0 1 3 1 1 -1 49
-25 0 3 0 -2 0 -3 1 -5 3 -1 4 -1 49
-24 0 -2 0 -8 0 -3 0 1 0 -5 1 1 1 -1 4 -1 49
-19 0 -4 0 -14 0 -1 0 3 0 -4 2 -1 0 -1 54
-4 0 -13 0 -15 0 1 0 -2 0 -3 2 -2 0 -3 2 1 0 1 50
18 0 -5 0 -7 0 -2 0 -4 0 -2 2 2 0 1 3 -1 4 -1 45
11 0 6 0 6 0 4 0 -2 0 4 2 -4 3 -3 1 -1 49
-4 0 4 0 17 0 8 0 2 0 -1 1 -4 0 1 0 -1 2 1 51
-4 0 3 0 8 0 -1 0 -6 1 1 0 1 0 1 0 2 1 1 0 -1 0 1 4 -1 45
-17 0 4 0 -1 0 2 0 13 0 6 1 -1 0 -2 0 1 2 -3 0 -2 0 1 49
-5 0 -10 0 -12 0 -2 0 -7 0 -3 0 -1 0 -1 0 -1 0 -1 2 1 51
3 1 -1 61
2 1 -1 61
0 0 2 0 -1 5 -1 55
-11 0 8 0 -1 0 -2 2 1 1 2 3 -1 51
-18 0 -6 0 -1 0 -1 0 -2 7 -1 0 -1 50
-9 0 -2 0 -2 0 -1 0 3 0 -2 2 1 55
-10 0 1 0 -4 1 -1 3 -1 55
-10 0 -1 0 -1 61
-7 0 -2 0 -1 61
-3 0 -2 0 -3 2 1 58
1 0 -2 0 -3 61
4 0 -1 0 -1 1 -1 0 -1 58
2 0 2 0 2 1 -1 0 -1 58
-2 0 2 0 2 1 1 0 1 2 -1 55
-15 0 9 0 -1 0 3 0 1 0 9 0 -1 1 -4 3 -1 51
-4 0 -7 1 -3 1 2 0 -1 1 3 3 1 51
-1 3 -1 0 -1 58
-1 0 -1 0 1 0 -1 1 -1 58
-2 0 1 0 1 0 -1 4 -1 0 -1 54
-3 0 -1 0 1 1 1 0 1 2 1 55
-4 1 -2 0 1 0 2 0 1 1 -1 0 -1 55
6 0 -5 0 -5 0 -2 0 -1 0 -1 2 1 55
9 1 -3 2 -1 58
9 1 -3 2 -1 58
11 1 -1 0 -1 60
12 0 -1 0 -3 0 -1 1 -1 58
11 1 -5 1 1 59
10 1 -6 1 1 59
8 1 -6 2 1 2 -1 55
9 0 -1 0 -3 1 -1 0 3 58
11 0 -2 0 2 1 -1 0 1 2 1 55
17 0 -3 0 4 2 1 58
23 0 -6 0 5 0 2 0 -2 0 1 1 1 1 1 2 -1 51
34 0 -3 0 6 0 -1 0 2 0 -2 2 1 55
32 0 5 0 -4 0 -1 0 3 0 -4 1 -1 0 1 0 -1 1 1 1 1 50
7 0 12 0 -23 0 5 0 -3 0 2 1 7 0 -9 0 1 1 -1 0 1 0 -1 4 -1 45
8 0 -6 0 3 0 -3 0 5 2 -2 0 2 2 -1 0 3 0 -2 4 -1 0 1 44
7 0 -2 0 3 0 2 0 -1 0 1 1 -1 0 2 3 1 51
15 0 -4 0 3 1 1 59
19 1 1 61
18 0 1 0 1 61
16 0 2 0 1 61
6 0 8 0 -10 0 -1 0 6 0 -5 0 1 1 2 0 -2 4 -1 49
-20 0 13 0 -21 1 -3 0 1 0 1 0 2 0 -6 55
-40 0 5 0 -2 1 -4 0 5 1 -1 0 2 0 -2 4 1 49
-38 0 -5 0 3 0 -1 1 1 2 1 55
-33 0 1 0 1 0 -2 0 -1 0 -1 1 1 56
-37 0 -2 0 4 0 1 0 2 2 -1 56
-35 0 1 0 -1 1 1 0 -1 1 1 56
-38 1 3 0 1 1 -1 1 -1 56
-38 0 1 0 2 61
-44 0 3 0 3 0 3 0 -1 0 1 58
-39 0 -1 1 -1 0 1 1 -1 0 1 0 -2 3 1 51
-30 0 -12 0 14 0 6 0 -6 0 1 0 -2 1 4 2 -1 0 -1 1 -1 49
27 0 -23 0 20 0 -4 0 5 0 -9 0 -2 0 -1 0 -1 0 3 2 1 1 -2 3 -1 45
54 0 -3 0 6 0 -1 0 2 0 -2 2 -2 0 1 54
56 0 3 0 3 0 -3 0 -5 0 -3 0 1 0 3 0 2 0 1 1 -1 0 -1 0 -1 50
13 0 28 0 38 0 1 0 1 0 2 0 2 0 -7 0 -13 0 1 6 -1 0 1 0 3 45
-24 0 3 0 4 0 1 0 3 0 2 1 2 0 2 0 1 1 1 0 1 0 1 0 1 2 1 0 1 45
-24 0 -2 1 -1 1 -1 2 1 55
-26 2 1 8 -1 51
-21 0 -6 1 1 0 -1 0 2 58
-6 0 -5 0 5 1 -3 0 3 3 1 54
5 0 -4 0 11 5 1 55
9 0 1 0 11 0 -1 0 1 0 -1 58
7 1 5 1 1 4 1 54
4 0 4 0 1 0 -1 0 2 59
-4 1 -2 61
-4 1 -1 61
-6 0 2 0 -2 1 1 59
-10 0 1 0 -3 61
-10 1 -2 61
-10 1 -2 61
-10 0 2 0 -3 0 -1 0 -1 0 1 58
-13 0 -1 62
-12 0 1 0 1 0 -1 1 -1 58
-16 0 1 1 1 60
-16 1 1 61
-17 0 1 0 1 61
-21 0 2 62
-23 63
-22 0 -1 1 1 1 -1 58
-12 0 5 0 -1 1 1 59
-16 0 -4 0 3 0 1 0 -1 2 -1 0 1 55
-12 0 1 0 2 5 -1 0 1 54
-13 1 5 4 -1 0 1 55
-8 0 -4 0 -3 1 2 0 -1 1 1 0 1 55
-2 0 -1 0 1 1 -3 0 -2 1 -1 0 -1 55
-2 0 1 0 2 1 1 0 1 3 -1 54
-4 0 2 1 1 1 1 58
6 0 -7 1 -2 0 -3 0 -1 1 1 0 1 55
3 0 6 0 4 0 1 0 3 0 1 1 -1 0 -1 55
8 0 -9 0 -4 1 1 0 1 58
19 1 -5 2 1 3 1 54
20 0 -1 0 -3 1 -1 3 1 55
23 0 -2 0 2 0 -1 0 -1 0 1 58
23 3 1 3 1 0 -1 54
23 1 -4 0 1 0 1 0 -1 1 1 0 -1 55
25 0 -1 0 2 1 -1 0 -1 1 -1 56
28 0 -2 3 -1 58
27 0 3 0 2 1 -1 59
24 1 1 1 1 59
18 0 11 0 -5 0 -5 0 5 0 -2 0 1 0 -2 0 1 0 -1 2 1 51
-19 1 -3 0 14 0 -12 0 2 0 -1 0 2 0 -1 1 1 0 1 0 -1 0 -1 50
26 0 -11 0 4 0 -8 0 4 1 -1 3 -1 53
9 0 11 0 -1 0 6 0 -3 2 1 56
12 0 -4 0 1 0 -2 0 2 0 -1 58
9 0 3 1 1 0 -2 0 1 58
8 0 -2 0 2 1 1 59
6 0 8 0 6 0 -3 0 -5 0 -2 0 1 0 2 0 2 0 1 3 -1 50
-28 0 12 0 11 0 6 0 13 0 6 0 1 0 -6 0 -7 0 1 2 -2 1 1 2 1 0 1 45
-12 0 -15 0 -20 0 -4 0 -5 0 -3 2 3 0 -1 1 1 0 1 0 1 50
-24 0 20 0 -23 1 2 1 1 0 3 0 -3 0 -1 2 1 51
-55 0 6 0 -6 0 2 0 -5 0 3 1 -1 0 3 0 -1 3 -1 0 1 49
-50 0 -4 0 -1 0 -5 1 -1 1 1 0 -1 3 1 0 -1 50
-45 0 -15 0 -4 0 7 0 8 0 8 0 -2 0 -2 0 -4 0 -2 0 1 0 -1 1 2 0 1 49
13 0 -15 0 -20 0 -8 0 4 0 3 0 -2 0 -2 0 7 0 -1 0 -1 2 -1 50
15 0 5 0 -39 0 -1 0 2 0 -7 1 1 0 -2 3 1 0 -1 0 1 49
14 0 -2 0 -42 0 -2 0 1 0 -5 2 2 0 2 4 1 49
7 0 8 0 -32 0 -2 0 -6 0 -1 0 1 2 2 2 -1 51
2 0 -10 0 -12 0 2 0 -2 0 1 1 -1 0 1 3 -2 0 -1 50
17 1 3 0 -2 0 -5 0 -3 1 -1 0 -3 0 -1 2 1 51
13 0 2 0 4 1 3 0 1 2 1 0 1 54
8 0 3 1 -2 2 1 1 -1 55
-14 0 4 0 -5 0 7 1 -1 0 1 0 2 1 -1 2 1 51
-12 0 -3 0 -9 0 2 0 5 0 -1 0 -1 0 2 0 3 0 1 1 -1 0 -1 51
-2 0 -9 0 -3 0 1 0 -2 0 -1 0 1 0 -1 0 -2 0 -1 2 -1 51
6 1 -1 61
6 0 1 0 -1 61
4 1 -1 61
3 1 -1 61
-2 0 7 0 -4 0 -1 0 2 0 -2 1 1 0 2 55
-17 0 10 2 -1 0 1 0 -1 1 -3 3 -1 51
-16 0 -7 0 5 1 -1 2 -1 0 1 55
-7 0 -1 0 2 1 1 0 -1 58
-5 4 -1 2 1 55
-1 0 -3 2 1 0 -1 2 -1 55
3 0 -1 2 -1 0 -1 58
2 0 1 0 3 1 -1 0 -1 58
-1 0 2 0 3 1 1 0 1 2 -1 55
-4 0 1 0 1 5 1 55
-4 0 -1 0 1 0 1 1 1 2 -1 0 -1 54
1 0 -2 0 -2 0 -1 0 2 0 2 2 -1 0 -1 54
3 0 -1 0 -7 1 1 0 3 7 -1 50
5 0 1 0 -9 0 -1 1 -1 2 1 0 1 54
4 0 -3 0 -3 2 -4 1 -1 1 1 54
8 0 -1 0 -4 1 -1 0 -3 58
8 0 1 0 -2 2 -3 3 -1 54
7 0 -1 0 -1 1 -1 0 -2 3 -1 54
5 0 6 0 6 0 -1 0 -2 3 -1 55
7 0 -4 0 4 0 -2 0 2 0 -1 58
8 1 2 61
8 1 2 61
9 1 3 0 -1 0 -1 59
6 0 -3 0 10 0 3 1 -1 1 -2 56
14 0 -2 0 5 2 -1 58
17 0 -2 0 3 1 1 0 -3 2 1 55
18 0 1 0 -1 1 1 0 -1 2 -1 55
18 1 -3 61
18 1 -4 61
19 0 -1 0 -2 0 1 0 -1 0 1 1 -1 56
19 0 1 0 2 0 1 0 -2 0 2 0 -1 57
25 0 -4 0 5 1 -1 3 1 55
32 0 -2 0 3 0 -1 0 1 0 -1 58
28 0 2 0 -11 0 2 0 3 0 -5 1 2 0 -1 0 -1 2 2 0 -1 50
15 0 15 0 -13 0 -1 0 -3 0 2 1 3 0 -2 2 -1 1 1 50
3 0 -5 0 5 0 1 3 -1 0 1 2 -1 0 1 0 -1 50
13 0 -3 0 4 1 1 59
15 0 1 0 1 61
15 1 1 61
12 0 1 0 -1 0 1 0 1 0 1 1 -1 56
6 0 6 0 -5 0 1 1 4 2 -1 0 -1 2 -1 0 1 50
1 0 4 0 -11 1 3 0 -4 1 -1 0 3 0 -2 2 1 1 -1 49
-10 0 6 0 -24 1 2 0 -3 1 1 0 -3 4 -1 50
-22 0 6 0 -23 0 -1 0 -1 0 5 2 -1 0 1 2 -1 1 1 49
-34 0 5 0 -13 0 -2 0 -7 0 6 0 1 0 2 1 -1 3 1 50
-49 0 1 0 11 0 1 1 2 0 1 0 -1 1 -1 4 1 49
-52 0 1 0 4 0 1 0 1 0 3 1 2 56
-51 0 -1 0 4 1 2 0 3 1 1 0 -1 55
-54 0 1 1 1 0 -1 0 3 1 1 0 1 55
-44 0 -6 0 -1 0 -1 1 2 0 -1 0 1 56
-40 1 -3 0 2 0 2 0 -1 58
-32 0 -5 0 1 0 1 0 -4 0 2 0 -1 0 1 0 -2 0 1 3 -1 0 1 4 -1 44
-7 0 -14 0 21 0 -1 0 -5 0 11 0 -1 0 -1 0 -2 0 5 3 1 0 1 3 -1 0 1 44
-6 0 17 0 21 0 -5 0 8 0 11 1 -4 0 2 0 3 1 1 0 -2 0 -2 0 1 2 1 0 -1 0 -1 4 1 39
-27 63
-24 0 -2 0 1 0 -2 1 -1 2 1 3 1 51
-26 1 1 1 1 59
-22 0 -4 0 -4 0 1 0 2 0 1 58
-11 0 -4 0 -5 0 -1 0 -1 0 -1 58
-8 0 1 2 -1 59
-9 63
-8 1 -1 2 1 58
-7 1 3 1 -1 0 1 3 1 54
-4 0 -2 0 6 5 1 55
-3 0 1 0 3 1 1 0 -1 58
-3 0 -1 0 2 61
-2 0 -1 0 -1 1 1 0 -1 58
-4 0 2 1 1 0 -1 59
-4 0 -2 0 -4 1 2 0 1 58
-2 1 -5 1 -1 59
0 0 2 0 -2 0 -3 0 1 0 -1 2 1 55
-15 0 4 1 2 0 -2 3 -1 55
-17 1 1 1 1 0 1 58
-16 63
-17 63
-18 0 1 62
-21 0 1 62
-23 0 1 62
-23 0 -1 0 1 61
-12 0 3 62
-20 0 3 1 1 0 -1 59
-23 0 -1 0 4 0 1 1 1 1 -1 56
-15 0 -6 0 -2 1 1 2 1 0 1 55
-6 0 -1 0 1 0 -1 0 -1 3 -1 55
0 0 -7 0 -4 1 3 2 1 0 1 55
7 0 1 0 -5 1 -2 0 -1 3 -1 54
4 0 1 0 -3 2 -1 1 1 56
0 0 3 0 2 2 1 1 -1 0 -1 55
2 0 -3 0 -2 0 -1 0 -1 2 1 56
5 0 -3 0 6 0 1 0 -3 0 1 58
14 0 -1 0 10 0 -2 1 -1 1 1 0 1 0 1 54
5 0 4 0 11 0 2 0 3 0 4 1 -1 0 -4 55
16 0 -9 1 -2 1 2 2 3 3 1 51
24 1 -1 2 -1 58
23 0 1 0 2 4 -1 0 -1 55
23 0 -1 0 -2 4 1 0 1 55
23 0 2 0 3 1 -2 0 -1 58
23 0 -1 0 1 0 -1 0 2 59
21 0 1 2 -1 0 1 58
19 1 2 2 1 58
1 0 23 0 -9 0 -3 0 3 2 3 0 -2 0 -1 54
14 0 -27 0 5 0 -8 0 2 1 -1 0 -1 0 1 2 -1 0 1 51
13 0 19 0 -3 0 1 1 1 1 1 56
4 0 -8 0 4 0 1 0 -1 2 -1 56
12 0 3 1 -1 0 2 0 -1 58
-7 0 16 0 13 0 -1 0 -9 0 -3 3 1 54
-30 0 5 0 11 0 2 0 14 0 3 0 -1 0 -4 0 -3 0 2 1 1 0 -1 1 1 49
-13 0 -13 0 -6 0 -3 0 -11 0 -6 0 -1 1 1 0 -1 2 1 1 -1 49
-13 0 1 0 20 0 6 0 -2 2 -1 1 -1 2 -1 51
1 0 -6 0 8 0 -2 0 7 0 -3 58
-9 0 13 0 -18 0 -2 0 7 0 -4 0 1 1 -1 0 -1 4 -1 49
-28 0 -6 0 -23 0 6 0 -2 0 -1 1 -1 0 4 0 2 2 -3 1 1 3 -1 45
8 0 -17 0 -7 0 -1 0 -10 0 -12 0 -1 1 -2 2 -1 0 1 1 -2 49
32 0 -5 0 15 0 -1 1 -6 1 -1 1 2 4 -1 49
40 0 -2 0 13 2 -5 3 2 4 -1 49
42 0 3 0 10 0 -2 1 -1 1 1 0 -1 0 1 54
26 0 10 0 9 1 4 0 1 1 -1 0 1 3 -1 51
13 0 4 0 3 0 -1 3 -1 0 -2 4 -1 50
6 0 2 0 1 61
4 0 2 0 6 0 -2 0 -4 0 -1 0 1 0 1 0 2 0 1 54
4 0 -7 0 6 0 -2 0 5 0 -1 0 1 0 2 4 -1 51
-11 0 11 0 4 0 5 0 -3 0 -1 5 1 52
-13 0 -10 0 1 0 5 0 3 0 1 1 -2 0 1 0 1 3 -1 50
5 0 -3 0 -3 0 -1 0 -2 0 -1 1 -1 0 -1 55
7 63
8 1 -1 61
6 0 4 0 -1 0 -1 0 -2 2 1 56
-5 0 -1 0 4 0 2 0 2 0 3 0 1 0 1 3 -1 0 -1 0 -1 50
-8 0 7 0 4 0 -2 0 2 0 1 1 -1 1 1 54
-16 0 4 0 -1 0 -2 4 1 55
-25 0 1 0 4 0 2 1 -2 1 -1 0 -1 0 1 1 -1 0 1 51
-22 0 -5 0 11 0 -1 0 -1 0 -2 0 1 1 2 0 1 1 -1 52
-31 0 9 0 12 0 1 0 5 0 5 1 -2 0 -7 9 1 45
-14 0 -19 0 1 0 -5 0 -1 0 6 2 6 3 1 51
-2 1 1 1 2 0 1 58
-3 1 -1 1 1 0 1 2 -1 0 -1 54
1 0 -3 0 -8 1 2 0 3 7 -1 50
3 0 1 0 -5 1 -4 0 -3 0 -1 1 3 0 1 1 1 52
10 0 -2 0 -3 0 -1 0 -1 0 -4 1 1 0 -1 0 -1 54
11 0 1 0 2 1 -1 0 -1 2 -1 0 -1 54
9 0 1 0 3 2 1 58
5 0 3 0 2 0 -1 0 1 0 1 2 -1 55
1 0 -2 0 -3 1 -1 0 2 1 1 0 -1 55
6 0 -1 0 -1 1 1 0 1 58
7 1 -2 2 1 58
6 1 -2 2 1 58
3 0 2 0 -6 0 1 0 2 0 1 2 1 55
5 0 -3 0 -6 0 -1 0 -2 0 1 2 -1 0 1 54
4 0 1 0 -3 2 3 58
5 1 -4 2 3 58
4 0 1 0 -3 0 -1 1 3 58
-1 0 2 0 -7 0 1 1 2 1 1 1 -1 2 1 51
3 0 -2 0 -1 0 -1 0 -1 0 3 3 -1 4 1 49
5 0 -1 0 2 1 -1 0 1 2 1 0 -1 4 1 49
8 0 -2 0 4 6 1 54
10 0 3 0 8 0 -1 0 -2 0 1 2 -1 55
17 0 -7 0 7 0 -2 0 2 2 1 0 1 0 -1 54
20 0 2 0 2 0 2 0 1 0 1 1 1 0 -1 55
31 0 -7 0 -2 0 -2 0 5 0 -3 1 -1 0 2 3 1 51
27 0 7 0 -9 0 1 0 -3 0 1 2 -2 3 -1 51
21 0 -1 0 1 0 1 0 -2 0 2 58
25 0 -3 0 6 2 1 58
32 0 -2 0 5 0 -1 0 2 0 -1 1 -1 0 2 3 -1 0 1 50
9 0 20 0 -7 0 3 0 -4 0 -1 1 4 0 -4 0 -1 3 -1 50
3 0 -6 0 3 0 -1 0 2 2 1 56
11 0 -3 0 2 5 1 55
14 0 1 0 1 2 -1 58
15 0 -4 1 2 0 1 59
20 0 2 0 1 1 -1 0 -1 58
11 0 7 0 2 0 2 1 -2 3 1 54
11 0 -2 0 1 61
13 0 1 0 -1 1 1 59
4 0 13 0 -4 0 -8 0 1 0 -2 0 2 1 1 0 -1 4 -1 49
-49 0 5 0 -1 0 8 0 -3 0 -1 0 3 1 1 0 -1 0 1 1 -1 51
-53 0 2 0 2 0 1 0 1 0 2 0 1 0 -1 0 -2 0 -1 2 -1 51
-54 0 -3 0 -4 2 5 2 -2 0 -2 4 1 5 -1 43
-43 0 -5 0 -11 1 4 0 8 0 -1 1 1 0 -3 3 -1 50
-25 0 -7 0 -16 0 -1 1 3 0 -1 0 -1 0 2 55
-13 0 -5 0 -16 1 -2 0 -3 1 1 0 1 0 -1 54
-7 1 -12 2 -3 3 -1 54
-12 0 4 0 -9 0 1 0 -3 0 1 1 1 0 -3 55
-15 0 3 0 -1 0 -1 1 1 2 1 0 -1 54
-24 0 4 0 -2 0 1 0 -1 3 -1 55
-27 0 -1 0 -1 0 1 60
-21 0 -5 0 -5 0 1 0 1 0 1 58
-11 0 -3 0 -3 0 -1 0 -2 0 -1 58
-7 0 -1 62
-6 1 -2 1 1 59
-5 0 -1 0 -3 0 -1 0 -1 59
-7 0 1 6 -1 55
-9 0 2 0 -1 2 1 58
-9 1 -1 61
-9 0 -1 62
-8 63
-5 0 -2 0 1 61
0 0 -2 0 -1 0 -1 0 2 0 -2 2 1 55
6 0 -3 0 -1 0 -1 0 -2 0 -1 58
6 0 2 2 1 0 -1 2 -1 55
-3 0 6 0 -1 2 3 1 -1 0 -1 0 -1 54
-12 0 2 0 -6 0 1 1 3 1 1 0 1 0 -1 54
-13 1 -3 1 -1 59
-14 1 -2 61
-15 0 1 0 -1 61
-17 0 1 0 -1 61
-19 0 1 0 -1 61
-22 0 1 0 -1 61
-24 63
-15 0 2 0 2 61
-21 0 3 2 1 59
-19 0 -7 0 -6 0 1 0 1 0 1 1 1 1 -1 54
-6 0 -2 0 -6 0 -1 0 -1 0 1 58
-8 0 1 1 1 0 -1 2 -1 56
5 0 -11 1 -1 0 -1 59
14 0 2 0 1 0 -1 0 1 0 -2 58
6 0 5 2 -1 2 -1 0 -1 55
4 0 -6 0 -6 0 1 0 2 0 2 1 1 0 1 0 -1 54
15 1 -6 0 -2 0 -1 0 -1 3 -1 54
6 0 6 0 -5 1 -1 59
-2 1 -2 0 1 0 1 0 2 1 -1 0 -1 3 -1 51
7 0 -6 0 -3 1 -2 4 -1 54
19 0 -5 1 -1 0 1 0 1 2 1 55
23 3 1 2 -1 56
23 1 -1 1 -1 59
23 0 2 0 1 0 -1 0 -1 59
16 0 2 0 -2 0 1 0 1 0 1 58
20 0 -5 2 -1 0 1 2 1 55
26 1 1 0 -1 0 1 0 -1 58
21 0 3 0 -1 2 -1 58
17 0 2 0 -2 0 -3 0 3 0 -1 0 1 0 -2 0 2 55
8 0 -14 1 6 0 -6 1 1 0 -2 2 1 1 -1 51
20 0 14 0 -1 0 -4 0 3 2 1 56
-2 0 -2 0 1 0 2 0 -2 59
6 0 1 0 4 0 -3 1 -1 0 1 2 1 54
-35 0 24 0 -6 0 8 0 6 0 6 1 -1 0 -3 3 -1 0 1 0 1 49
-37 0 -13 0 -7 0 2 0 -10 0 4 1 2 0 2 55
3 0 -20 0 -8 0 -8 0 10 0 -7 0 1 0 2 0 3 3 2 0 1 0 -1 49
-21 0 17 0 -10 0 11 0 -6 0 -1 0 2 0 -1 0 -1 2 1 0 -1 4 -1 46
-11 0 -13 0 -13 0 -4 0 1 0 4 1 3 0 -1 0 3 3 -1 50
-1 0 -7 0 4 1 1 0 1 0 1 0 -2 0 1 2 -1 0 1 51
-14 0 21 0 4 1 -2 0 1 2 -1 0 1 3 -1 50
-33 0 -1 0 7 1 -1 0 4 3 3 4 2 5 1 43
-27 0 -7 0 6 0 3 0 3 0 7 0 -1 0 -1 0 -3 0 2 2 1 0 1 0 2 5 1 43
3 0 -16 0 -9 1 -1 0 6 0 -1 0 3 0 7 0 3 4 1 3 -1 1 1 43
18 0 4 0 7 0 -1 0 -1 2 -2 0 -2 55
11 0 1 0 2 1 1 0 1 2 1 55
9 0 2 0 2 0 -1 0 -1 0 -1 2 1 0 1 54
-3 0 7 0 9 0 1 0 -1 0 -1 1 -1 0 -2 55
-12 0 4 0 1 0 -1 0 6 0 2 1 -2 0 -2 2 1 52
-6 0 -4 0 2 1 -7 1 -2 0 -4 0 2 0 -1 1 1 52
5 0 3 0 -8 0 -1 0 4 0 -4 0 -1 0 1 0 1 0 -1 54
3 0 -1 0 -10 0 4 0 -1 0 -4 0 -1 0 2 0 -2 2 -1 0 1 51
9 0 2 0 -2 0 -1 3 1 56
7 1 2 1 -1 0 -1 2 1 55
3 0 -1 0 11 0 4 1 -5 1 -3 0 1 0 1 2 1 51
7 0 3 0 1 0 -1 0 2 0 -1 6 -1 51
-7 0 7 0 3 0 2 0 1 2 -2 0 -3 0 -1 2 -1 0 -1 50
-10 0 -3 0 -3 5 1 55
-11 0 5 0 -3 0 -2 0 1 1 1 57
-38 0 10 0 1 0 4 0 -6 0 -1 0 1 0 1 0 -1 0 1 54
-48 0 -3 0 1 0 4 0 5 0 3 6 -1 0 -1 0 1 49
-19 0 -22 0 -11 1 1 0 -3 0 -1 0 1 0 1 55
6 1 -6 0 -1 0 1 0 -1 1 -1 0 -2 0 -1 54
11 0 -4 0 -8 0 -1 0 -2 0 -2 2 1 55
13 1 -2 1 -2 0 -3 2 -1 0 -1 54
12 0 2 0 4 1 -1 0 -1 3 1 3 -1 50
0 0 9 0 -1 0 1 0 6 0 1 0 -1 0 -1 0 -2 5 1 49
4 0 -4 0 -1 0 -2 0 -1 0 5 0 -1 0 -2 1 -1 54
8 0 -2 0 -5 1 1 0 3 2 2 0 1 54
11 0 -1 0 -5 1 -1 0 -1 58
13 1 -2 2 -1 3 -1 54
12 1 -1 61
11 1 -1 61
11 1 -1 61
11 63
11 63
12 0 -1 62
11 63
11 63
13 0 -1 0 -1 61
16 0 -2 0 -2 2 -1 2 1 55
20 0 -1 0 -1 2 -2 3 -1 4 -1 49
21 1 -3 1 1 0 -3 3 -1 4 -1 49
18 0 2 0 -9 1 1 0 -3 2 -1 55
14 0 2 0 -11 5 -1 55
12 0 -2 0 -4 1 -4 0 2 3 -1 54
14 0 -1 0 4 0 1 0 -1 0 -1 1 -1 0 1 4 -1 50
19 0 -4 0 5 0 1 0 -2 0 1 1 1 0 -2 0 1 54
28 0 -2 0 10 1 1 3 3 55
31 0 -2 0 2 1 5 0 -5 1 -1 0 -1 3 1 1 -1 49
26 0 5 0 -8 0 1 0 -1 0 1 1 1 0 -2 55
21 1 1 0 1 0 -2 0 1 2 1 55
21 0 3 0 -1 0 -2 0 4 0 -1 1 -1 0 2 55
2 0 6 0 -8 0 4 0 -6 0 2 1 2 0 -3 3 -2 51
6 0 -3 0 2 0 -1 0 1 3 1 4 -1 50
10 0 -1 0 1 61
16 0 -6 1 1 60
12 0 6 0 5 0 2 0 -1 3 1 55
1 0 8 0 -3 0 -2 0 1 0 1 1 5 0 2 0 2 1 -1 0 -1 0 -2 50
3 0 -8 0 9 0 -2 0 1 0 -4 0 -1 0 -1 1 2 4 -1 49
12 0 -1 1 -1 0 1 3 -1 55
11 0 4 0 -3 0 -2 0 3 2 -1 0 1 55
-2 0 3 0 -21 0 1 0 2 0 -6 1 1 0 1 0 -2 1 1 0 1 1 -1 49
-3 0 -3 0 -21 1 -1 0 -7 3 -2 4 -1 49
3 0 -3 0 -15 1 -2 0 -7 3 -2 4 -1 49
8 0 -1 0 -6 0 -1 0 -2 0 -4 2 -1 0 -2 4 -1 49
6 0 2 0 -3 2 -1 2 -1 0 -1 54
2 0 1 0 -1 0 1 60
2 1 -1 0 -1 60
0 0 2 62
-4 0 2 0 -2 1 1 0 -1 58
-14 0 6 0 -6 2 -1 2 -1 55
-18 0 -3 0 -6 0 1 4 1 55
-10 0 -2 0 -2 0 -1 0 -1 0 -1 2 -1 55
-8 0 -1 62
-5 0 -2 0 -1 61
-1 0 -1 0 -1 1 -1 59
-3 0 3 0 2 1 -1 59
-5 0 -3 0 -1 0 1 0 1 59
-4 0 3 0 -1 61
-8 1 -1 61
-8 0 -1 0 -1 61
-7 63
-6 0 -1 62
-5 0 2 0 2 0 -1 0 -2 0 1 2 -1 55
-14 0 7 0 11 0 -2 0 -2 0 3 0 1 1 -1 2 -1 52
-9 0 -17 0 8 0 1 0 5 0 2 2 2 55
10 1 -1 1 1 0 -1 58
10 0 2 0 -3 0 -2 1 -2 3 -1 54
-6 0 9 0 -2 0 3 0 -1 3 -1 55
-12 0 -3 1 1 0 1 0 1 1 -1 0 1 55
-6 0 1 0 -7 0 -1 1 1 1 1 56
-12 0 2 0 -3 1 -1 0 1 58
-14 1 -2 1 1 3 -1 55
-16 0 2 0 -4 2 1 3 -1 54
-21 0 2 0 -3 2 1 58
-20 0 -1 0 1 1 1 0 1 1 -1 0 -1 55
-11 0 -7 0 -9 0 1 0 2 0 1 1 1 0 1 0 -1 54
3 0 -4 0 -5 0 -1 0 -3 0 -2 58
3 0 5 0 -1 0 -2 60
-6 0 -1 0 -2 0 2 0 1 2 1 56
4 0 -4 0 1 0 -1 0 -1 2 -1 56
6 0 2 0 2 0 -1 0 -1 2 1 1 1 54
-2 0 -1 0 4 0 3 0 1 2 1 0 1 3 -1 51
10 0 -6 0 9 0 -1 0 -1 0 -3 1 -1 56
17 1 8 0 -2 1 -3 58
11 0 3 0 3 0 1 0 3 3 -1 0 -1 54
10 0 -1 0 -2 1 -1 0 -1 3 -1 54
16 0 -4 0 -2 1 1 59
20 1 1 4 -1 0 -1 55
23 0 -1 2 -1 59
21 0 2 0 3 1 -1 59
17 0 -1 0 3 0 1 0 1 59
22 0 -1 1 -1 0 1 0 -1 58
20 0 1 2 -1 59
19 0 -1 0 3 1 -1 59
17 0 4 0 4 61
14 0 -1 0 2 1 1 59
7 0 3 0 -1 0 7 0 -2 1 -1 0 1 3 1 52
21 0 3 0 1 0 -8 0 1 0 -1 4 -1 53
-10 0 7 0 3 0 5 0 -1 0 1 0 1 1 -1 55
-13 0 2 0 4 0 -1 0 1 0 3 3 1 4 1 49
-17 0 -2 0 -2 0 3 1 2 1 2 0 1 0 -1 3 1 50
-16 0 6 0 -7 1 6 0 4 1 -1 0 -1 0 -1 3 -1 50
-23 0 -4 0 6 0 5 0 -18 0 5 0 -1 0 3 0 1 0 1 2 -2 0 1 0 1 2 1 0 -1 45
-34 0 18 0 24 0 5 0 8 0 -1 0 -1 0 1 0 -3 0 -1 1 -1 0 -1 1 1 49
-31 0 -6 0 19 0 -4 0 -2 0 7 0 -1 0 -2 0 -3 0 1 1 1 0 -1 5 -1 45
-7 0 -19 1 -3 0 2 0 1 1 2 0 2 0 1 1 1 0 1 51
-15 0 25 0 -1 2 -1 2 -1 55
-30 0 -8 0 -11 0 3 0 5 0 5 0 -1 1 -1 0 -3 2 -1 0 -1 0 1 3 1 45
5 0 -13 0 -11 0 -4 0 -8 0 -5 0 -1 0 1 1 -2 2 2 1 -1 49
12 0 3 0 4 1 1 0 1 1 -1 4 -1 0 -1 50
9 63
3 0 7 0 8 0 -1 0 -4 0 -2 2 1 0 1 2 1 51
-13 0 5 0 11 0 1 0 3 0 2 3 1 2 -1 0 -1 50
-14 0 -6 0 -4 0 2 0 7 0 2 2 -1 0 -1 2 -1 5 1 45
6 0 -6 0 -7 0 -2 0 -4 0 -2 1 -1 0 -1 0 -1 2 1 51
7 0 3 0 -5 0 1 0 2 0 -2 1 1 0 1 0 -1 1 -1 0 1 51
8 0 -1 0 -2 1 -1 0 1 1 -1 0 -1 55
7 1 -5 0 1 1 1 1 1 0 -1 0 1 54
14 0 -4 1 -1 0 1 2 -1 0 1 55
5 0 14 0 -4 0 -3 0 -2 0 1 0 1 0 1 0 -2 55
-15 0 -7 0 -11 0 3 0 6 0 3 0 1 0 3 0 1 2 -1 0 -1 0 -1 0 1 49
-1 0 -2 0 2 0 -3 0 -1 0 1 1 -2 0 1 2 -1 52
-4 0 2 0 -2 0 1 1 -1 58
-4 1 -1 61
-8 0 5 1 -2 1 -1 0 1 0 -1 0 1 55
-31 0 6 0 -8 0 7 0 6 0 -3 1 -2 1 -1 1 -1 0 -1 4 1 0 1 45
-29 0 5 0 -4 0 1 0 -3 0 -4 0 -1 0 -2 0 -3 0 -1 1 -1 52
-34 0 -1 0 10 0 3 0 -8 0 4 2 -3 0 1 2 -1 51
-6 0 -21 0 15 0 -5 0 5 0 -1 2 2 0 1 2 1 51
6 0 1 0 8 0 1 0 1 3 -1 4 1 50
6 0 -1 2 3 0 5 2 -1 4 -1 50
9 0 -2 0 -9 4 1 0 3 0 1 3 1 50
14 0 -2 0 -3 1 -2 0 -2 2 -1 0 -1 54
15 63
15 63
15 63
14 0 1 62
13 0 1 62
12 1 1 61
11 0 1 62
10 1 2 2 -1 3 1 4 -1 49
11 63
11 1 1 61
11 63
12 0 -1 0 1 2 -1 58
14 1 1 61
14 1 2 61
16 0 -1 0 1 61
18 0 -1 0 1 2 1 58
22 0 -2 3 1 58
25 0 -2 0 -1 61
28 1 -2 1 1 0 -1 2 1 55
26 0 2 0 -8 1 2 0 -4 2 1 0 -1 54
22 0 3 0 -12 1 -1 2 1 0 -4 0 1 54
14 0 5 0 -3 0 -1 0 -2 0 4 1 -1 0 1 0 -1 54
10 0 -6 0 1 0 3 0 -3 0 1 3 1 54
23 0 -3 0 9 1 -1 0 1 2 1 4 1 50
31 0 -2 1 -2 0 6 0 -4 2 1 3 1 51
25 0 5 0 -7 1 -3 0 2 1 1 0 -1 3 -1 0 1 50
20 3 1 0 -1 2 2 0 -1 54
27 1 -7 0 -4 0 6 0 -6 1 -1 0 -1 0 -1 2 1 0 -1 50
10 0 8 0 -5 0 3 0 -7 0 3 1 -1 0 2 0 -1 2 -1 4 -1 0 1 45
11 0 -5 0 6 1 -2 0 -1 2 1 55
3 0 12 0 6 0 4 0 -1 0 -1 0 -1 5 -1 51
-16 0 19 0 16 0 -2 0 6 1 -1 0 -4 0 -3 2 -1 0 -2 0 -1 3 1 46
-43 0 5 0 11 0 4 0 -3 0 3 0 -1 1 -3 0 2 1 -1 1 -1 0 1 49
-19 0 -20 0 27 3 -1 0 -3 0 6 0 1 54
11 0 -5 0 5 0 -2 0 5 0 -3 0 -1 0 2 0 -3 0 1 3 1 0 -1 49
13 0 2 0 1 61
10 1 1 0 1 60
10 0 1 0 2 0 -1 60
11 0 -1 62
10 0 2 0 -1 61
4 0 1 0 -1 0 1 60
4 0 2 0 1 0 -1 60
-2 0 1 0 1 0 1 0 1 59
-3 63
-8 0 3 62
-10 0 -1 62
-8 63
-7 0 -2 0 -1 0 1 60
-2 0 -2 0 -1 61
-1 0 2 0 1 0 -1 60
-7 0 2 0 1 0 1 0 1 59
-3 0 -3 62
-2 0 3 1 -1 60
-6 63
-6 63
-6 63
-5 63
-4 1 -1 0 -1 0 1 59
-18 0 15 0 -2 0 -2 0 -1 0 -1 0 1 1 -1 55
-15 0 -23 62
9 0 -1 62
10 1 1 0 -1 60
-6 0 11 0 1 0 3 0 -1 1 -1 57
-9 0 -5 1 2 2 -1 57
3 2 -2 60
-5 0 7 0 -1 0 -2 1 1 0 1 57
-7 0 -9 0 -2 0 1 0 1 3 1 55
2 0 2 0 -4 2 -2 3 -1 54
-10 0 10 0 -1 1 -3 0 -2 58
-6 0 -7 0 -9 0 -1 0 -2 0 -1 1 1 0 1 55
4 0 -3 1 -1 0 -1 0 -1 1 -1 0 -1 55
1 0 5 0 3 1 -3 0 1 1 1 56
-4 1 7 0 1 0 3 0 1 1 -1 56
0 0 -2 0 -4 0 -1 3 1 56
0 1 -1 0 1 0 -1 0 1 58
-2 0 3 0 2 2 1 1 -1 56
-4 0 2 0 -1 0 -2 0 -1 59
-11 1 1 0 1 0 -1 0 2 2 -1 55
-6 0 -5 0 4 0 2 0 1 0 2 0 -1 0 -1 0 1 0 1 54
13 0 -6 0 1 0 -2 0 1 0 -2 3 -1 54
18 0 -1 0 -3 1 1 0 -1 58
18 0 1 2 -1 3 -1 55
21 0 -2 2 -1 3 1 55
20 0 2 0 2 61
17 0 2 0 -1 1 1 0 1 58
15 0 1 0 -2 1 -1 59
16 0 -3 0 4 1 -1 3 1 55
18 0 3 0 4 2 -1 58
14 0 1 0 2 0 -1 0 1 59
10 0 2 62
14 0 -2 0 -1 0 -2 0 -1 3 1 55
9 0 10 1 -4 0 1 2 2 0 -1 2 -1 0 1 51
8 0 -5 0 8 0 -5 0 3 2 -2 1 1 2 1 51
1 0 2 0 -9 0 2 0 2 0 -1 0 1 0 1 6 -1 49
0 1 -8 1 -2 0 -1 2 1 0 -1 54
0 0 -1 2 -1 0 -4 2 1 55
4 0 -5 0 2 0 1 0 1 0 -2 2 -1 55
-5 0 19 0 -13 0 -4 0 9 0 -1 0 1 57
-36 0 2 0 -25 0 2 0 -2 0 3 0 1 2 1 2 -1 1 1 49
-36 1 -9 0 1 0 -4 0 1 0 -1 0 -2 0 1 0 1 1 -1 0 -1 51
-5 0 -18 1 -4 0 3 0 -1 0 -1 0 -2 0 -3 4 1 50
8 0 3 0 -14 0 1 0 1 0 -4 0 -1 0 2 0 5 4 1 50
10 1 -1 1 -2 0 -3 1 -1 0 -3 0 -2 4 -1 49
9 1 1 61
6 0 4 0 5 0 -1 0 -3 0 -2 1 1 0 2 0 1 3 -1 0 -1 49
-4 0 6 0 12 0 -1 1 -2 1 -1 0 -2 0 2 4 -1 49
-21 0 8 0 8 0 1 1 -2 1 1 0 1 0 2 3 1 50
-18 0 -13 0 -8 0 2 0 8 0 3 0 -1 0 2 0 1 0 -1 2 -2 0 -1 50
7 0 -5 0 -4 0 -2 0 -4 0 -2 0 -1 0 -2 0 -2 0 -1 54
11 63
11 63
11 63
12 63
13 0 -1 0 1 1 -1 59
9 0 8 0 9 0 -1 0 -2 0 -4 1 -2 0 2 2 1 0 1 0 1 50
1 1 2 1 1 0 1 1 -1 0 -2 0 -1 2 -1 0 -1 50
-3 1 1 0 2 0 1 0 1 58
-1 63
-1 0 1 0 -1 0 -1 60
-12 0 9 0 3 1 1 2 -2 0 -1 3 1 51
-20 0 3 0 1 0 -4 0 -5 0 -1 5 1 0 2 51
-29 0 -2 0 -1 1 1 1 1 0 2 0 2 55
-45 0 8 0 2 0 7 0 4 0 1 1 -2 0 -3 55
-13 0 -26 0 -17 0 -5 0 -2 0 1 0 -1 0 2 0 2 0 1 1 1 52
13 0 -4 0 -6 0 -1 0 -3 0 -3 2 -1 0 -1 54
17 3 -1 59
17 63
16 63
16 63
16 63
15 63
14 0 1 62
4 0 12 0 9 0 -2 0 -6 1 1 1 -1 0 -1 2 1 0 1 50
-4 0 -8 0 14 0 -2 0 3 0 3 1 1 0 1 0 -3 4 1 49
1 0 4 0 2 0 -3 0 6 0 2 2 -3 2 -1 1 -1 0 1 49
-6 0 -6 0 -6 0 3 1 5 1 1 0 3 0 1 2 -1 1 1 49
11 0 -3 0 -2 0 -2 0 -1 0 1 2 1 55
11 0 1 0 -1 61
10 0 3 1 -1 1 1 2 -2 3 1 51
4 0 -3 0 2 0 3 1 7 2 1 0 -1 2 -1 51
13 2 -1 4 1 55
13 2 1 60
15 0 -1 0 1 1 -1 59
19 0 -2 0 1 1 1 59
22 0 -1 0 2 1 -1 59
24 0 -1 0 4 61
27 0 -1 0 3 61
29 1 2 5 1 55
31 0 -2 0 3 1 1 0 -1 2 -1 0 1 54
34 1 -2 1 2 0 -1 2 1 0 -1 54
29 0 3 0 -12 1 3 0 -4 3 -1 3 -1 50
21 0 6 0 -12 1 -3 0 3 1 1 0 -2 3 -1 0 1 50
16 0 -3 0 2 0 1 0 -2 0 2 6 1 0 -1 0 1 49
26 0 -5 0 9 0 -1 3 -1 0 3 3 -1 51
27 0 1 0 -4 0 -1 0 4 0 -3 1 1 0 -3 0 1 2 1 51
21 1 1 0 2 0 -4 0 2 2 1 4 -1 50
27 0 1 0 2 0 -4 0 7 0 -3 0 1 0 -2 0 3 0 -1 2 1 1 -1 49
5 0 7 0 -5 0 5 0 -3 0 -1 0 1 0 -1 1 1 1 -1 52
1 0 3 0 -1 0 -6 0 2 0 -5 0 2 0 2 0 3 0 1 2 1 51
-19 0 3 0 -18 0 -6 0 5 0 2 0 2 0 2 0 -3 4 -1 3 -1 46
-48 0 10 0 -9 0 3 0 -7 0 5 0 1 0 -1 0 4 0 -2 4 1 3 1 45
-54 0 -1 0 1 1 -1 3 -1 55
-39 0 -15 0 19 0 2 0 -8 0 5 0 -1 0 -1 0 1 0 2 2 -2 0 1 0 1 49
-2 0 -13 0 17 0 -3 0 8 0 -5 0 -1 2 2 2 1 1 -1 49
8 0 1 0 3 0 -1 1 -1 2 -1 55
6 0 1 0 2 1 1 59
9 0 -3 0 1 61
9 0 3 0 2 61
4 0 2 0 1 61
3 2 -1 0 1 59
-3 0 3 1 1 0 -1 59
-4 1 1 61
-9 0 3 0 1 0 1 60
-10 0 -1 62
-8 0 -1 62
-4 0 -3 0 -1 61
-1 63
-3 0 3 1 -1 60
-8 1 1 0 1 0 1 59
-3 0 -2 2 -1 59
-2 0 3 0 1 0 -1 60
-6 63
-6 63
-5 0 -1 62
-4 0 -1 62
-3 63
-15 0 15 0 -1 0 -3 2 1 57
-12 0 -22 0 -2 3 -1 57
9 63
10 0 -1 62
1 0 9 0 -8 0 1 0 3 0 1 1 1 0 -1 55
-5 0 -3 0 -6 0 2 0 -2 0 2 58
5 1 -2 0 -3 2 -1 57
2 0 3 0 -3 0 -3 0 1 59
1 0 -9 0 -4 0 1 0 -1 59
8 0 2 0 -3 61
-10 0 18 0 -4 0 -2 1 1 0 1 1 -1 55
3 1 1 61
4 0 -2 0 -1 61
2 0 7 0 -4 0 -2 0 1 0 1 58
-11 0 -2 0 -1 0 4 0 -2 0 1 58
5 0 -4 0 -1 0 -3 60
0 0 4 0 1 1 -2 0 1 58
-2 0 -5 0 -2 0 2 0 2 2 1 0 1 55
1 0 4 0 -2 0 -1 0 1 0 -1 1 -1 56
-5 1 -6 61
-1 0 -6 0 -7 0 2 60
14 0 -4 0 -2 0 -1 0 -2 59
18 0 -1 0 2 61
19 1 2 2 -2 2 -1 55
19 0 2 0 2 0 -1 60
12 0 1 0 3 0 2 60
20 0 -5 0 1 0 -1 0 1 0 -2 58
23 0 2 0 -4 0 -1 0 1 0 -1 2 -1 55
14 0 6 0 -3 0 1 0 -2 0 1 1 1 56
11 0 -2 0 1 1 1 59
11 1 1 1 -1 59
10 0 -1 1 1 0 1 2 1 56
10 0 4 0 2 4 -1 0 -1 55
7 0 2 0 2 0 -4 0 1 1 1 0 -2 0 1 55
-10 0 -7 0 3 0 6 0 -2 0 1 0 1 0 -2 1 1 54
-4 0 3 0 7 0 2 0 -3 0 4 2 -1 0 1 3 1 50
-3 0 -2 0 8 0 -1 0 3 0 2 2 2 0 -1 3 -1 50
-6 0 4 0 -1 2 -1 3 1 54
1 0 -11 0 -1 0 1 0 1 0 -2 2 1 0 1 54
17 0 -1 0 -4 0 -2 1 -5 2 1 0 1 4 -1 49
9 0 3 0 -2 0 1 1 -7 0 2 0 -1 1 2 2 1 1 -1 49
-6 0 4 0 -21 0 7 0 6 0 -1 1 2 1 2 2 -3 5 -1 45
11 0 -5 0 -3 0 -3 0 -8 0 -5 0 -1 0 -2 0 -4 0 -1 2 1 1 -1 49
10 0 2 0 3 0 1 0 2 0 1 2 1 0 1 54
7 0 1 0 1 1 -1 3 1 55
-2 0 12 0 13 0 -4 0 -7 0 -3 0 1 0 1 1 1 2 1 51
-38 0 12 0 15 0 4 0 8 0 5 3 2 2 -2 0 -2 0 1 49
-42 0 2 0 -1 1 -2 0 6 0 -1 0 1 0 -2 0 2 1 1 0 -1 0 2 0 1 3 -1 45
-22 0 -19 0 -20 0 2 0 3 0 2 0 -1 0 5 0 7 0 1 3 1 0 1 3 -1 45
8 0 -4 0 -3 0 -2 0 -3 0 -2 1 -2 0 -2 0 -1 2 -1 0 -1 50
10 63
10 63
11 63
11 63
11 63
2 0 9 0 10 1 -2 2 -3 0 -4 3 2 0 1 50
-4 0 -5 0 -5 0 1 1 1 1 3 0 4 3 2 0 1 50
3 0 1 1 -2 60
-3 0 2 0 -1 2 1 2 -1 55
-1 0 -3 0 -1 0 -1 60
-6 0 5 0 6 1 -2 0 -1 0 1 0 -1 4 1 51
-15 0 -1 2 -1 1 1 0 4 0 2 55
-27 0 4 0 2 0 4 0 5 0 1 1 1 0 1 3 -1 51
-31 0 11 0 4 0 -4 0 -3 0 -1 1 -1 0 -1 2 1 0 1 51
-32 0 -22 0 -11 0 7 0 5 1 -1 0 1 0 2 0 -1 54
12 0 -6 0 -3 0 -3 0 -4 0 -1 0 -1 0 -2 0 -1 55
16 63
16 63
16 63
16 1 -1 61
15 3 -1 59
16 63
16 1 -1 61
15 0 1 0 -1 61
11 0 4 0 -4 0 -1 0 3 0 -2 1 -1 0 2 0 -1 54
4 0 3 0 -2 0 -4 0 -6 0 -4 0 1 0 1 0 -1 0 -2 4 -1 49
-8 0 -9 0 13 1 -3 0 -3 0 2 2 -1 0 1 53
-3 1 18 1 -1 0 -2 3 -1 54
-4 1 19 2 -2 3 -1 54
5 0 -5 0 8 0 -2 0 3 0 -1 1 1 0 1 4 -1 50
8 1 6 2 -2 3 1 54
8 1 6 2 -2 3 1 54
9 1 5 1 1 0 -2 3 1 54
10 0 -1 0 3 2 -1 3 1 54
14 0 -1 0 2 0 -1 0 1 0 -1 58
16 0 -3 7 1 54
19 0 -1 0 1 6 1 54
21 0 -1 0 1 61
22 0 -1 0 1 61
19 0 6 0 -1 0 -2 0 2 0 2 1 -1 0 -1 0 1 3 -1 50
5 0 6 0 2 0 3 0 -5 0 7 0 -1 1 -4 0 2 3 1 0 1 49
24 0 -10 0 8 0 -4 0 1 0 1 0 -1 1 3 3 1 51
35 0 -2 0 4 1 1 0 -1 3 1 54
39 0 -2 0 1 0 -1 0 1 0 -1 58
38 0 2 0 -9 0 -1 0 4 0 -4 2 1 0 -1 54
25 0 9 0 -16 0 -1 0 -2 0 3 0 1 0 1 0 -4 0 1 2 -1 0 1 50
13 0 -5 0 1 0 5 0 -6 0 4 2 1 4 -1 0 1 3 -1 0 1 44
14 0 18 0 5 0 -9 0 4 0 3 0 1 1 -5 2 -1 0 3 0 -1 50
-11 0 -11 0 19 0 3 0 -1 0 8 1 -3 0 4 0 -2 1 -2 5 1 46
-3 1 9 0 3 0 4 1 1 0 2 0 1 55
-11 0 1 1 5 0 2 0 -2 3 1 0 1 1 -2 5 -1 45
8 0 -5 1 -3 1 -1 0 -1 0 -1 0 -2 3 -1 51
3 0 10 0 -13 0 -3 0 8 0 -5 0 1 0 -1 0 2 0 -2 2 1 1 -1 49
-33 0 18 0 -23 0 2 0 -7 0 3 0 1 0 2 0 -4 0 -1 2 -2 0 1 4 -1 45
-54 0 1 0 -1 0 1 0 -1 0 1 1 -1 0 1 0 -1 2 1 0 -1 50
-50 0 -6 0 7 0 2 0 -5 0 3 0 -1 0 1 0 -2 0 1 3 -1 0 1 49
-22 0 -17 0 21 1 2 1 -1 0 -2 0 5 55
4 0 -5 0 4 0 -2 0 3 0 -2 1 1 0 -2 0 1 3 1 50
8 63
6 0 2 0 1 61
2 0 2 62
2 0 -2 62
-1 0 5 0 -1 61
-6 0 1 0 1 0 -1 0 -1 59
-10 0 1 1 1 0 1 59
-9 0 -1 62
-7 0 -2 0 -1 0 1 60
-1 0 -1 1 -1 0 -1 59
-1 63
-5 0 4 0 2 61
-7 0 -4 0 -1 0 1 0 1 59
-3 1 -1 61
-4 0 2 62
-7 63
-6 63
-6 63
-5 0 -1 62
-4 63
-16 0 15 0 1 0 -3 2 1 57
-18 0 -19 0 9 0 1 0 -2 0 -2 1 -1 0 1 55
6 0 -4 0 3 0 -1 0 2 0 -1 1 1 0 -1 55
9 1 1 61
10 0 -1 0 1 61
11 1 -1 1 1 0 -1 3 -1 54
10 0 3 0 -1 61
8 1 -1 0 -2 60
9 0 -4 0 -2 1 -1 59
12 1 -1 61
-2 0 15 0 -1 61
1 0 2 0 2 1 -1 0 -1 58
4 0 -6 0 4 1 1 0 -1 58
11 0 1 0 -1 0 -2 0 1 0 -1 58
-3 0 5 0 -3 0 4 60
4 0 -3 0 2 0 -2 60
0 0 2 1 2 0 2 59
4 0 -2 0 -1 0 -1 0 -1 0 -1 58
5 1 -1 1 1 0 -1 58
5 1 -2 5 -1 55
10 0 -5 0 -3 1 -1 2 1 56
16 0 -1 0 2 0 -1 0 -1 0 -1 2 1 55
15 1 2 0 1 0 2 4 -1 54
16 1 -1 1 -1 0 -1 58
13 0 3 0 2 1 1 0 1 1 -1 0 -1 55
11 0 1 0 -3 0 -1 1 1 2 1 55
12 0 -4 0 1 1 -2 59
17 0 -1 0 5 6 1 54
18 0 1 0 4 1 2 0 -1 1 -1 0 1 55
11 0 3 0 -1 0 1 0 -2 3 -1 55
6 0 1 0 3 0 1 0 1 2 -1 56
7 0 1 0 3 0 -1 0 -1 3 -1 55
4 1 2 1 1 0 1 58
2 0 -2 1 2 0 1 59
-9 0 7 0 -2 0 6 0 -4 1 1 0 2 56
-14 0 -5 0 5 0 6 0 4 2 -1 4 -1 51
-3 0 1 0 -1 1 -1 0 -1 58
-4 0 1 3 -1 58
-3 0 -4 0 -1 0 1 4 -1 55
-3 0 5 0 -5 0 -1 0 3 0 6 2 -3 0 3 4 1 49
-9 0 -6 0 -16 0 5 1 4 1 3 0 5 0 4 4 1 5 1 43
9 0 -1 0 2 0 -2 0 -1 0 1 1 -2 0 -1 0 1 54
7 0 1 62
4 0 3 0 4 1 -3 0 -2 2 2 0 1 54
-9 0 9 0 11 0 1 0 2 0 -1 1 -2 0 -3 0 2 54
-31 0 11 0 2 0 1 0 2 0 2 0 1 1 2 0 1 2 -1 0 1 0 1 49
-44 0 -2 0 -7 0 2 0 3 0 2 1 -1 0 -2 0 -1 1 1 1 1 50
-14 0 -21 0 -17 0 -3 0 -3 0 1 0 -1 0 2 0 6 4 1 50
8 0 -2 0 -1 0 -1 0 -2 0 -1 1 -1 0 -1 0 -1 2 -1 0 -1 50
9 63
10 63
10 63
11 63
11 0 1 0 1 1 -1 2 1 0 1 55
-1 0 8 0 9 0 1 0 2 0 1 1 -3 0 -5 3 1 0 1 4 1 45
-3 0 -5 0 -5 1 -2 0 -1 1 1 0 2 3 2 0 1 50
2 63
3 63
2 0 1 0 -1 61
-2 0 2 1 -2 0 -3 0 -1 0 1 2 1 54
-15 0 -2 0 -2 0 5 0 5 0 1 0 1 0 1 3 -1 0 -1 51
-21 0 11 0 4 0 1 0 1 2 -3 0 -3 0 1 54
-28 0 -2 1 -1 0 -3 1 1 0 1 0 1 55
-39 0 3 1 6 0 5 0 1 6 -1 51
-6 0 -26 0 -7 0 -5 0 -2 0 -1 1 2 1 -1 2 1 51
14 0 -1 0 1 2 -1 3 1 54
15 0 -1 0 1 61
16 63
17 63
17 3 -1 0 -1 58
14 0 2 0 2 2 -2 2 1 0 1 54
11 0 2 0 7 1 -2 0 -4 3 1 4 -1 49
6 0 2 0 11 1 -1 0 -2 2 -1 55
1 0 2 0 12 5 -1 55
-3 0 2 0 11 2 1 58
-7 0 4 0 6 0 -2 0 3 0 2 0 1 0 -1 1 1 2 -1 51
-31 0 3 1 5 0 -3 0 2 0 2 0 -1 1 1 2 -1 51
-32 1 2 2 2 3 1 54
-32 0 -2 0 3 0 3 2 -1 0 -1 0 1 0 1 54
-14 0 -3 0 4 0 -2 0 -1 0 -2 0 -1 0 -1 1 2 54
-11 0 -1 0 2 1 1 3 -1 0 1 54
-9 0 -1 3 1 58
-6 0 -2 0 -1 2 1 58
-1 0 -2 3 1 3 1 54
4 0 -2 0 1 1 -1 0 1 3 1 54
7 0 -1 0 3 2 2 58
9 0 -1 0 4 2 1 58
11 0 -1 0 6 2 1 58
14 0 -1 0 6 61
16 0 -1 0 6 2 -1 58
16 0 2 0 2 1 1 0 -2 58
17 0 -2 0 1 61
22 0 -3 0 2 0 1 0 -1 0 1 58
27 0 -1 0 5 1 -1 0 2 2 -1 55
31 0 -6 0 12 0 2 0 1 0 -1 1 -2 0 1 3 1 0 -1 50
42 0 -3 0 6 1 1 0 -1 1 -1 0 1 55
24 0 33 0 2 0 -13 0 -7 0 -3 0 3 0 7 0 -2 0 -1 0 -1 0 -2 0 1 3 1 47
-8 0 -7 0 22 0 -7 0 6 0 -2 2 -2 0 1 1 1 0 2 51
-20 0 5 0 5 0 5 0 -2 0 1 2 3 0 -1 1 2 1 -1 4 1 45
-11 0 4 0 5 0 -7 0 -4 0 -3 2 -2 2 1 0 1 0 1 0 -1 49
-15 0 -12 1 4 0 2 1 -1 1 2 2 1 52
7 2 -1 0 -3 1 -1 5 -1 51
9 1 3 0 -1 60
5 0 3 0 -1 0 -1 0 3 0 -1 1 -1 0 2 0 -1 2 -1 0 1 50
-17 0 17 0 -23 0 -1 0 4 0 -3 0 1 0 2 0 -4 0 -1 2 1 0 -1 50
-47 0 7 0 -10 0 3 0 -7 0 4 1 -1 0 4 0 -1 2 -1 5 1 45
-42 0 -3 1 -2 1 -3 1 -1 0 -1 0 1 2 1 0 -1 50
-34 0 -10 0 15 0 3 0 -8 0 4 1 -1 0 1 0 1 2 -2 0 1 50
-4 0 -12 0 16 0 -2 0 7 0 -5 0 -1 2 1 2 1 1 -1 49
5 0 2 0 1 1 1 3 -1 55
1 0 1 62
0 0 -1 1 1 0 -1 59
1 0 2 1 -1 60
-8 0 2 1 1 60
-9 1 -1 61
-9 0 -1 1 1 60
-4 0 -3 62
-2 0 1 0 1 61
-4 0 2 0 1 1 -1 59
-8 1 -1 0 1 0 2 59
-3 0 -2 0 -1 0 -1 0 -1 0 -1 58
-2 0 1 0 1 61
-5 0 2 0 1 61
-7 63
-6 0 -1 62
-4 1 -1 0 -1 60
-5 2 1 60
-5 63
-16 0 14 1 -3 0 1 1 1 57
-35 0 -1 0 1 0 2 0 -3 2 1 56
-11 0 -16 0 9 0 -1 0 1 0 -2 0 -1 0 -1 0 1 0 1 54
7 0 -2 0 2 1 2 0 -1 2 -1 0 1 54
10 1 -1 61
12 0 -1 62
11 0 3 0 1 2 -1 58
10 0 -1 1 -1 0 1 0 -1 58
12 0 -1 0 -2 61
13 63
-1 0 14 62
-21 0 2 0 19 0 -1 0 1 0 -3 3 2 4 -1 49
-26 0 -1 0 21 1 -2 0 -2 2 -1 0 2 54
-21 0 -3 0 26 2 -2 1 -1 0 1 0 2 54
-18 1 18 0 1 0 2 0 -3 3 2 4 -1 49
-12 0 -6 0 11 1 4 2 -1 0 -2 55
-2 0 -4 0 -1 1 1 0 1 1 1 56
2 1 -1 1 -1 0 2 58
3 0 -2 0 1 1 1 0 1 1 -1 56
10 0 -4 0 -3 4 1 0 1 55
13 0 2 0 2 1 -1 0 -1 58
10 0 -2 0 -1 0 1 0 3 0 1 58
17 0 -1 0 -1 0 -1 0 -2 0 -1 58
13 0 4 0 2 2 1 2 -1 55
13 0 -5 0 -1 2 1 1 1 0 2 55
19 2 -1 0 1 0 -2 1 -1 56
14 0 3 0 -3 0 1 4 -1 55
9 0 3 0 1 1 -1 59
3 0 2 0 5 1 -1 0 1 58
0 0 2 0 9 0 -1 4 1 55
-3 0 -2 0 6 0 1 0 1 0 -1 58
-1 0 2 0 3 61
-1 0 -2 0 2 61
3 0 -5 0 -2 0 2 0 2 0 1 1 1 56
-6 0 24 1 -4 0 -2 1 1 0 1 0 -1 1 -1 1 1 51
-24 0 -21 1 1 0 1 0 1 0 1 0 1 0 1 55
-3 0 -1 0 -1 0 1 0 1 59
0 0 -1 0 -3 2 -1 58
3 0 -4 0 -2 0 2 1 -1 1 -1 56
9 1 1 1 -1 0 -1 2 -1 55
6 0 2 0 3 6 1 54
2 0 -1 0 2 0 1 0 1 0 1 58
-5 0 10 0 12 0 2 0 -6 1 -1 0 -2 0 1 2 1 52
-23 0 26 0 5 0 -5 0 -1 0 3 1 2 0 -4 0 3 2 1 0 -1 50
-45 0 -13 0 4 0 5 0 1 0 4 1 1 0 3 0 2 3 1 0 1 49
-26 1 -3 0 1 0 5 1 -1 0 -1 0 -1 0 -1 1 1 1 1 50
-8 0 -15 0 -16 0 -1 0 -5 0 -2 1 2 0 3 0 -1 2 1 0 1 50
8 0 -1 2 -1 3 -1 55
9 63
9 63
9 63
10 63
10 0 1 0 2 0 -1 0 -2 0 -1 1 1 0 1 0 1 2 -1 0 -1 50
-4 0 7 0 8 0 2 0 5 0 2 1 -3 0 -4 3 -1 51
-2 0 -5 0 -4 0 -1 0 -3 0 -1 6 1 5 1 45
0 0 2 0 2 0 -1 0 -2 0 -1 1 1 0 1 55
-11 0 5 0 7 0 2 0 1 0 1 2 -1 3 -1 51
-3 0 -8 0 5 0 -2 0 3 0 -1 58
3 0 -1 62
-2 0 7 0 -2 1 1 4 1 2 -1 0 -1 50
-18 0 12 0 9 0 -4 0 -4 0 1 1 -3 0 -6 0 -2 1 1 0 1 5 1 45
-31 0 -4 0 -3 0 1 1 3 1 2 0 1 0 1 2 1 51
-24 0 1 0 -3 0 -3 0 5 0 -1 1 -2 1 1 2 2 51
-20 0 -14 0 -20 0 2 0 2 0 5 2 2 0 -1 2 -1 0 -1 50
9 0 -8 0 -8 0 -4 0 -5 1 -1 0 -2 0 -1 55
11 0 1 0 -7 0 2 0 1 0 1 1 2 0 1 0 2 54
14 1 -1 1 -1 0 -1 3 1 54
12 0 3 0 7 0 -1 0 -3 0 -3 2 1 0 1 4 -1 49
2 0 6 0 19 1 -3 0 -5 3 2 54
-12 0 6 0 23 5 -3 0 -1 54
-24 0 5 0 19 0 1 0 3 0 5 1 -1 0 -1 0 1 3 -1 50
-29 0 -1 0 8 0 1 0 1 0 5 2 1 0 2 4 1 49
-24 0 -4 0 10 0 1 0 -1 0 2 2 2 3 -1 0 1 50
-27 0 9 0 7 0 2 0 1 0 3 1 1 0 -4 0 1 2 -1 1 1 49
-30 0 2 0 6 0 -2 0 3 0 6 0 -1 2 -1 1 -1 1 -1 0 1 49
-25 0 -9 0 10 0 -1 0 -1 0 1 1 -2 0 2 55
-22 0 5 1 1 0 2 0 -3 0 1 0 1 56
-33 0 -2 0 5 0 2 1 -2 1 -2 0 1 55
-37 0 2 0 -6 0 4 0 2 0 2 1 1 0 -2 55
-29 0 -1 0 -7 0 -1 1 5 8 1 49
-14 0 -11 0 -3 0 -4 0 -2 0 2 1 -1 0 2 3 1 51
-5 0 -1 0 -2 0 -1 0 -1 2 1 0 1 55
-2 0 -4 0 -1 0 -1 0 2 0 -1 1 1 0 -1 55
3 0 -1 0 -2 61
5 0 -1 0 -1 61
6 63
6 63
6 63
6 63
5 0 2 0 2 0 -1 0 -2 0 -1 1 1 0 1 0 1 54
3 0 1 0 5 0 1 1 1 0 -1 0 1 0 -1 0 -1 2 -1 51
8 0 -3 0 6 1 1 0 1 2 -1 0 1 54
12 0 -2 0 7 1 -1 0 1 2 1 55
19 0 -4 0 8 2 -2 2 1 55
24 0 -2 0 2 0 1 0 2 0 -3 1 1 0 -1 3 1 1 -1 49
29 0 -2 0 3 1 -1 0 1 58
22 0 18 0 -4 0 -11 0 12 0 1 0 2 0 -6 1 1 0 -1 0 1 1 -1 2 -1 47
-32 0 13 0 -21 0 2 0 -16 0 11 1 1 0 -5 2 -1 0 -2 0 3 0 1 49
-41 0 1 0 19 0 -3 0 1 0 2 0 1 0 -3 0 7 0 -3 1 -1 0 2 0 -1 0 1 49
-46 0 -5 0 15 0 2 0 -1 0 1 1 -1 0 2 0 1 2 -1 1 1 49
-16 0 -28 0 5 0 4 0 10 0 -3 2 -1 2 -1 52
14 0 5 0 -4 0 -2 0 2 2 -1 1 -1 2 1 51
5 0 1 0 -2 1 -2 0 1 1 -1 0 1 55
5 0 -1 0 1 61
6 63
-2 0 11 0 -11 0 -3 0 7 0 -4 0 1 0 -1 0 2 0 -1 2 1 1 -1 49
-36 0 15 0 -19 0 2 0 -7 0 4 0 1 0 2 0 -4 3 -1 0 1 0 1 49
-45 0 -4 0 2 0 -1 0 1 0 -1 1 -2 0 3 3 1 51
-47 0 -1 0 5 0 3 0 -7 0 2 1 1 0 -3 0 2 3 -1 50
-24 0 -16 0 23 1 2 1 -1 0 -3 0 5 0 1 2 1 51
-1 0 -2 0 3 0 -2 0 3 0 -1 1 2 0 -2 55
-1 1 1 61
0 0 1 0 1 0 -2 60
-7 0 1 0 -1 0 1 60
-8 0 2 62
-11 0 2 1 -1 0 -1 0 1 2 -1 55
-11 0 -2 0 3 2 2 58
-9 0 -1 0 2 0 1 1 2 2 1 55
-7 0 1 2 1 59
-6 0 -1 0 -1 1 -1 59
-5 1 1 61
-5 1 1 61
-8 0 2 0 1 61
-8 0 -1 0 1 61
-7 0 -1 62
-5 0 -1 0 1 61
-6 0 1 62
-6 1 1 61
-14 0 10 0 -1 0 -1 0 3 1 1 1 -1 55
-30 0 6 0 -7 0 -1 0 -1 0 3 1 1 1 -1 2 -1 0 1 50
-34 0 -5 0 2 1 -3 0 2 2 -1 4 -1 0 1 49
-18 0 -10 0 14 0 1 0 -3 0 2 0 -1 1 2 0 1 54
1 0 -6 0 12 0 -1 0 3 0 -3 2 1 0 1 54
9 0 -1 0 4 0 -1 0 1 0 -2 2 -1 0 1 54
7 0 1 0 1 1 1 59
9 0 -3 0 -1 2 1 58
13 0 -1 1 -1 60
14 63
-4 0 16 0 3 0 1 0 -1 59
-61 1 1 2 2 3 1 54
-61 4 1 3 1 54
-61 4 1 3 1 54
-53 0 -12 0 -4 0 5 0 5 0 4 0 -1 0 -2 0 -2 3 -1 1 1 2 1 46
-11 0 -15 0 -9 0 -3 0 -4 0 -1 0 -1 1 1 55
3 0 -2 2 -1 0 -1 58
4 0 4 0 1 0 -1 3 -1 0 -1 55
6 0 -6 0 -3 4 1 0 1 55
11 0 2 0 3 4 -1 0 -1 55
10 0 -2 0 -3 0 1 0 2 0 1 1 1 0 1 55
15 0 -1 1 -1 0 -2 0 -1 58
11 0 4 0 6 1 -1 0 -1 58
10 0 -5 0 6 0 1 0 2 0 -2 2 1 55
15 0 1 0 1 0 -1 0 1 0 -1 2 -1 0 1 54
10 0 2 0 2 1 -1 0 1 3 1 54
7 0 1 0 6 0 -1 0 -1 0 1 58
2 0 2 0 3 1 2 59
-4 0 3 0 1 61
-9 0 2 62
-13 0 -1 0 1 0 2 0 -2 59
-8 0 -1 0 3 1 1 59
-5 0 -2 0 1 0 1 60
6 0 -6 0 1 0 -1 0 -2 0 -1 58
-3 0 19 0 -2 0 -5 0 2 0 -1 2 1 55
-21 0 -12 0 2 1 -5 0 -2 0 1 1 1 0 1 2 -1 51
-10 0 2 0 15 0 -1 0 -3 0 -6 3 1 4 -1 49
-22 0 6 0 27 1 -2 0 -4 0 1 1 -2 0 1 3 1 5 -1 44
-24 0 -15 0 21 0 7 0 6 0 -1 0 1 0 -1 0 1 4 -1 50
2 0 -2 0 4 0 -1 0 2 0 -1 1 1 56
2 0 1 0 -1 0 1 0 1 59
1 1 1 0 1 0 -1 0 -1 58
-9 0 19 0 -5 0 -5 0 4 2 2 0 -2 2 -1 0 1 51
-43 0 6 0 3 0 1 0 2 0 4 1 -2 0 5 0 1 1 -1 0 -1 1 1 49
-40 0 -10 0 -9 0 5 0 4 0 4 0 -1 0 -1 0 -4 0 -1 2 -1 4 1 46
-3 0 -12 0 -11 0 -3 0 -5 0 -2 0 -1 0 1 0 2 0 -1 2 1 0 1 50
7 63
8 63
8 63
9 63
10 63
8 0 4 0 3 0 -2 0 -3 0 -2 1 1 0 2 0 1 54
-6 0 4 0 5 0 3 0 7 0 3 1 -1 0 -2 3 -2 0 -1 50
-2 0 -4 0 -3 0 -1 0 -3 0 -1 1 -1 0 -1 55
-1 0 3 0 2 0 -2 0 -2 2 1 56
-14 0 3 0 4 0 1 0 4 0 2 6 -1 51
-17 1 -3 0 2 0 3 0 3 1 -2 0 -1 0 -1 2 -1 51
-3 0 -8 0 -6 0 -2 0 -4 0 -1 6 1 51
1 0 4 0 3 0 -2 0 -3 0 -2 1 1 0 2 0 1 2 -1 0 -1 50
-28 0 18 0 22 0 3 0 1 2 -4 0 -5 0 1 54
-26 0 -7 0 6 0 -7 0 4 1 -1 1 1 0 -2 2 1 51
-22 0 -4 0 -7 0 2 0 4 0 6 0 -1 2 -2 2 -1 0 -1 0 1 49
2 0 -12 0 -15 0 -3 0 -2 0 -3 0 -1 0 2 0 1 0 -2 2 1 51
16 0 -2 0 -2 0 -1 0 -1 2 -1 0 -1 0 -1 3 -1 50
18 2 -1 0 -1 0 -1 2 1 55
13 0 7 0 7 0 -2 0 -3 0 -2 1 1 56
-10 0 11 0 16 1 1 0 3 0 1 0 -1 0 -4 0 -1 54
-28 0 4 0 8 0 3 0 4 0 5 1 -2 0 1 0 1 1 1 0 1 1 1 49
-23 0 -5 0 -12 1 2 0 2 1 1 0 3 55
-16 0 -1 0 -11 1 -1 0 -4 3 -1 54
-18 0 2 0 -12 1 1 0 -4 1 1 0 -1 0 -1 2 1 0 -1 50
-27 0 6 0 -7 1 -3 0 2 6 -1 51
-33 63
-28 0 -8 0 2 0 2 1 -1 1 -1 0 1 0 -1 1 1 52
-15 0 1 0 -2 0 -6 0 -1 0 -3 0 1 1 -1 0 -1 2 1 51
-35 0 5 0 -5 0 3 0 -1 0 6 0 1 1 -2 0 -1 1 1 0 -1 51
-29 0 -1 0 -3 1 2 0 2 0 -1 0 -2 0 1 0 1 2 1 0 -1 50
-32 0 -2 0 -14 0 3 1 3 2 1 0 1 1 -1 1 1 50
-21 0 -1 0 -6 0 -2 0 -1 3 -1 2 -1 0 1 51
-10 0 -7 0 -1 0 -2 1 1 0 -1 1 1 55
-2 0 -2 0 -3 61
2 0 -1 0 -3 0 -1 1 -1 1 -1 0 1 0 -1 54
4 0 -3 0 -3 0 -1 0 -2 0 -1 1 -1 0 -1 55
6 1 -1 61
7 63
7 63
7 63
6 63
6 0 1 62
0 0 7 0 -1 0 1 2 -1 0 1 4 -1 51
-5 0 8 0 8 0 -2 0 -6 0 -2 2 1 3 -1 0 1 50
-4 0 -12 0 4 0 -1 0 4 0 -1 0 1 0 2 0 -2 3 -1 51
5 63
5 63
7 0 -1 0 3 1 -1 0 2 2 -1 0 1 54
9 1 14 0 1 0 -5 1 -1 0 -1 0 3 0 1 54
21 0 -6 0 11 0 -1 0 5 0 -5 2 -1 0 1 2 1 0 -1 0 -1 49
21 0 7 0 -5 0 -3 0 4 0 -2 0 1 0 -1 4 -1 0 2 0 -1 49
-13 0 16 0 -22 0 2 0 5 0 -5 0 1 2 -2 2 1 0 -1 50
-40 0 12 0 -25 0 -1 0 -5 0 4 1 2 0 -4 3 -1 0 2 0 1 3 -1 45
-22 0 -38 0 -1 0 2 0 -7 0 -3 1 1 0 1 0 1 2 2 0 -1 3 1 0 -1 0 1 44
18 0 -1 0 2 0 -2 0 3 0 -1 1 1 0 -1 55
12 0 4 0 -2 0 -1 0 2 1 1 1 1 55
3 0 2 1 1 0 -2 2 -1 0 1 55
3 1 2 61
2 0 1 0 2 61
0 0 2 0 -2 0 -1 0 3 0 -1 1 -1 0 2 0 -1 3 1 50
-21 0 16 0 -21 1 3 0 -2 0 1 0 3 0 -5 3 1 0 -1 50
-50 0 8 0 -6 0 3 0 -5 0 4 1 -1 0 4 0 -1 8 1 45
-52 0 -6 0 -2 0 3 0 2 0 1 0 -1 1 -1 55
-27 0 -8 0 11 0 -2 0 -4 0 3 0 -1 0 -3 5 1 50
-5 0 -9 0 1 0 -3 0 3 0 1 1 1 0 2 55
0 0 1 0 -1 1 -1 59
-4 0 2 0 -1 4 1 56
-8 2 2 0 1 59
-7 0 2 1 -1 0 -1 0 -1 58
-8 0 -2 1 1 60
-4 1 -1 2 -1 58
-5 1 -1 61
-6 0 1 0 1 61
-7 0 -1 62
-5 0 1 62
-9 0 3 0 1 2 -1 58
-12 1 -1 0 1 3 1 1 1 54
-9 0 -1 0 1 61
-8 63
-7 63
-8 0 2 0 -1 0 -1 0 1 59
-18 0 6 0 2 1 -4 0 1 0 1 0 1 0 1 3 -1 51
-16 0 -6 0 10 0 -2 0 4 0 -4 1 -1 0 2 5 -1 49
-14 0 1 0 -8 0 -1 0 3 0 -4 1 1 0 -2 55
-20 0 3 0 -11 1 -1 0 1 2 -2 55
-25 0 2 0 -2 1 -3 0 3 8 1 49
-21 0 -6 0 12 1 -3 0 3 1 -1 0 1 0 1 54
-14 0 -3 0 20 0 2 0 -2 0 -1 2 2 55
2 0 -9 0 13 0 -1 0 4 0 -4 0 -1 2 1 4 -1 49
12 0 1 0 3 0 -2 1 -1 1 1 0 -1 0 1 54
6 0 1 0 9 0 1 0 -1 0 -3 1 -1 0 1 0 1 54
-16 0 22 0 6 0 -2 0 1 0 -1 0 1 0 1 0 -3 0 1 2 1 51
-50 1 -9 2 -1 58
-49 1 -10 1 1 59
-48 0 -2 0 -14 0 2 0 2 0 2 0 -1 0 -1 0 -1 0 -1 1 1 52
-20 0 -16 0 -13 0 -3 0 -7 0 -3 0 -1 0 1 0 1 0 -1 2 1 51
-3 0 -4 0 2 2 -1 58
0 1 1 0 1 0 1 3 -1 55
3 0 -2 0 -1 4 1 0 2 55
2 0 2 0 6 1 -1 2 -1 0 -2 55
3 0 -1 0 3 1 -1 2 1 0 1 55
4 0 -1 0 7 1 -1 3 1 55
3 0 2 0 9 1 1 0 -1 1 -1 0 -1 0 1 54
-1 1 1 0 1 0 2 3 1 0 1 54
-1 0 1 0 1 1 -2 3 -1 55
1 0 -2 0 6 1 -1 0 1 3 1 54
2 0 1 0 6 1 1 0 1 58
-3 0 2 0 3 2 1 58
-5 0 1 0 3 61
-8 0 1 0 2 1 1 59
-12 0 2 0 2 0 1 0 1 59
-14 0 3 5 1 56
-14 0 -1 0 2 0 -1 60
-8 0 -7 0 -1 0 1 0 1 0 1 58
1 0 3 0 3 0 1 0 -3 0 -1 0 -1 57
-17 0 20 0 13 0 1 0 2 0 -1 0 -1 0 -3 0 -2 0 1 54
-38 0 12 0 3 0 -4 0 -1 0 3 1 -1 0 -2 0 1 54
-53 0 -3 0 -1 0 1 0 1 0 2 2 3 0 2 4 1 5 1 43
-54 0 4 3 -3 2 -1 55
-57 0 -4 0 4 0 4 0 -4 0 1 0 -1 0 2 0 -2 2 -1 0 1 51
-16 0 -23 0 11 0 -5 0 7 0 -1 0 -1 1 1 3 1 51
1 0 2 0 2 0 -1 4 -1 55
-4 1 1 2 1 2 1 55
-1 1 1 0 -3 0 1 0 -1 0 1 0 -1 0 1 55
-22 0 5 0 -11 0 7 0 4 0 -1 0 1 0 -1 1 -1 1 1 0 -1 51
-1 0 -12 0 -11 0 -3 0 -7 0 -3 0 -1 1 -1 0 -1 2 1 51
8 63
7 63
3 0 2 0 2 0 1 1 1 2 -1 55
7 0 -2 0 1 0 -1 0 1 59
9 63
6 0 6 0 6 0 -2 0 -5 0 -2 1 1 0 2 55
-8 0 1 0 2 0 2 0 8 0 3 1 1 0 1 3 -2 0 -1 50
-2 0 -2 0 -2 0 -1 0 -2 0 -1 1 -1 0 -1 0 -1 54
0 63
0 0 2 0 -2 0 -2 0 2 0 -1 1 -1 0 1 55
-10 0 2 0 -6 0 3 0 -1 0 1 1 -1 0 -1 0 -1 2 -1 51
-1 0 -4 0 -4 0 -1 0 -3 0 -1 6 1 51
-1 0 6 0 6 0 -3 0 -5 0 -2 0 1 0 2 0 2 0 1 3 -1 50
-33 0 16 0 16 0 4 0 9 0 4 1 -5 0 -7 3 -1 5 1 45
-35 0 -12 0 -20 0 2 0 3 0 3 0 -1 0 1 0 3 0 -1 54
-3 0 -13 0 -14 0 -2 0 -3 0 -2 0 -1 0 -1 0 1 0 -1 3 1 50
17 0 -5 0 -8 0 -1 0 -1 0 -1 2 -1 0 -2 54
21 0 2 1 -1 0 -3 0 -2 2 1 0 1 54
15 0 3 0 6 2 -1 2 -2 55
9 0 2 0 3 1 2 0 1 2 1 0 1 54
-7 0 15 0 4 0 1 1 1 1 -2 0 -1 55
-21 0 2 0 -1 61
-13 0 -13 0 -11 0 1 0 1 0 -1 1 4 0 2 0 -1 2 1 51
-2 0 1 0 -4 6 -1 54
-4 0 1 0 -4 61
-6 1 -2 5 1 55
-9 0 3 0 -4 0 -1 0 2 2 -1 0 1 0 -1 54
-27 0 8 0 -6 0 3 0 -3 1 1 57
-31 0 -2 0 -1 0 2 0 -1 1 -1 0 1 56
-12 0 -5 0 -2 0 -3 0 2 1 -1 0 1 56
-10 0 1 0 -5 2 -1 58
-18 0 5 0 -4 0 6 0 -2 0 -1 0 -2 0 1 1 1 3 -1 50
-11 0 1 0 -1 1 -1 0 -3 1 1 0 -1 0 2 4 -1 49
-12 0 -3 0 2 0 1 1 -3 2 2 0 3 4 -1 49
-6 0 -2 0 6 1 -2 0 -6 3 2 4 -1 49
-3 0 -1 0 10 2 -6 3 3 4 -1 49
-2 1 12 2 -7 3 3 4 -1 49
0 0 -1 0 11 1 1 0 -7 3 3 4 -1 49
2 0 -1 0 9 1 1 0 -5 2 -1 0 3 4 -1 49
4 0 -1 0 5 1 1 0 -3 2 -1 0 2 4 -1 49
6 0 -1 0 2 1 1 0 -2 2 -1 0 1 4 -1 49
6 1 1 2 -1 58
7 63
6 0 1 62
4 0 2 0 -1 0 -1 0 1 0 -1 1 -1 0 1 55
-12 0 13 0 -11 0 1 0 5 0 4 2 -4 0 1 2 -1 51
-5 0 -15 0 -8 0 -4 0 -7 0 1 1 -2 0 1 55
4 0 -1 62
5 63
5 0 1 1 -1 0 -1 59
-19 0 17 0 6 0 5 0 2 0 1 1 -1 0 -1 2 -1 52
-25 0 -5 0 10 1 -4 0 4 2 -1 0 1 54
-7 0 -10 0 21 2 2 1 -1 0 2 0 1 54
7 0 -3 0 8 1 6 0 -5 2 1 5 -1 49
9 1 -5 0 1 0 1 0 -3 3 -1 1 1 0 -1 0 1 0 -1 49
-4 0 12 0 -18 0 1 0 2 0 -3 1 3 0 -6 3 2 0 -2 5 -1 44
-7 0 -7 0 8 0 1 0 -10 0 8 0 -1 0 -2 0 7 0 -1 2 -2 0 1 0 1 3 1 45
13 0 -6 0 5 0 -3 0 6 0 -3 0 -1 0 2 0 -2 0 1 54
10 0 6 0 -4 0 -1 0 1 2 1 0 -1 55
-1 0 2 0 1 1 -1 3 1 55
-4 1 1 61
-2 0 -1 0 1 61
0 1 1 1 1 59
-8 0 11 0 -12 0 -3 0 6 0 -4 0 1 1 1 0 -1 2 1 1 -1 49
-30 0 6 0 -15 0 -2 0 -10 1 1 0 1 1 -1 2 -1 51
-29 0 -13 0 -6 0 4 0 4 0 1 1 1 0 1 55
-2 0 -5 0 -1 0 -1 0 -2 1 -1 0 -1 56
1 0 2 62
-4 0 4 0 1 0 -1 60
-7 0 -1 1 -1 0 -1 59
-11 0 2 0 1 0 1 0 1 0 1 58
-8 0 -3 0 -2 61
-4 63
-4 0 1 62
-6 0 1 62
-7 0 -1 62
-6 0 2 1 -1 60
-12 0 3 1 1 0 1 59
-13 0 2 0 -1 0 -1 1 1 58
-13 0 -4 0 1 1 -1 0 1 2 1 55
-9 0 -1 0 1 61
-8 63
-7 63
-16 0 13 0 -2 0 -3 0 2 1 1 57
-36 1 1 0 1 0 -3 0 1 58
-22 0 -16 0 6 1 2 0 1 1 -1 0 1 0 1 54
-7 1 1 61
-7 1 -2 0 -1 0 2 0 -2 2 1 0 -1 54
-14 0 6 0 -13 0 -1 0 2 0 -2 1 1 0 -2 55
-28 0 6 0 -11 0 1 0 -3 0 2 2 1 55
-31 0 -3 0 1 0 1 0 -4 0 1 1 1 0 -2 0 1 3 -1 50
-20 0 -4 0 15 0 -2 0 -1 0 3 1 -1 0 1 55
-27 0 7 0 9 0 1 0 3 0 2 1 1 0 -1 0 1 2 1 0 -1 50
-34 0 -2 0 2 0 4 0 4 0 2 1 -1 0 2 0 1 2 -1 0 1 50
-40 1 -1 61
-32 0 -8 0 -7 0 1 0 2 1 -1 2 -1 54
-11 0 -9 0 -9 0 -1 0 -2 0 -2 1 1 0 1 0 -1 2 1 51
-4 0 1 0 -2 2 -1 58
-4 3 -1 0 -1 58
-1 0 -1 0 3 0 -1 0 -2 59
-2 1 1 0 1 0 3 0 3 6 -1 0 -1 50
0 0 -1 0 -3 1 -2 0 -1 1 1 0 1 0 1 2 1 51
-2 0 2 0 1 61
-11 0 6 0 4 2 1 1 -1 0 -1 55
-13 0 -4 0 1 0 1 1 1 58
-10 0 1 0 5 0 1 0 -2 0 1 58
-9 0 -1 0 5 1 1 59
-9 1 3 2 -1 58
-7 0 -1 0 3 2 -1 58
-8 0 3 0 3 0 -1 60
-12 1 3 61
-14 0 2 0 2 5 -1 55
-16 0 -1 0 1 61
-15 0 1 1 -2 0 1 59
-16 0 -4 0 -1 0 1 0 1 0 1 1 -1 0 -1 55
-2 0 -5 0 -1 0 -1 0 -2 0 -1 58
-5 0 6 0 1 0 -2 0 1 1 1 0 1 56
-37 0 11 0 4 0 7 0 -1 0 -1 0 1 0 1 3 -1 52
-46 0 2 0 3 0 1 0 5 0 4 1 -1 0 -1 0 -2 2 -1 51
-47 0 1 0 -8 1 1 0 3 2 1 55
-47 1 -10 0 -1 1 -1 58
-45 0 -3 0 -11 2 -2 2 1 55
-30 0 -17 0 1 0 4 0 -7 0 -1 0 -1 0 -1 0 -1 2 1 0 -1 0 -1 50
1 0 -3 0 -1 0 -3 0 1 0 -1 0 -1 0 1 56
-3 0 4 0 2 1 -2 0 -2 58
-9 1 1 0 1 0 3 0 2 2 -1 55
-7 1 -1 0 1 0 -2 59
3 0 -5 0 4 0 -2 0 1 0 -1 2 1 55
6 0 -2 0 3 1 2 0 -1 2 -1 0 1 54
7 0 1 2 1 59
-2 0 4 0 3 0 3 0 -1 0 3 1 -1 0 -1 0 -1 54
4 0 -5 1 -1 1 1 1 1 0 1 55
2 0 7 0 8 0 -2 0 -5 0 -2 6 1 0 1 4 -1 45
-9 0 -2 0 -2 0 2 0 6 0 2 1 3 0 4 3 -1 5 -1 45
-1 0 -1 0 -1 0 -1 0 -1 0 -1 1 -1 0 -1 55
0 63
0 63
1 63
1 0 1 62
-6 0 9 0 9 0 -3 0 -7 0 -3 0 1 0 2 0 2 0 1 54
-35 0 8 0 8 0 5 0 15 0 7 1 -3 0 -5 3 -3 1 1 49
-19 0 -17 0 -21 1 -5 0 -1 0 -1 0 2 0 3 0 -1 2 1 0 1 50
5 0 -5 0 -7 0 1 1 1 0 -1 1 -1 0 -1 3 -1 50
18 0 -4 0 -1 0 -2 0 -3 0 -3 2 2 55
16 0 4 0 9 0 -1 1 1 1 -1 0 -3 0 -1 3 -1 50
9 0 2 0 2 1 2 0 1 1 1 0 1 0 1 54
7 63
7 63
-12 0 11 1 5 2 1 57
-19 2 2 0 1 1 -1 0 -1 56
3 0 -7 0 -2 0 -5 0 -2 0 -1 0 -1 1 -1 55
6 0 1 0 -1 1 1 59
-5 0 8 0 12 0 1 0 -6 0 -7 1 -1 0 3 0 2 2 1 1 -1 49
-8 0 -6 0 13 0 1 0 6 0 -8 1 -1 0 -2 0 2 2 1 1 -1 49
-3 0 3 0 3 0 -1 0 -2 0 -4 1 1 0 1 0 2 4 -1 49
-21 0 16 0 10 1 -1 0 -8 2 -1 0 2 2 1 0 1 0 -1 49
-38 0 3 0 15 1 -1 0 -5 2 -1 4 1 50
-37 0 -1 0 25 0 -2 0 -2 0 3 1 -2 0 -2 0 -3 54
-41 0 3 0 23 1 2 0 8 2 -1 0 -1 3 -1 50
-47 0 4 0 11 1 4 0 8 2 1 0 2 3 -1 50
-49 1 4 1 2 0 8 2 1 0 4 4 2 49
-54 0 4 0 3 0 2 0 -1 0 5 1 -1 1 3 4 2 5 1 43
-50 0 2 0 7 0 -1 0 3 0 4 0 -1 0 -2 0 -2 0 1 1 -1 0 1 1 1 5 1 43
-50 0 -3 0 4 1 -4 0 5 1 1 0 2 2 1 2 1 5 1 43
-54 1 1 0 3 0 2 0 3 3 2 1 1 2 1 5 1 43
-50 0 1 0 -5 1 -1 0 5 2 -1 0 2 4 2 5 1 43
-50 0 -1 0 -1 1 -1 0 7 2 -1 0 3 4 2 5 1 43
-48 0 -1 0 5 1 -2 0 10 2 -1 0 4 4 2 49
-45 0 -2 0 15 1 -3 0 12 3 3 3 1 0 1 49
-39 0 -4 0 26 1 -3 0 10 2 1 4 1 50
-30 0 -4 0 33 1 -1 0 3 2 3 0 -3 4 1 49
-19 0 -6 0 31 1 2 0 -7 2 3 4 -1 50
-7 0 -5 0 17 1 5 0 -8 2 -1 0 3 4 -1 49
3 0 -3 0 5 0 -1 0 2 0 -4 2 -2 0 2 4 -1 49
6 3 1 0 -1 58
5 1 -1 61
5 63
5 0 1 0 -1 1 1 59
-6 0 8 0 -13 1 4 0 -3 0 1 0 1 0 -1 3 1 51
-21 0 5 0 -12 0 1 0 -3 0 3 3 -1 2 -1 0 1 50
-33 0 3 0 4 0 3 0 -4 0 2 1 -1 1 -3 54
-30 0 -5 0 11 0 1 0 -1 0 1 3 1 3 -2 0 1 49
-13 0 -8 0 17 1 -2 0 2 0 -1 1 2 0 1 2 -1 51
4 0 -7 0 13 0 -1 0 4 0 -4 3 1 54
13 0 3 0 -1 0 -3 0 6 0 -4 1 -1 0 1 0 -1 2 -1 0 1 0 -1 49
-1 0 4 0 -11 0 2 0 -7 0 4 1 3 0 -8 0 1 2 -1 1 1 3 -1 45
5 0 -7 0 12 0 -1 0 3 0 -2 1 -2 0 4 0 -1 2 2 0 -2 5 1 44
3 0 9 0 -4 4 2 0 -2 3 -1 51
-5 0 -1 62
-4 1 1 61
-3 0 1 0 2 1 -2 59
-3 0 1 0 4 1 -2 1 -1 0 2 0 1 0 -1 2 -1 51
-13 0 11 0 2 0 3 0 10 1 -1 0 -3 0 -2 2 -1 0 -2 51
-8 0 -9 0 -7 0 -1 0 -5 0 -2 2 -1 55
0 0 -1 0 1 1 -1 0 -1 58
-3 0 3 0 3 61
-7 0 1 0 2 61
-11 0 2 0 3 61
-11 0 -2 1 1 60
-6 0 -1 0 1 1 -1 59
-5 1 1 61
-5 0 1 0 1 0 -1 60
-9 0 2 0 2 61
-8 0 -3 62
-6 0 4 0 1 0 -1 60
-14 0 1 0 1 0 1 60
-12 0 1 1 -1 0 1 3 -1 55
-13 0 -2 0 -2 5 1 55
-12 3 -1 0 1 58
-10 0 -1 0 3 5 1 55
-6 0 -2 0 1 61
-7 0 4 0 -4 0 -1 0 2 0 -1 58
-18 0 5 0 -13 1 2 0 -1 58
-22 0 -7 0 -9 0 3 0 -5 0 2 6 -1 51
-7 0 -1 0 -1 0 -1 60
-7 63
-5 0 -2 0 1 61
-8 0 7 0 -3 0 -2 0 3 59
-26 0 7 0 -8 1 -2 0 3 0 1 1 -1 55
-32 0 -2 0 -2 0 1 0 -1 0 1 1 -1 0 1 55
-30 0 1 0 -4 61
-30 0 -4 0 -3 0 3 0 -1 0 -1 0 -1 0 1 56
-33 0 -6 0 -5 0 1 0 1 0 1 58
-14 0 -10 0 -5 0 -1 0 -2 0 -1 1 1 0 1 55
-3 0 -1 0 1 0 -1 4 -1 55
-5 0 1 0 1 0 1 0 1 0 1 58
-5 0 -2 0 -2 0 1 0 1 0 1 58
1 0 -2 0 -4 0 -1 0 -1 0 -1 1 1 0 1 55
0 0 4 0 2 0 -1 0 -1 3 -2 55
-4 0 -1 0 1 1 1 0 1 2 2 0 1 54
-4 0 3 0 1 0 -1 1 -1 1 -1 0 -1 55
-11 0 1 0 -3 1 1 0 1 1 1 56
-12 0 -1 0 -1 0 1 0 -1 59
-14 0 4 0 -1 1 1 59
-18 3 -1 0 1 58
-17 0 -1 2 1 0 2 58
-15 3 -1 0 1 3 1 54
-17 0 1 0 3 61
-20 1 2 0 1 60
-20 1 1 61
-19 1 1 61
-15 0 -2 0 1 61
-12 0 -5 0 2 0 1 0 -1 0 -1 58
-5 0 1 0 2 0 -2 7 1 52
-14 0 14 0 6 0 -5 0 -3 1 1 0 -1 0 -1 3 1 51
-36 0 -4 0 -5 0 2 0 3 2 1 0 3 55
-28 1 -2 0 -1 0 -2 0 -4 8 -1 49
-35 0 5 0 4 1 -1 0 -3 3 1 54
-44 0 2 0 9 1 -2 0 -3 58
-49 0 3 0 13 5 -1 55
-51 0 -4 0 11 0 5 0 1 0 2 0 -2 3 1 53
-10 0 -11 0 5 0 -6 0 4 0 2 0 -2 0 -1 0 -1 55
-3 1 -7 1 2 0 1 1 1 0 1 55
-4 0 9 0 1 0 -7 0 -7 0 -1 0 1 0 1 0 -1 3 1 51
-26 0 -1 0 12 0 1 1 3 0 1 0 1 0 1 55
-21 0 -2 0 12 0 -2 0 2 0 2 1 -1 0 -2 55
-10 0 -14 0 1 0 2 0 1 0 3 1 1 0 1 3 -1 1 1 49
7 63
7 1 -2 0 1 1 -1 1 1 1 -1 54
-1 0 9 0 9 0 -1 0 -4 0 -1 1 -2 0 -2 3 2 0 1 50
-10 0 -4 0 -4 0 2 0 3 0 1 1 3 0 4 9 -1 45
-2 0 -1 62
-1 63
-2 1 2 0 1 1 -1 1 -1 56
0 63
1 63
-9 0 12 0 12 0 -3 0 -7 0 -3 0 1 2 1 2 1 51
-30 0 -2 0 -6 0 5 0 16 0 8 1 1 0 3 3 -4 0 -2 0 1 3 -1 45
-3 0 -13 0 -16 0 -2 0 -6 0 -4 0 -1 0 -1 0 -2 0 -2 2 1 51
13 0 -1 0 -4 0 -1 0 -2 0 -2 1 1 0 1 55
12 0 2 0 5 1 -1 2 -1 0 -2 55
5 0 3 0 6 0 2 3 -1 4 1 0 1 50
0 0 3 0 8 1 -4 0 1 1 1 0 3 0 -1 2 -1 0 -1 50
3 0 -5 0 7 1 4 0 -3 2 -2 0 1 54
7 63
7 63
-10 0 16 0 -2 0 3 0 -2 2 1 56
-22 0 1 0 3 1 -1 0 -1 0 -1 0 1 56
1 0 -8 0 5 0 -6 0 1 0 -2 0 -2 0 1 0 1 0 1 0 -1 3 -1 49
-11 0 19 0 19 0 -6 0 -6 0 -5 0 2 1 -2 0 2 2 2 0 1 0 -1 49
-47 0 3 0 5 0 2 0 6 2 3 0 3 0 1 1 1 0 1 0 1 50
-46 0 -2 0 2 0 1 0 -3 0 -2 1 1 0 -2 0 1 2 1 0 -1 5 -1 44
-46 0 5 0 5 1 4 0 6 1 -1 0 -1 0 2 2 -1 1 2 49
-51 0 -1 0 -8 1 1 0 2 1 1 0 2 0 1 3 1 50
-48 0 -1 0 -9 61
-44 0 -2 0 -9 6 -1 54
-40 0 -2 0 -9 6 -1 54
-36 0 -2 0 -10 6 -2 54
-31 0 -2 0 -11 2 2 3 -2 54
-31 0 2 0 -18 0 1 0 3 0 1 1 1 0 1 0 -1 54
-28 0 -3 0 -19 0 1 0 -1 2 1 1 -1 54
-25 0 2 0 -17 0 -1 0 2 2 -1 1 -1 54
-28 1 -20 0 2 0 -1 2 1 1 -1 54
-26 1 -13 2 2 3 -1 54
-28 0 1 0 -12 2 2 3 -1 54
-31 0 2 0 -11 2 2 3 -2 54
-35 0 2 0 -9 2 1 3 -2 54
-39 0 2 0 -9 6 -1 54
-44 0 2 0 -9 6 -1 54
-49 0 2 0 -8 61
-53 1 -4 0 1 0 -2 0 1 1 1 0 -2 0 1 3 -1 0 1 49
-49 0 -3 0 9 0 1 0 -5 0 9 2 -2 0 3 4 1 4 1 44
-37 0 -7 0 27 1 -4 0 7 2 3 0 -1 2 -1 0 1 50
-20 0 -9 0 30 1 3 0 -6 1 -1 0 3 3 1 0 -2 5 1 44
-2 0 -6 0 12 0 -1 0 5 0 -6 2 -2 0 3 4 -1 49
4 0 -1 0 1 1 1 0 -1 2 -1 0 1 54
5 63
4 0 1 1 -1 0 1 0 -1 1 -1 0 1 0 -1 3 1 50
-4 0 5 0 -12 1 4 0 -3 3 -1 2 1 0 -1 50
-21 0 10 0 -17 0 -1 1 1 0 1 1 -1 0 -1 54
-34 0 -1 0 -3 1 -4 0 4 0 1 0 -1 0 3 5 1 49
-32 0 -4 0 4 0 1 0 -3 0 2 1 1 0 -1 0 1 54
-16 0 -13 0 14 0 2 1 4 0 -1 0 -2 5 1 50
9 0 -5 0 7 0 -1 2 -1 1 2 55
8 0 8 0 -8 0 -2 0 7 0 -4 1 1 0 -2 3 2 0 -1 4 1 0 -1 44
-5 0 1 0 5 1 -9 0 5 1 -3 0 5 0 -1 2 -2 0 2 4 1 45
-5 0 -2 0 3 1 4 0 -2 1 1 0 -3 0 1 54
-7 0 10 0 -2 0 -5 0 -2 0 3 1 2 0 -2 0 1 54
-18 1 5 1 1 0 3 0 -1 0 -1 1 1 2 1 0 1 50
-12 0 5 0 7 0 -5 0 -2 1 -1 0 -2 0 1 0 -1 1 1 52
-13 0 -9 0 1 1 -1 4 -1 1 1 52
-4 1 1 61
-5 0 1 0 2 61
-9 0 4 0 3 0 -1 60
-13 3 1 0 1 58
-13 0 -1 0 -2 0 1 60
-9 0 -2 0 -1 61
-7 0 1 62
-6 0 -1 62
-7 0 1 62
-9 0 -1 0 -1 2 -1 58
-6 0 -2 62
-9 0 6 0 1 1 -1 59
-17 1 1 61
-12 0 -1 0 1 0 -1 60
-19 0 5 0 5 0 1 0 -3 0 1 58
-19 0 -3 0 9 1 1 0 -1 2 1 55
-13 0 -2 0 2 1 2 0 -2 2 -1 55
-9 0 -4 0 -1 2 1 58
-4 1 -1 61
-5 0 1 62
-5 4 -1 2 1 55
-5 0 1 62
-6 1 -1 61
-6 63
-5 0 -1 0 1 61
-6 0 2 0 -2 1 2 0 -1 2 1 0 -1 54
-14 0 5 0 -9 1 1 0 -1 2 -1 55
-23 0 3 0 -6 1 -2 0 2 58
-27 0 1 0 -1 1 -1 0 1 2 1 0 -1 54
-21 0 -7 0 -3 1 -3 0 -1 2 1 55
-11 0 -2 0 3 2 -1 58
-6 1 4 0 -1 0 -1 0 -1 58
-6 0 -3 0 1 1 1 59
0 0 -2 2 -1 59
1 0 1 0 1 1 2 0 1 1 -1 56
-1 0 1 0 -1 0 -1 0 -2 2 1 0 1 55
-11 0 4 0 5 0 1 4 -1 55
-16 0 1 0 6 0 1 0 -1 0 1 58
-13 0 -2 0 8 1 1 59
-12 1 2 1 1 59
-13 0 1 1 1 0 1 59
-12 0 -1 0 -3 1 1 59
-12 0 2 0 1 0 -1 0 -2 0 -1 58
-18 0 1 0 1 0 1 0 2 0 1 58
-19 0 1 2 -1 0 -1 58
-23 1 1 0 1 60
-21 63
-20 1 1 61
-18 0 -2 0 1 61
-11 0 -4 0 -2 2 -1 1 1 0 1 55
-11 0 3 0 4 1 -1 1 1 0 1 56
-31 0 14 0 10 0 1 0 -1 0 -2 0 1 1 1 0 1 1 -1 0 -1 51
-49 0 2 0 15 0 1 1 1 0 1 1 -2 55
-55 0 3 0 12 1 2 0 4 3 1 54
-60 0 2 0 4 1 2 0 3 2 1 0 1 4 1 49
-63 3 1 0 1 58
-53 0 -9 0 -14 0 1 0 7 0 6 0 -1 1 -1 0 -2 2 -1 0 -1 0 1 49
-25 0 -16 0 -27 1 -2 0 -2 0 -1 0 2 0 3 0 -1 2 1 0 1 50
-19 0 11 0 3 0 3 0 -13 0 3 0 -1 0 -1 0 -4 0 -2 2 -1 0 1 50
-4 0 -10 0 12 0 -3 0 4 0 -1 0 -1 0 1 0 3 3 1 0 -1 50
-7 0 9 0 2 0 -1 0 4 0 -2 0 1 0 -1 0 1 3 -1 51
-34 0 10 1 5 0 2 2 -3 0 -3 0 -1 2 -1 51
-22 0 -11 0 -8 3 -1 1 1 0 -1 2 -1 51
0 0 -7 0 -1 0 -2 0 -1 0 -1 2 -1 55
6 63
-5 0 9 0 10 1 -1 2 -3 0 -4 3 1 0 1 50
-9 0 -5 0 -5 0 1 3 2 0 3 3 1 0 1 50
-3 63
-2 63
-2 63
-4 1 -4 0 2 1 -1 1 2 56
-3 0 -1 0 3 0 1 1 -2 1 -1 1 1 54
-15 0 14 0 15 1 -4 0 -1 1 -3 0 -4 2 1 0 2 0 2 4 -1 0 -1 44
-20 0 -12 0 -15 0 4 0 8 0 4 0 -1 0 5 0 8 4 1 3 -1 0 -1 45
7 0 -7 0 -8 0 -1 0 -4 0 -2 1 -1 0 -1 0 -1 2 -1 0 -1 0 -1 49
12 0 1 0 3 1 -2 0 -1 1 -1 0 -1 55
8 0 2 0 2 1 1 0 1 2 1 55
6 63
0 0 1 1 5 0 -2 1 1 0 1 0 1 3 -1 51
-9 0 18 1 -5 0 3 0 1 1 -1 0 -3 3 1 0 1 50
-18 0 -18 0 -3 0 5 0 -2 0 6 1 1 0 2 0 -2 2 -1 0 -1 50
7 0 -1 0 1 1 1 59
7 0 1 0 1 1 -1 0 -1 2 1 55
-10 0 20 0 7 0 -3 0 -2 0 -5 1 1 0 1 0 2 1 -1 0 1 1 -1 49
-38 0 7 0 16 0 -1 1 -2 0 1 0 -2 0 -3 0 -1 3 1 50
-47 0 2 0 14 0 -2 0 2 0 9 1 -2 0 -2 0 2 2 -1 0 -1 0 1 49
-53 1 -3 0 1 0 3 0 3 1 1 0 2 0 1 2 1 0 1 0 1 4 1 44
-47 0 -4 0 -7 61
-38 0 -3 0 -8 2 -1 3 -1 54
-32 0 -3 0 -9 1 1 0 2 2 -1 0 -2 54
-25 0 -3 0 -14 1 1 0 2 3 -1 54
-19 0 -3 0 -15 5 1 55
-13 0 -3 0 -14 1 -1 0 -2 2 1 0 -1 54
-7 0 -2 0 -11 1 -1 0 -2 3 -2 54
-3 0 -2 0 -9 1 -1 0 -2 3 -2 54
1 0 -1 0 -8 6 -1 54
3 0 -1 0 -6 6 -1 54
5 1 -5 6 -1 54
3 0 2 0 -4 0 -1 0 -1 0 1 2 -1 55
-1 1 -1 1 1 0 1 58
2 0 -2 0 -4 1 1 3 1 0 -1 4 -1 49
3 0 1 0 -6 6 -1 54
1 0 1 0 -7 2 -1 3 -1 54
-2 0 2 0 -9 1 1 0 -2 3 -2 54
-6 0 3 0 -11 1 1 0 -2 3 -1 54
-12 0 3 0 -14 1 1 0 -2 3 -1 54
-20 0 4 0 -16 5 -1 55
-30 0 5 0 -14 1 -1 0 2 3 -1 54
-37 0 3 0 -10 1 -1 0 1 2 1 0 -1 54
-46 0 4 0 -8 6 -1 54
-53 0 3 0 -7 1 -1 0 1 58
-54 0 -4 0 3 0 1 0 -5 0 5 2 -2 0 2 3 -1 0 1 49
-38 0 -8 0 22 1 -4 0 7 0 -1 1 2 0 1 2 -1 0 2 50
-18 0 -10 0 26 1 4 0 -5 1 -1 0 3 0 1 2 1 0 -1 50
-12 0 5 0 23 1 -3 0 -8 3 2 4 -1 49
-11 0 -9 0 20 0 2 0 6 0 -7 1 -2 0 -1 0 2 2 1 0 -1 0 -1 49
2 2 -1 0 1 0 -1 6 -1 0 1 50
-3 0 6 0 -8 0 -1 0 4 0 -4 3 -1 54
-21 0 6 0 -13 0 4 0 -1 0 1 0 1 0 -1 0 -2 0 -1 2 -1 51
-15 0 -15 0 -9 0 3 0 -2 0 1 1 1 0 2 0 -1 54
1 63
3 0 -3 0 5 0 1 0 -1 0 1 2 -1 0 1 54
8 1 2 0 -2 0 5 0 -3 1 -2 0 3 0 -1 3 1 0 -1 49
-4 0 4 0 -12 0 2 0 -7 0 1 1 5 0 -6 3 -2 0 1 3 1 0 -1 45
-10 0 11 0 7 0 -4 0 4 0 -2 0 1 0 -2 0 -2 0 2 2 2 0 -2 4 -1 45
-29 0 -7 0 9 0 5 0 -4 1 1 0 -1 0 6 0 -1 3 -1 3 -1 0 1 45
-26 0 4 0 5 0 4 0 5 0 1 1 1 0 -2 0 1 2 -1 51
-17 0 -8 0 6 2 -1 1 -2 0 1 3 1 51
-8 0 -1 0 1 61
-10 0 2 0 2 61
-13 0 1 62
-10 0 -2 0 -1 0 -1 60
-10 63
-8 1 1 61
-10 0 1 0 1 61
-9 0 -1 0 2 61
-10 0 1 0 2 61
-11 0 -1 0 1 1 1 59
-7 0 -3 1 -1 0 -1 59
-13 0 6 0 2 0 2 0 1 59
-17 0 1 62
-14 0 -3 1 -1 60
-18 0 9 0 -5 0 -1 0 1 0 1 1 1 0 -1 55
-29 0 1 0 -2 0 1 0 -1 0 1 2 1 55
-27 0 -2 0 3 1 -3 0 2 2 -1 55
-16 0 -8 0 9 1 1 0 -1 1 -1 0 1 55
-4 0 -2 0 2 0 -1 0 1 0 -1 2 -1 0 1 54
-3 4 -1 58
-4 0 1 0 -1 61
-5 1 -1 61
-4 63
-5 0 1 0 -1 61
-5 63
-4 63
-5 0 1 62
-8 0 1 0 -2 1 1 3 1 0 -1 54
-12 0 3 0 -6 1 1 0 -2 3 -1 54
-30 0 5 0 10 0 2 0 -2 0 -2 2 1 0 1 54
-31 0 -2 0 18 2 -4 1 -1 1 1 54
-26 0 -3 0 15 0 1 0 2 0 -4 3 2 54
-17 0 -4 0 11 1 1 0 -3 2 -1 0 1 54
-11 0 -2 0 7 1 1 3 -1 0 1 54
-5 0 -1 0 4 0 -1 3 1 1 1 54
-9 0 3 0 6 1 2 2 -1 56
-15 0 2 0 -1 4 1 56
-18 1 -2 0 1 0 1 59
-14 0 -2 0 -3 0 -1 0 -1 0 -1 3 -1 54
-14 7 -1 55
-10 0 -3 0 -2 61
-10 0 3 0 2 0 -1 0 -1 0 -1 2 -1 55
-16 0 1 2 1 3 1 55
-18 0 2 0 1 1 -1 3 -1 55
-22 1 -1 0 1 0 1 0 1 2 1 55
-24 0 2 1 1 60
-23 0 -2 62
-20 0 -1 62
-19 0 -2 1 1 60
-13 1 2 0 -1 3 -1 0 -1 55
-26 0 13 0 7 0 -2 0 -3 0 -1 1 -1 1 1 54
-57 0 10 0 6 0 3 0 4 0 1 3 1 2 -1 51
-63 63
-63 63
-63 63
-60 0 -6 1 5 2 -2 1 1 0 -1 0 1 1 -1 51
-8 0 -18 0 -5 0 -7 1 -4 0 -1 0 1 1 -1 3 -1 0 -1 49
-2 0 7 0 12 0 -2 0 -7 0 -6 0 1 1 1 0 1 4 -1 49
-33 0 18 0 20 0 2 0 5 0 -1 2 -2 0 -1 3 1 50
-36 0 -14 0 15 0 2 0 1 0 1 1 -1 0 3 55
-25 0 9 0 11 0 -6 0 -3 0 -2 0 1 1 -1 0 1 1 1 0 1 51
-31 0 -18 1 2 0 6 1 1 0 2 0 2 55
-10 0 -2 0 -1 1 -1 0 -1 1 -1 0 -1 55
-4 0 -4 0 3 0 -1 0 -2 3 1 0 1 54
-11 0 7 0 11 0 1 0 3 0 1 1 -3 0 -4 55
-13 0 -3 0 1 1 -5 0 -3 1 1 0 3 0 1 1 1 0 2 51
-5 0 -2 0 2 0 -1 0 2 0 -1 1 1 0 -1 55
-3 63
-6 0 1 0 4 0 3 3 -2 56
-2 0 -1 62
-3 0 3 0 3 0 -1 0 -2 0 -1 2 1 0 1 54
-22 0 9 0 9 0 4 0 1 0 1 1 -4 0 -7 2 1 0 2 0 1 50
-13 0 -16 0 -18 0 1 0 -1 2 4 0 5 2 1 0 3 0 2 5 1 44
10 0 -3 0 -2 0 -1 0 -4 0 -2 58
9 0 2 0 4 1 1 0 1 2 -1 55
6 63
6 63
6 63
4 0 2 0 -2 0 -1 0 2 0 -1 2 1 55
1 0 -1 0 -6 0 1 0 -2 0 -1 1 1 5 1 50
3 0 1 0 -1 0 -1 0 -1 0 -1 1 1 5 -1 0 -1 49
-8 0 9 0 18 0 -2 0 -8 0 -6 0 1 1 1 0 2 2 1 1 -1 49
-35 0 12 0 29 0 1 0 4 0 4 0 1 0 -2 0 -6 3 -1 0 -1 4 1 45
-52 0 4 0 4 0 1 0 6 0 5 1 1 0 3 0 2 3 1 0 1 49
-51 0 -3 0 -6 1 1 4 -1 54
-43 0 -4 0 -8 1 1 0 1 2 -1 0 -1 54
-32 0 -5 0 -12 1 1 0 2 3 -1 54
-21 0 -6 0 -15 5 1 55
-10 0 -4 0 -12 1 -1 0 -2 3 -1 54
-2 0 -3 0 -8 1 -1 0 -1 2 -1 0 -1 54
2 0 -1 0 -6 61
5 0 -1 0 -4 1 -1 0 -2 58
6 1 -1 1 -1 0 -2 3 -1 54
6 1 1 2 -1 3 -1 54
6 1 3 61
5 0 1 0 5 1 -1 3 1 0 1 4 -1 49
1 0 2 0 9 1 -1 0 -1 3 2 54
-1 0 1 0 10 2 -2 3 2 54
-2 0 2 0 10 0 -1 0 1 0 -2 3 1 54
-8 0 1 0 8 0 1 1 -1 2 -1 0 1 54
-3 0 -4 0 7 1 1 0 -1 3 1 54
3 0 -1 0 5 1 1 0 -1 3 1 54
5 0 -1 0 2 2 1 3 1 54
6 1 2 2 1 58
6 1 2 6 -1 54
6 4 -2 3 -1 54
5 0 1 0 -2 1 1 0 -2 58
2 0 2 0 -6 1 1 0 -1 58
-4 0 3 0 -10 1 1 0 -2 3 -1 54
-12 0 5 0 -14 1 1 0 -2 3 -1 54
-25 0 7 0 -16 2 1 2 -1 0 -1 54
-39 0 5 0 -12 1 -1 0 1 2 1 0 -1 54
-48 0 4 0 -7 1 -2 0 2 2 -1 55
-55 0 1 0 -2 0 1 0 -1 0 1 2 1 0 -1 54
-54 1 1 0 -1 0 -1 0 -1 58
-53 0 -2 0 1 0 2 0 -2 0 1 0 -1 0 3 0 -3 0 1 1 -1 0 1 0 -1 50
-14 0 -23 0 12 0 -7 0 6 0 -1 0 -1 0 -1 0 2 0 1 1 -1 0 2 51
3 0 -1 3 -1 58
2 1 -1 2 -1 58
2 1 -1 1 -1 0 -1 2 -1 55
-3 0 7 0 4 0 -3 0 -3 0 -1 0 1 1 1 0 1 2 1 0 -1 50
-21 0 -4 0 5 0 6 0 -3 0 4 0 1 0 3 0 2 0 2 2 -2 0 1 4 -1 45
-7 0 -7 0 11 0 1 0 4 0 -3 1 -1 0 -1 0 1 2 1 51
5 0 -3 0 5 1 -1 0 1 1 -1 0 1 3 -1 51
-3 0 13 0 -12 0 -1 0 6 0 -3 1 3 0 -3 3 2 0 -1 50
-26 0 8 0 -6 1 -1 2 -2 0 5 0 -2 8 1 45
-32 0 -6 0 -8 0 4 0 -4 0 4 2 -1 2 1 0 -2 0 1 50
-23 1 -10 0 5 0 -1 0 2 0 -1 0 3 0 -1 0 1 54
-11 2 -2 0 -1 59
-13 1 1 61
-15 1 1 0 1 0 1 59
-12 0 -1 0 1 0 -1 60
-12 1 2 2 -1 58
-13 0 1 0 3 0 -1 60
-15 0 1 0 3 61
-16 1 4 2 -1 58
-17 1 3 1 1 59
-14 0 -3 0 1 1 1 59
-9 0 2 0 2 0 -2 0 -1 59
-18 0 1 0 2 0 2 0 1 59
-19 0 2 0 1 0 1 60
-15 0 -4 4 -1 57
-9 0 2 1 -2 60
-20 0 3 0 -1 0 2 0 1 0 -2 1 -1 0 1 55
-23 0 2 0 -6 5 -2 55
-28 0 2 0 -3 0 1 0 -2 0 2 7 -1 50
-20 0 -11 0 6 0 1 1 2 1 -1 0 1 55
-6 0 -2 0 2 1 1 0 -1 58
-3 0 -1 0 1 61
-3 63
-3 1 -1 61
-4 63
-4 63
-3 1 -1 61
-3 1 -1 61
-4 1 -1 61
-4 1 -1 61
-54 0 2 0 1 0 1 0 2 0 2 1 1 0 1 0 1 54
-57 1 -1 61
-57 0 -1 0 -1 1 1 0 1 2 -1 55
-53 0 -3 0 5 0 1 0 -4 0 3 3 1 4 1 49
-32 0 -12 0 9 0 -1 0 2 1 -1 2 1 54
-17 0 -2 0 4 0 -1 0 1 0 1 1 -1 56
-16 0 -3 1 1 4 1 55
-15 0 2 2 1 59
-13 0 -3 0 -2 1 -1 0 -1 1 1 0 1 55
-13 0 2 0 3 2 -1 1 -1 0 -1 55
-12 0 -4 0 -2 0 1 0 1 59
-9 0 3 0 2 0 -1 0 -3 0 -1 58
-16 0 1 0 2 0 1 0 1 59
-18 0 1 0 2 5 -1 55
-20 63
-20 63
-23 0 3 62
-22 0 -3 2 1 59
-18 0 -1 0 -2 0 -1 60
-18 0 -1 0 -1 0 1 0 -1 59
-22 0 5 0 5 0 -1 0 -3 1 1 2 1 54
-48 0 15 0 7 0 2 0 3 0 1 1 -1 0 -1 0 1 54
-60 1 -2 0 1 1 -1 2 1 55
-58 0 -1 0 -3 2 -2 58
-58 0 1 0 -2 2 -2 58
-54 0 -3 0 -4 0 -1 0 1 0 -3 7 1 50
-52 1 -4 1 -2 0 -1 0 -1 0 1 3 -1 52
-38 0 -1 0 24 0 -6 0 -3 0 2 1 -3 0 -3 3 1 51
-53 0 7 0 9 0 1 0 6 0 4 1 1 0 3 0 2 4 1 49
-57 0 -1 1 -1 0 1 0 -1 58
-41 0 -17 0 -6 1 1 0 -2 1 2 56
-40 0 14 0 2 2 -1 3 -1 54
-43 0 -18 0 10 0 4 0 -4 2 -2 0 1 2 1 0 -1 51
-13 0 -3 0 4 0 -3 0 1 0 -2 1 2 0 1 0 1 54
-21 0 5 0 7 0 2 0 4 0 2 1 -2 0 -3 3 -1 0 -1 50
-26 0 4 0 8 0 -3 0 -9 0 -3 0 1 0 1 1 1 2 1 51
-47 0 6 0 12 0 3 0 7 0 3 1 1 1 1 2 -1 0 -1 0 1 49
-29 0 -18 0 16 0 -1 1 -1 1 -3 0 4 0 1 1 -1 0 1 51
-13 0 2 0 13 1 -1 0 -3 2 -1 4 1 50
-19 0 -4 0 5 0 6 0 4 0 4 1 1 1 -2 2 -1 51
-9 1 7 3 1 0 -1 0 1 4 -1 50
-26 0 10 0 9 0 3 0 5 0 4 1 -5 0 -6 9 1 45
-9 0 -20 0 -16 0 -2 0 -3 0 -1 1 2 0 3 0 -1 1 1 0 2 0 1 4 1 45
9 2 -1 0 -3 0 -1 2 -1 3 1 51
6 0 1 0 2 1 1 0 1 2 1 55
5 63
6 63
6 63
6 63
6 0 1 0 1 1 -1 0 -1 2 1 55
-5 0 11 0 15 0 -2 0 -7 0 -6 0 1 1 2 0 2 4 -1 49
-36 0 14 0 26 0 1 0 5 0 4 0 1 0 -2 0 -6 3 -1 0 -1 4 1 45
-55 0 2 1 2 0 4 0 3 1 1 0 3 0 2 2 1 0 1 0 1 49
-50 0 -5 0 -6 0 1 0 1 2 -1 1 -1 54
-40 0 -6 0 -10 0 1 0 1 0 2 1 -1 1 -1 54
-24 0 -8 0 -15 1 1 0 1 2 1 0 -1 54
-9 0 -6 0 -12 1 -2 0 -2 3 -1 54
0 0 -3 0 -7 1 -1 0 -1 58
4 0 -1 0 -4 1 -1 0 -2 58
6 0 -1 2 -1 0 -2 2 -1 55
7 1 1 61
6 1 1 61
5 63
4 0 1 0 2 1 -1 0 -1 2 1 0 1 54
-2 0 4 0 9 1 -2 0 -3 3 1 3 1 50
-11 0 4 0 11 1 1 0 2 2 -2 55
-17 0 2 0 5 1 2 0 2 2 1 0 1 54
-20 0 1 0 1 2 1 58
-20 63
-21 63
-20 63
-19 0 -1 0 1 1 -1 59
-17 0 -1 0 3 1 -1 0 2 2 -1 0 1 54
-12 0 -3 0 8 1 -1 0 3 3 1 3 1 50
-5 0 -4 0 10 1 1 0 -1 2 1 55
2 0 -2 0 3 1 2 0 -1 2 -1 0 1 54
4 63
4 63
4 63
5 1 2 2 1 58
5 1 1 1 1 0 -1 2 1 0 -1 54
3 0 2 0 -3 1 2 0 -2 58
-3 0 4 0 -9 0 -1 0 1 0 -1 3 -1 54
-17 0 7 0 -15 1 1 0 -1 2 -1 0 -1 54
-33 0 7 0 -14 1 -1 0 2 3 -1 54
-48 0 6 0 -9 0 1 0 -2 0 1 3 -1 54
-55 0 1 0 -1 1 -2 0 2 58
-53 0 -5 0 8 0 2 0 -5 0 5 1 1 0 -4 0 2 3 -1 0 1 49
-29 0 -15 0 26 2 1 0 -1 0 -2 0 6 4 -1 4 1 45
-3 0 -7 0 9 0 -2 0 6 0 -4 0 -1 0 1 0 -2 0 2 4 -1 49
2 63
-17 0 18 0 -3 0 2 1 3 1 2 0 1 0 1 1 -1 0 -2 0 -1 0 1 49
-27 1 2 0 -1 0 2 0 -1 2 -1 3 -1 51
-27 0 -4 1 2 0 -4 2 1 0 -3 0 -1 2 1 51
-15 0 -10 0 12 0 1 0 1 0 2 1 -2 0 4 0 -1 3 -1 50
0 0 -3 0 4 2 -1 1 1 0 -1 0 1 3 1 50
2 0 4 0 -3 0 -2 0 6 0 -4 1 -1 0 2 0 -1 2 1 1 -1 49
-8 0 4 0 -7 1 -4 0 1 2 -1 0 -1 2 -1 51
-13 0 1 0 1 61
-14 0 2 0 1 0 -1 60
-17 1 1 61
-14 0 -2 0 -2 4 1 56
-16 0 4 0 2 1 -1 59
-20 1 1 2 1 58
-21 0 2 0 2 61
-23 63
-21 1 -1 61
-19 0 -3 0 -2 0 1 60
-11 0 -2 0 -1 0 -1 0 -2 0 -1 58
-16 0 4 0 2 1 1 59
-21 0 -1 0 1 0 1 60
-21 0 2 0 1 0 1 60
-16 0 -5 0 1 3 -1 57
-10 0 2 0 1 0 -2 60
-19 0 3 0 -1 0 2 0 1 0 -1 58
-19 0 -2 0 1 0 1 0 -2 0 1 6 -1 0 1 50
-13 0 -2 0 -1 0 -1 0 4 0 -2 2 1 0 -1 54
-17 1 -5 0 2 0 -3 2 1 0 -1 55
-10 0 -1 1 -1 60
-7 0 -1 0 2 1 -1 59
-4 0 -1 0 2 1 1 0 -1 58
-3 0 -1 0 1 61
-1 0 -1 2 1 59
-1 1 -2 61
-1 1 -1 61
-1 1 -1 61
-1 1 -1 61
-1 1 -1 61
-53 1 1 2 -1 58
-52 0 -1 0 -2 0 1 0 1 0 -1 2 1 55
-45 0 1 0 -1 0 -3 0 -2 0 -3 2 -1 55
-57 0 3 0 1 0 2 60
-48 0 -14 0 4 0 2 0 -1 2 -1 56
-21 0 -7 0 2 0 -1 2 -1 57
-17 0 1 6 -1 55
-15 0 -2 5 1 0 1 55
-16 0 4 0 3 1 1 2 -1 0 -1 55
-19 0 -1 2 -1 3 1 55
-14 0 -1 0 6 0 -1 0 -2 0 -1 58
-19 0 3 0 4 0 1 0 2 0 1 58
-21 0 1 0 2 5 -1 55
-23 1 1 61
-22 1 1 61
-21 1 1 61
-22 1 -1 1 1 59
-23 0 1 0 1 1 -3 59
-19 0 -4 0 2 0 -1 0 1 0 1 58
-20 0 3 0 3 0 -2 0 -2 0 -1 0 1 0 1 0 1 55
-44 0 15 0 11 0 2 0 1 0 1 0 1 0 -1 0 -1 0 1 54
-61 0 2 0 4 0 1 0 2 0 1 1 1 56
-63 1 1 61
-63 63
-62 0 -1 1 1 0 1 0 1 1 -1 0 -1 55
-57 0 -2 0 -1 0 -1 0 -3 2 1 0 1 0 1 54
-58 0 3 0 5 1 2 0 1 1 -1 56
-62 1 1 61
-62 1 1 2 1 58
-62 0 -1 0 1 2 1 58
-37 0 -15 1 -7 0 -3 2 1 56
-41 0 7 0 -3 0 1 0 3 2 1 0 1 55
-41 0 -10 0 -9 0 5 0 4 1 -1 0 -1 0 -1 2 -1 52
-20 0 3 0 -6 0 -2 0 -2 0 1 0 -1 0 -2 0 -1 0 1 54
-31 0 12 0 9 0 -3 0 -8 0 -3 1 -1 0 -1 3 1 51
-57 0 7 0 7 0 1 0 5 0 3 1 1 0 2 0 1 2 -1 51
-61 0 -2 0 2 0 1 0 -1 59
-54 0 -2 0 1 0 -1 0 1 2 1 0 -1 0 1 2 1 51
-34 0 -20 0 5 1 2 0 -3 1 -1 0 3 3 1 0 1 50
-13 0 1 0 4 0 -2 0 -4 0 -3 1 1 5 -1 0 -1 49
-20 1 1 0 2 0 8 0 3 1 -1 0 -3 0 -1 2 -1 5 1 45
-5 0 -11 0 -15 1 -4 0 -3 0 -1 0 2 0 1 0 -1 2 1 51
7 0 1 0 2 0 -1 0 -2 0 -1 1 -1 0 -2 55
5 1 1 61
5 63
5 63
5 63
6 63
0 0 7 0 9 0 -2 0 -6 0 -4 0 1 0 1 0 3 0 2 3 -1 0 -1 49
-30 0 17 0 28 1 1 0 1 0 1 0 -3 0 -7 9 1 45
-55 0 5 0 5 0 2 0 6 0 4 1 1 0 4 0 2 3 1 0 1 49
-53 0 -5 0 -5 1 1 0 1 3 -1 54
-40 0 -7 0 -11 1 1 0 1 3 -1 54
-23 0 -9 0 -16 2 1 0 -1 0 1 0 1 0 -1 54
-6 0 -5 0 -9 0 -1 0 -4 0 -3 2 1 5 -1 49
-4 0 2 0 6 1 -3 0 -3 1 -1 0 -2 4 1 50
-9 0 2 0 9 1 1 0 2 2 -1 4 -1 50
-12 1 8 1 -1 0 4 3 1 54
-7 0 -3 0 10 2 1 2 2 55
2 0 -4 0 4 0 -1 0 2 0 -2 2 -1 0 1 54
5 63
5 0 1 0 1 61
-1 0 6 0 7 0 -1 0 -3 0 -2 3 1 2 1 51
-14 0 5 0 8 1 3 0 2 3 1 2 -1 0 -1 50
-20 0 1 0 1 61
-21 63
-21 1 1 61
-22 0 1 0 3 1 -1 0 -1 3 1 54
-24 0 1 0 6 1 -1 0 -2 3 1 4 -1 49
-25 1 7 2 -3 3 1 54
-24 0 -1 0 5 1 1 0 -2 3 1 54
-22 0 -1 0 3 1 1 0 -1 3 1 54
-20 0 -1 0 1 61
-19 0 -1 62
-17 0 -1 62
-14 0 -3 0 3 1 -2 0 1 2 -1 0 1 54
-5 0 -5 0 7 1 1 2 -1 0 1 55
3 0 -1 0 2 1 1 0 -1 58
4 63
4 63
3 63
3 63
4 0 -1 0 1 1 -1 0 1 3 1 54
4 0 1 1 -1 1 -2 2 1 55
-3 0 4 0 -3 1 2 0 -3 2 -1 55
-15 0 8 0 -14 1 2 0 -1 3 -1 54
-34 0 9 0 -15 1 -1 0 1 0 1 1 -1 0 -1 54
-50 0 5 0 -7 0 1 0 -2 0 2 3 -1 54
-57 2 1 0 -1 0 1 58
-52 0 -8 0 9 0 2 0 -7 0 6 1 1 0 -4 0 2 2 -1 1 1 3 -1 45
-22 0 -16 0 23 0 -1 0 5 0 -2 0 -1 0 -2 0 4 3 1 0 -1 50
-3 0 1 1 -3 0 6 0 -4 2 1 2 1 0 -1 0 1 0 -1 49
-17 0 10 0 -8 0 -1 0 -4 0 -1 0 1 1 -5 0 -1 2 1 5 -1 45
-26 0 -4 0 -2 2 2 2 3 0 -1 2 1 0 -1 50
-23 0 4 1 -2 0 1 0 1 58
-21 0 -11 0 5 0 4 0 -4 0 2 1 -2 0 1 0 2 1 1 0 -1 0 1 50
-1 0 -2 0 2 0 -1 2 -1 0 1 0 -1 55
3 0 -1 0 3 0 -1 0 2 0 -1 1 -1 0 2 55
-8 0 9 0 -7 1 -2 0 1 1 2 0 -2 3 -1 51
-18 0 1 0 2 61
-16 0 -4 0 -1 1 1 59
-12 0 1 0 1 0 -1 0 -1 59
-20 0 4 0 1 0 1 60
-22 1 1 61
-22 63
-22 0 -1 62
-20 0 -1 62
-14 0 -3 0 -1 61
-15 0 5 0 3 4 -1 0 -1 55
-18 0 -2 2 1 3 1 55
-20 0 2 0 -2 0 1 0 -1 59
-22 0 3 0 1 0 1 60
-17 0 -5 0 1 0 -1 2 -1 57
-12 0 2 1 -1 60
-19 0 2 1 1 60
-19 0 -1 0 1 0 1 60
-12 0 -5 1 -1 1 -1 58
-13 0 2 0 2 0 2 0 1 59
-11 0 -1 0 1 61
-10 0 -1 62
-9 0 -1 0 1 61
-7 0 -1 0 2 61
-3 0 -2 0 2 61
0 0 -1 0 2 61
3 0 -1 2 1 0 -1 58
4 1 -2 61
2 0 1 0 -2 61
1 1 -1 61
-48 1 -8 1 -3 2 1 0 2 55
-55 0 4 0 1 0 1 4 -1 55
-53 0 -3 0 2 0 -1 0 1 3 1 55
-57 0 3 1 1 60
-56 0 -6 0 3 0 4 0 -2 1 -1 57
-30 0 -10 0 4 0 -2 0 1 1 -1 57
-19 0 -1 0 2 0 -1 0 1 59
-20 1 2 1 1 0 2 2 -1 3 -1 51
-20 0 1 0 1 0 -1 0 -2 0 -1 58
-22 1 2 5 1 55
-26 0 3 0 4 0 1 1 -1 58
-26 0 -2 0 3 1 1 59
-25 1 1 61
-24 63
-25 0 -1 0 -1 0 1 0 1 0 1 58
-22 63
-22 0 1 0 1 0 -1 0 -1 59
-23 1 -2 0 -1 0 2 59
-22 0 -1 0 3 0 -1 0 -2 0 -1 2 1 55
-36 0 14 0 9 0 -2 0 -1 1 1 1 -1 0 1 54
-62 0 3 0 2 0 2 0 2 0 1 0 1 0 1 0 1 55
-64 63
-64 63
-63 0 -1 62
-59 0 -2 0 -1 0 -1 0 -3 2 1 0 1 55
-62 0 2 0 2 0 1 0 2 0 1 2 1 55
-63 63
-62 0 -1 0 -2 1 1 0 1 2 -1 0 -1 54
-58 0 -2 0 -8 1 2 0 3 3 -1 54
-52 0 -5 0 -12 0 2 0 1 0 2 0 -1 1 1 55
-34 0 -2 0 -2 0 -4 0 -3 1 -1 0 -2 56
-36 0 4 1 -3 0 -1 0 -1 58
-34 0 -15 0 4 0 2 0 -3 0 -3 0 1 0 1 0 2 0 2 3 -1 50
-27 0 7 0 17 0 -1 0 -3 0 -5 0 1 1 -1 0 1 2 1 0 1 50
-50 0 12 0 2 0 2 0 7 0 2 1 3 1 -1 2 -1 1 1 49
-62 0 1 0 -1 1 -1 3 1 55
-62 63
-60 0 -2 0 2 1 -1 0 1 58
-47 0 -12 0 -1 0 2 0 -3 0 2 0 -1 0 4 0 2 0 1 2 -1 0 -1 50
-33 0 -5 0 4 0 4 0 11 0 3 0 -1 0 -2 0 -2 2 -1 0 -2 0 -1 0 1 3 1 45
0 0 -13 0 -8 0 -4 0 -5 0 -2 0 -1 2 -1 54
6 0 2 0 2 5 -1 55
4 63
3 0 2 0 2 0 -1 0 -2 2 1 0 1 55
3 0 -2 0 1 0 -1 0 1 2 1 56
5 63
4 0 2 0 2 0 -1 0 -2 0 -1 1 1 0 1 0 1 3 -1 50
-16 0 16 0 23 1 -6 0 -4 0 1 0 -2 0 -3 0 1 2 2 0 1 50
-45 0 10 0 7 1 8 0 8 0 1 0 2 0 2 0 1 2 -2 1 1 3 -1 45
-56 0 -3 0 -4 0 1 0 1 0 1 3 -1 54
-46 0 -7 0 -9 0 1 0 2 0 1 3 -1 54
-26 0 -10 0 -15 3 -1 1 1 0 -1 54
-6 0 -6 0 -10 0 -1 0 -3 0 -2 1 1 0 1 0 -1 3 -1 50
-4 0 3 0 5 0 -1 0 -3 0 -2 1 -1 0 -2 0 -1 54
-13 0 4 0 4 1 2 0 2 2 1 0 1 54
-22 0 6 0 9 1 -4 0 -3 2 1 0 2 4 -1 49
-30 0 1 0 17 0 1 1 -5 3 2 54
-26 0 -5 0 12 1 3 0 -4 2 -1 0 2 4 -1 49
-17 0 -2 0 1 0 -1 0 2 0 -1 2 -1 55
-12 0 -4 0 1 0 1 0 -2 0 1 2 -1 55
-1 0 -5 0 5 0 -1 0 1 3 1 55
-6 0 8 0 8 1 -1 2 -1 0 -2 55
-18 0 2 0 2 0 1 0 1 0 1 1 1 0 1 55
-20 3 1 59
-22 0 2 0 1 1 -2 3 1 55
-30 0 5 0 10 1 -2 0 -2 3 1 54
-40 0 4 0 12 1 1 0 2 2 -2 55
-46 0 2 0 7 1 2 0 4 3 1 54
-48 0 1 0 2 0 -1 0 1 0 3 3 1 4 1 49
-50 1 1 2 3 3 1 4 1 49
-48 0 -1 0 2 1 -1 0 3 2 -1 0 1 4 1 49
-46 0 -2 0 7 0 1 0 -2 0 4 3 1 54
-39 0 -5 0 13 1 -1 0 1 2 2 55
-27 0 -5 0 8 1 3 0 -2 3 1 54
-18 0 -3 2 1 59
-16 63
-14 0 -1 62
-9 0 -4 0 5 1 -2 0 1 58
0 0 -3 0 3 0 -1 0 2 0 -1 58
3 63
3 63
-1 0 5 0 2 1 -1 0 1 2 -1 55
-5 1 3 2 2 3 1 54
-5 0 1 0 1 0 -1 0 1 0 1 3 1 54
-8 0 -1 0 -1 0 2 3 1 56
0 0 -2 0 1 0 -1 2 -1 1 1 4 1 50
-2 0 3 0 -5 0 -1 0 3 0 -2 3 -1 54
-15 0 9 0 -14 0 -1 0 2 0 -2 0 1 2 -1 54
-37 0 9 0 -16 0 2 0 -2 0 1 1 1 0 -1 0 -1 54
-42 0 -2 0 -6 1 -2 0 -2 1 -1 0 1 0 -1 54
-41 0 1 0 -4 1 -2 0 -2 1 1 0 -2 55
-37 0 -8 0 16 0 2 0 -8 0 4 0 -1 0 -1 0 2 0 1 2 -2 0 1 0 1 49
-15 0 -11 0 8 0 2 0 8 0 -5 0 -1 0 3 0 -1 0 2 8 -1 45
-9 0 10 0 -10 0 -2 0 5 0 -1 2 -2 0 1 2 1 0 -1 50
-23 0 5 0 -2 0 -1 0 -6 0 2 0 -1 0 -2 0 3 4 1 50
-14 0 -11 0 -7 1 2 0 -2 0 -1 0 3 0 1 0 -1 54
-2 63
-2 63
0 0 -1 0 2 0 -1 0 1 2 -2 0 2 55
-4 0 5 0 -15 0 -2 0 3 1 1 0 2 0 -3 0 1 2 1 51
-16 1 -2 0 1 0 -4 0 2 1 -2 0 2 0 -1 2 1 0 -1 50
-17 0 2 0 2 0 -1 60
-23 0 3 0 1 0 1 60
-23 0 -2 62
-22 1 1 61
-22 63
-19 0 -3 62
-15 0 1 0 2 0 -1 0 -1 59
-21 0 1 0 1 0 2 0 2 59
-19 0 1 1 -1 0 -1 59
-23 0 1 0 2 0 1 0 1 0 1 58
-25 0 3 0 1 0 1 60
-21 0 -5 0 1 0 -1 2 -1 57
-15 1 2 0 -1 60
-21 0 3 0 1 0 1 60
-21 0 -2 0 1 61
-13 0 -2 1 -2 0 -1 59
-18 1 1 0 3 60
-13 0 -1 0 1 61
-11 0 -1 0 1 61
-10 0 -1 62
-9 63
-8 0 -1 0 1 61
-5 0 -2 0 3 5 1 55
0 0 -2 0 2 1 1 0 -1 2 -1 55
5 0 -1 0 1 61
6 3 1 0 -1 58
6 0 1 0 -2 61
-40 0 10 0 2 0 -2 0 2 0 -1 1 1 1 1 54
-57 0 3 0 2 0 1 1 -1 2 -1 55
-57 0 -4 0 1 1 1 0 1 58
-55 0 3 62
-48 0 -11 0 -12 0 2 0 4 0 2 0 -1 0 2 0 2 0 -1 2 -1 51
-27 0 -4 0 -6 0 -2 0 -3 1 -1 0 -1 0 -1 55
-23 0 -3 0 -1 2 1 58
-20 0 2 0 1 0 -1 0 -2 0 -1 58
-26 0 1 0 2 61
-26 0 -1 2 1 59
-28 0 4 0 -1 2 -1 58
-30 0 -3 62
-25 0 -1 62
-24 63
-24 1 1 61
-24 1 1 61
-23 3 1 59
-22 0 1 0 3 0 -1 0 -1 0 -1 2 1 55
-38 0 10 0 8 0 1 0 -1 0 -1 2 -1 0 1 54
-58 0 7 0 6 0 1 0 3 0 1 3 1 54
-64 63
-64 63
-63 1 -1 61
-60 0 -4 0 -3 0 1 1 1 1 1 1 -1 54
-58 0 2 0 -2 0 1 0 2 0 2 58
-57 0 -2 0 -6 1 1 59
-49 0 -4 0 -9 2 -1 2 1 55
-42 0 -4 0 -6 1 -1 0 -3 3 -1 54
-34 0 -1 0 -1 0 -1 0 -1 0 -1 2 -1 0 -1 54
-35 1 2 0 1 0 -1 59
-35 0 1 0 2 0 -1 0 1 59
-42 0 9 0 3 0 -3 0 -2 3 -1 55
-59 0 1 0 3 0 1 0 1 0 2 2 -1 0 1 4 1 49
-53 0 -10 0 -6 0 2 0 3 0 2 1 1 0 2 3 -1 51
-34 0 -2 0 -6 0 -3 0 -1 0 -3 1 -1 0 1 55
-52 0 12 0 -5 0 2 0 -2 0 -1 2 -2 55
-62 1 -1 0 1 0 1 2 -1 56
-51 0 -6 0 -6 0 -2 0 -3 0 -2 1 3 0 4 55
-46 0 -5 0 -2 0 5 0 10 0 3 0 -1 0 -3 0 -4 0 -1 2 -2 0 -1 50
-9 0 -18 0 -14 0 -3 0 -7 0 -1 0 -1 1 2 0 -1 2 1 51
5 0 1 0 2 4 -1 0 -1 3 -1 51
4 63
4 63
4 0 1 0 -1 0 -1 0 1 2 -1 0 1 55
4 0 -1 0 -1 0 -1 0 -1 3 -1 55
-1 0 8 0 8 0 -2 0 -6 0 -3 0 1 0 1 0 2 0 1 4 -1 49
-34 0 18 0 24 0 1 0 4 0 2 0 1 0 -3 0 -5 0 1 2 -1 5 1 45
-57 1 2 0 3 0 1 0 1 1 2 0 2 0 1 2 1 0 1 50
-39 0 -10 0 2 0 -4 0 5 0 -1 1 -2 0 1 0 -1 3 -1 50
-30 0 -7 0 -11 0 -1 1 -1 1 -1 0 -1 0 -1 54
-13 0 -10 0 -13 1 -2 0 -1 3 -1 54
1 0 -1 0 -2 0 -2 0 -4 0 -2 6 1 51
-4 0 3 0 3 1 2 0 1 6 -1 0 -1 50
-11 0 3 62
-31 0 18 0 13 0 -1 0 -5 0 -1 0 1 0 -2 0 -2 0 1 2 2 51
-51 0 -2 0 -4 0 2 0 9 0 6 1 1 0 2 0 1 1 1 0 -1 1 1 49
-43 0 -2 0 -19 0 -1 4 1 0 1 54
-45 0 4 0 -15 0 -1 0 -4 0 4 1 2 0 -4 0 1 4 1 49
-41 0 -12 0 13 0 3 0 -5 0 3 0 -1 0 -3 0 6 55
-14 0 -6 0 2 0 -2 0 3 0 -1 0 -1 0 1 0 -1 55
-9 0 3 1 -2 0 -1 59
-18 0 1 62
-19 0 1 62
-26 0 6 0 7 1 -3 0 -2 3 1 54
-37 0 4 0 8 1 4 0 1 1 -1 0 -1 0 1 54
-47 0 4 0 -1 0 2 0 1 3 1 0 1 54
-45 0 -1 0 -2 0 -1 1 -1 58
-47 1 -1 1 -1 0 -1 58
-46 1 1 0 -1 60
-47 1 1 61
-47 1 1 61
-47 0 1 2 1 59
-48 1 -1 2 -1 58
-43 0 -5 0 -1 1 -2 3 -1 0 1 54
-34 0 -5 0 10 0 1 0 -2 0 1 1 -1 0 1 0 1 2 -1 51
-21 0 -5 0 5 0 -1 0 2 0 -1 2 -1 0 1 54
-14 0 -1 62
-12 0 -1 62
-9 0 -3 0 2 0 1 0 -1 0 1 58
0 0 -3 0 3 0 -1 0 2 59
3 63
-2 0 5 0 -1 0 -1 0 1 59
-7 63
-6 0 -1 62
-6 63
-1 0 -2 1 -1 60
1 63
1 7 1 55
-3 0 4 0 -6 0 -1 0 3 0 -2 3 -1 54
-18 0 9 0 -14 0 -1 0 1 0 -1 0 1 0 1 0 -1 0 -1 54
-41 0 9 0 -4 0 2 0 -5 0 4 3 -1 2 -1 51
-52 0 2 0 3 0 2 0 1 3 1 55
-48 0 -7 0 3 0 3 0 -4 0 3 0 -1 0 1 0 -4 0 1 3 -1 50
-20 0 -13 0 17 1 1 0 -1 0 -1 0 -3 0 5 0 1 2 1 0 -1 50
-5 0 2 0 -2 0 -2 0 5 0 -4 0 -1 0 1 0 1 0 -1 3 1 0 -1 49
-2 0 -2 0 -2 0 -1 0 -2 0 -1 1 -1 0 -2 0 -1 2 -1 0 -1 50
-2 63
-2 63
-3 63
1 0 -6 0 6 0 1 0 -3 0 1 6 -1 51
4 0 10 0 -5 0 -3 0 7 0 -3 1 2 0 -2 3 2 0 -1 50
-18 0 5 0 -2 0 2 0 -3 0 2 0 1 0 -2 0 2 0 -1 54
-25 0 2 0 1 0 1 60
-25 1 1 61
-25 0 -1 0 1 61
-22 0 -1 62
-18 0 -2 62
-18 0 2 0 -2 1 1 0 2 58
-19 0 -3 0 -5 1 -1 0 1 58
-17 0 2 0 -4 0 -1 1 1 58
-25 0 4 0 -2 1 -2 0 1 58
-29 1 -1 1 2 0 1 58
-24 0 -3 0 1 1 -1 0 1 58
-18 1 1 0 -1 60
-24 0 2 1 1 60
-22 0 -3 1 1 60
-15 0 -1 0 1 0 -2 60
-20 0 -1 0 1 0 3 60
-15 0 -1 0 1 61
-13 0 -1 0 1 61
-11 0 -1 0 1 61
-10 0 -1 62
-9 1 1 61
-9 63
-8 0 -1 0 1 1 -1 0 1 2 -1 55
-3 0 -3 0 6 4 -1 0 1 55
2 0 -2 0 2 1 1 0 -1 2 -1 0 1 54
4 1 3 5 1 55
-54 0 5 0 4 0 -1 0 1 0 2 1 -1 1 1 54
-58 0 -3 0 -3 0 1 0 1 3 1 55
-51 0 -1 0 -2 0 -1 0 -1 0 -1 0 -1 0 -1 0 -1 3 1 0 1 50
-38 0 -12 0 -14 0 1 0 2 2 3 0 3 0 -1 54
-19 0 -3 0 -5 0 -1 0 -2 0 -2 1 -1 0 -1 55
-19 0 2 2 -1 0 -1 58
-21 0 1 0 1 1 -1 59
-24 0 1 2 1 59
-26 0 1 0 -1 61
-27 0 1 0 2 5 -1 55
-29 0 1 0 -1 61
-31 0 -2 1 1 0 -1 59
-26 0 -1 0 1 0 -1 60
-26 1 1 61
-26 63
-25 1 1 1 -1 59
-25 0 -1 0 1 0 -1 0 -1 1 1 0 1 0 1 55
-41 0 10 0 9 0 3 0 1 0 1 1 -2 0 -2 55
-55 0 8 0 3 2 1 6 1 51
-62 0 -1 0 -2 1 1 0 1 58
-60 0 -1 0 -5 1 1 0 1 58
-56 0 -3 0 -7 1 1 59
-49 0 -3 0 -8 1 -1 0 -2 2 1 55
-47 1 -3 1 -1 0 -1 2 -1 0 -1 54
-46 0 1 0 -3 0 -1 1 -1 58
-48 0 -1 0 -1 0 1 0 -1 59
-42 0 -2 1 -1 60
-40 0 -2 0 1 0 1 60
-35 1 3 0 -1 0 -1 0 -2 2 1 0 1 54
-42 0 3 0 7 0 1 0 -2 0 -3 3 1 54
-46 1 10 0 1 0 1 0 -2 1 -1 1 1 54
-45 0 2 0 2 0 -1 0 2 0 -2 1 -1 0 1 55
-46 0 -2 0 -7 0 1 0 1 0 -3 58
-48 0 8 0 5 1 -4 0 -1 0 -1 0 -3 0 -4 3 1 51
-43 0 -4 0 4 0 -2 0 2 0 2 0 -1 1 1 0 1 2 -1 51
-43 0 5 0 -5 0 1 0 4 0 2 0 -1 0 -1 0 -2 0 -1 54
-44 0 2 0 -9 0 -1 0 -7 0 -3 1 1 0 1 3 2 0 1 50
-46 0 -6 0 -8 0 4 0 10 0 5 1 -1 1 -1 2 -2 0 -1 0 1 49
-12 0 -18 0 -16 0 -1 0 -8 0 -2 0 -1 0 2 0 1 0 -1 2 1 51
4 0 1 0 1 1 1 59
3 63
4 63
4 63
4 63
-7 0 13 0 14 0 -3 0 -8 0 -3 0 1 1 1 0 1 2 1 51
-46 0 15 0 15 0 3 0 9 0 4 0 1 0 -1 1 1 2 -2 0 -1 0 1 49
-58 0 -1 0 -1 0 1 0 1 2 -1 0 -1 55
-49 0 -2 0 -8 0 -2 0 -2 2 2 0 2 55
-40 0 -13 0 -3 0 1 0 2 0 2 2 -3 0 -1 2 1 0 1 0 1 49
-9 0 -15 0 -11 0 -3 0 -3 0 1 0 -1 0 1 0 3 3 1 51
4 2 -1 0 -2 0 -1 2 -1 55
-2 0 3 0 1 0 1 0 1 59
-6 0 2 62
-15 0 11 0 3 0 -5 0 -3 1 2 0 1 56
-49 0 -5 0 -4 0 8 0 10 0 2 0 1 0 2 0 2 1 1 1 -1 51
-28 0 -7 0 -4 1 -3 0 -1 0 -1 0 -1 1 -1 54
-20 1 -3 1 1 59
-20 0 2 0 -2 0 -1 1 -1 1 -1 56
-36 0 15 0 -11 0 -2 0 2 0 -1 0 1 0 2 0 -2 0 -1 1 -1 0 1 0 -1 50
-28 0 -29 0 6 0 -3 0 3 0 1 0 1 0 -4 0 2 2 -2 0 1 3 -1 47
-9 0 7 1 -1 0 -1 2 -1 56
-18 0 2 0 1 1 -1 59
-29 0 10 0 9 0 -1 0 -3 0 -1 0 1 0 -1 0 -1 0 1 2 1 51
-49 0 5 0 4 0 1 0 4 0 2 1 1 0 1 0 1 54
-49 0 -1 0 1 1 -1 0 1 58
-48 0 -2 1 1 0 1 0 1 58
-45 0 -1 0 1 61
-48 0 3 0 2 1 -1 0 -1 58
-51 1 5 2 -2 3 1 54
-53 1 5 2 -2 58
-51 0 -1 0 4 1 1 0 -1 3 1 54
-49 0 -1 0 2 1 1 3 -1 55
-48 0 -1 62
-46 4 1 2 -1 55
-47 0 1 2 1 0 1 58
-43 0 -8 0 7 0 2 0 -4 0 2 2 1 0 1 2 -1 51
-21 0 -8 0 6 0 -2 0 3 0 -1 0 -1 2 1 54
-12 0 -2 62
-10 0 -1 62
-7 0 -2 0 1 0 1 0 -1 0 1 58
0 0 -2 0 2 0 -1 0 1 59
-1 0 4 1 -2 2 1 57
-10 0 -1 0 4 0 1 1 -1 58
-9 0 -1 0 2 61
-9 0 2 0 4 2 -1 58
-3 0 -5 0 1 0 -2 0 1 59
1 63
0 63
0 1 1 61
0 0 1 2 1 3 1 55
-10 0 10 0 -10 0 -2 0 4 0 -2 0 1 2 -1 54
-37 0 12 0 -15 0 1 0 -2 0 1 0 1 0 1 0 -1 0 -1 54
-52 2 2 0 -5 0 2 2 1 2 -1 52
-41 0 -5 0 -1 0 -1 0 7 0 -2 0 -1 0 1 1 1 1 -1 0 2 0 -1 50
-24 0 -11 0 8 1 -5 0 3 0 -1 0 -2 0 3 3 -1 0 1 50
-4 0 -4 0 4 0 -2 0 3 0 -1 1 1 0 -1 0 1 54
-2 63
-2 63
-3 63
-4 63
-1 0 -4 0 4 0 1 0 -2 0 1 58
0 0 9 0 -6 0 -4 0 7 0 -2 1 1 0 -2 3 2 51
-25 0 5 0 -3 0 3 0 -3 0 2 0 1 0 -2 0 2 0 -1 2 1 0 -1 50
-28 63
-25 0 -3 0 -1 1 1 0 1 2 -1 55
-17 0 -4 0 -5 5 1 55
-12 0 -1 0 -2 1 -1 0 -1 58
-9 0 -2 0 -1 2 -1 58
-7 0 -1 0 -1 2 -1 58
-7 0 1 0 -3 61
-12 0 4 0 -5 0 -1 0 1 4 -1 54
-20 0 1 0 -5 0 1 0 -1 59
-23 0 1 1 1 0 -1 3 1 55
-22 1 2 0 -1 60
-26 0 2 0 2 0 1 60
-21 0 -4 2 1 0 -1 58
-17 0 2 0 1 0 -2 0 -2 59
-24 0 -3 0 2 0 3 0 1 59
-17 0 -1 0 1 61
-15 0 -1 0 1 61
-13 0 -1 0 1 61
-12 0 -1 0 1 61
-11 63
-10 1 1 61
-9 1 1 61
-9 63
-9 0 -1 0 2 1 -2 0 1 2 -1 55
-5 0 -2 0 5 1 1 3 1 55
-56 1 -1 1 1 0 1 58
-55 0 -1 0 -3 0 1 0 -1 0 2 2 -1 0 -1 54
-41 0 -14 0 -6 0 2 0 1 2 2 0 3 55
-20 0 -2 0 2 0 -1 0 -1 0 -1 1 -1 0 -1 55
-19 0 2 0 3 0 -1 60
-23 0 2 0 2 1 -1 59
-26 1 2 1 1 59
-23 0 -1 2 1 59
-24 0 2 0 -2 2 1 58
-27 0 1 0 -1 1 -1 59
-29 0 1 62
-31 0 1 1 1 0 -1 59
-29 0 -1 1 -1 0 1 59
-27 0 -2 0 -2 2 1 58
-26 0 1 0 1 1 -1 0 -1 58
-28 0 -1 5 1 0 1 55
-38 0 11 0 9 4 -3 0 -2 55
-46 0 -1 0 -2 0 -3 0 -2 0 -1 0 1 0 2 0 2 2 1 0 1 51
-55 0 1 0 -2 0 2 0 2 1 1 0 1 56
-52 0 -2 0 -3 2 -1 58
-49 0 -1 0 -2 61
-45 0 -3 0 -1 61
-44 0 1 0 1 0 1 3 -1 56
-43 1 2 1 -1 0 -2 2 1 0 1 54
-48 0 3 0 6 1 -1 0 -2 58
-53 0 2 0 8 2 -1 2 -1 55
-54 0 1 0 10 2 1 58
-57 0 1 0 8 2 2 2 -1 55
-60 0 2 0 6 1 1 0 3 3 1 54
-62 0 1 0 1 1 1 0 1 2 1 0 1 54
-63 63
-60 0 -2 0 5 1 -1 0 2 58
-54 0 -3 0 10 0 -1 0 -2 0 1 0 1 57
-52 0 -7 0 -3 0 2 0 4 1 1 0 3 0 2 55
-41 0 -6 0 -2 0 2 60
-36 0 3 0 7 1 -4 0 -2 1 -1 0 -1 0 -1 2 1 51
-39 0 -7 0 -6 0 5 0 8 0 2 1 1 0 2 0 1 3 1 50
-6 0 -13 0 -11 0 -3 0 -6 0 -3 0 -1 0 1 1 -1 2 1 51
2 0 1 0 1 1 1 59
2 0 -1 62
3 63
3 63
3 0 1 0 1 1 -1 59
-11 0 14 0 13 0 -2 0 -4 0 -1 0 1 0 -1 0 -3 3 1 51
-44 0 12 0 5 0 1 0 3 0 2 0 1 0 2 0 4 0 1 2 1 5 -1 45
-57 2 1 0 1 0 1 58
-47 0 -8 0 -8 0 -1 0 1 0 2 1 2 0 1 55
-33 0 -11 0 -14 0 3 0 9 0 4 2 2 0 -1 1 -1 0 -3 0 -1 50
-12 0 -9 0 -6 0 2 0 -9 0 -4 1 -1 1 -2 54
-2 1 7 1 1 2 -1 0 -1 55
1 0 1 0 1 0 -2 0 1 59
-2 1 -1 61
-4 0 2 0 -1 61
-20 0 22 1 -8 0 -2 1 2 57
-36 0 -21 0 -2 0 -3 1 -1 1 1 56
-21 0 2 0 -2 0 -1 3 1 0 -1 55
-21 0 -1 0 4 0 -1 1 1 3 -1 54
-18 0 -2 2 2 2 1 0 1 55
-19 0 5 0 -2 0 -2 0 1 0 -1 0 1 57
-34 0 -22 0 -1 0 16 0 -2 1 3 0 -1 0 -1 3 -1 51
-11 0 8 0 1 0 2 60
-26 0 12 0 8 0 -2 0 -4 0 -1 0 1 2 1 2 1 51
-49 0 3 0 3 0 2 0 4 0 1 1 1 0 1 55
-49 0 -1 62
-48 0 1 62
-48 1 2 0 -1 0 -1 0 -1 1 1 0 1 55
-52 0 3 0 5 5 -1 55
-58 0 3 0 2 0 -1 0 1 0 1 3 1 54
-62 63
-62 63
-62 0 -1 0 1 61
-59 0 -2 0 3 1 -1 0 1 58
-53 0 -4 0 6 1 1 2 -1 0 1 55
-47 0 -2 0 1 1 1 0 -1 58
-45 4 -1 58
-46 0 1 0 -1 61
-42 0 -8 0 6 0 3 0 -5 0 1 0 -1 5 -1 51
-17 0 -8 0 5 0 -2 0 3 0 -1 0 -1 0 1 0 -1 55
-9 1 -1 61
-8 1 -1 61
-5 0 -3 0 1 0 1 0 -1 59
-1 0 1 1 -1 0 2 59
-6 1 -7 0 1 1 -1 1 1 56
-4 1 -5 2 -1 58
-4 1 -5 2 -2 3 -1 54
-1 0 -1 0 -2 0 -1 0 -1 0 -1 2 -1 55
0 63
0 63
-1 0 1 1 -1 60
-7 0 -1 0 5 0 1 0 -1 0 2 0 1 1 1 0 -1 54
-6 0 -2 0 4 0 1 0 1 0 1 58
-5 0 4 0 -4 0 -1 0 3 0 -2 2 1 0 -1 54
-25 0 15 0 -17 0 -1 0 2 0 -1 0 1 0 1 0 -2 0 -1 54
-50 1 -2 0 7 0 -9 0 3 0 -1 1 2 3 -1 1 1 49
-23 0 -8 0 -1 0 -4 0 4 0 -2 0 -1 0 1 0 -1 55
-15 0 -5 0 -1 1 -3 0 1 1 1 0 -1 55
-7 0 -5 0 7 1 3 0 -2 1 -1 1 1 2 1 51
-3 63
-3 63
-4 63
-5 63
-2 0 -4 0 4 0 1 0 -2 0 1 58
-11 0 17 0 -3 1 3 0 -1 1 2 0 -2 0 -1 2 1 51
-22 0 -4 0 -7 1 1 0 1 2 1 55
-14 0 -3 0 -5 1 -2 0 -1 58
-11 0 1 0 -1 2 1 2 -1 55
-10 0 -2 0 -3 1 1 0 1 58
-6 1 -5 2 1 58
-6 0 -1 0 -2 1 -1 0 1 58
-5 63
-4 3 1 0 -1 58
-6 0 2 0 -5 1 1 0 -1 58
-18 0 9 0 -7 1 -1 0 1 1 1 0 -1 55
-27 0 -1 1 -1 0 -1 0 1 1 -1 0 1 55
-34 0 6 0 4 1 -2 59
-31 0 -8 0 7 1 1 3 -1 0 1 54
-28 0 5 0 6 1 1 0 1 1 -1 0 -1 55
-28 0 -6 62
-20 0 -1 0 1 61
-17 0 -1 0 1 61
-15 0 -1 0 1 61
-12 0 -1 1 -1 60
-12 1 1 61
-11 1 1 61
-11 1 1 61
-10 1 1 61
-10 63
-10 63
-45 0 -2 0 -2 2 -2 3 -1 54
-42 0 -1 0 -1 1 1 0 -1 3 -1 54
-35 0 -4 2 -1 0 1 2 -1 55
-25 0 -5 0 2 2 -1 2 1 0 1 54
-19 0 3 0 1 0 -2 0 -1 0 -2 58
-30 0 3 0 3 0 1 0 1 3 -1 55
-26 0 -6 0 -1 1 1 0 -1 2 1 55
-21 0 2 0 2 0 -1 0 -2 0 -2 2 -1 55
-25 0 1 0 4 2 1 3 -1 54
-28 0 1 0 1 1 1 3 1 55
-29 63
-30 0 1 2 1 59
-26 0 -3 0 -2 0 -1 0 -1 0 -1 2 1 55
-26 0 3 0 3 1 -1 0 -1 1 -1 0 -1 55
-29 0 -1 0 -1 1 1 2 1 0 1 55
-37 0 10 0 8 0 -1 0 -2 2 -2 0 -2 3 1 51
-46 0 -2 0 -2 0 -1 0 -1 2 3 0 3 3 1 51
-52 0 4 0 3 0 2 0 2 0 1 1 -1 0 -1 3 -1 51
-51 0 -1 0 -1 0 -1 60
-50 1 1 1 -1 0 -1 58
-50 0 1 0 5 1 -1 0 -2 58
-52 1 9 5 -1 55
-57 0 3 0 7 0 1 0 1 0 2 2 -1 55
-61 0 1 0 4 1 1 0 2 3 1 54
-63 0 1 0 1 1 1 0 1 58
-64 63
-63 63
-63 63
-63 63
-63 63
-63 63
-63 63
-63 63
-52 0 -6 0 5 0 -2 0 -2 0 -1 1 -2 56
-37 0 -8 0 1 1 2 0 -1 0 -1 1 -1 55
-41 0 14 0 -7 0 2 1 1 0 -1 0 1 0 -2 55
-21 0 -26 0 -13 0 -2 0 -2 0 2 0 -1 0 3 0 4 55
2 0 1 0 1 4 -1 56
1 63
1 63
2 63
2 0 1 0 1 0 -1 0 -1 3 1 55
-9 0 8 0 9 1 1 1 1 0 -2 0 -3 0 1 54
-28 0 8 1 1 2 1 0 1 0 1 3 1 0 1 50
-52 0 7 0 -1 0 7 0 4 0 1 1 -1 0 -1 55
-40 0 -8 0 -13 0 -1 0 -1 1 -1 0 1 0 1 0 -1 2 1 0 1 50
-19 0 -12 0 -13 1 3 0 1 0 -1 0 1 0 3 0 -1 2 -2 0 -1 50
0 0 -3 0 -3 0 -2 0 -4 0 -2 1 -1 0 -2 0 -1 3 -1 50
-3 0 3 0 -5 0 1 0 2 2 1 56
-4 0 -1 0 -6 1 -1 59
0 2 -1 3 -1 56
0 1 -1 61
-1 0 1 0 -1 61
-14 0 18 0 -5 0 -8 0 3 0 1 0 2 0 -1 0 -1 1 -1 53
-40 0 -19 0 4 0 3 0 -3 1 2 0 -4 0 2 1 1 0 -1 0 1 0 -1 50
-19 0 -2 0 1 0 -1 0 1 59
-21 1 1 0 2 0 -3 0 -1 2 1 2 1 52
-16 0 -2 1 -1 1 -1 2 -1 55
-20 0 7 0 3 0 -4 0 -2 0 -1 0 1 0 1 0 1 55
-32 0 -24 0 2 0 9 0 2 0 -1 0 4 0 3 2 1 53
-17 0 9 0 4 0 -1 0 -2 0 -1 0 1 0 2 0 1 55
-46 0 8 0 5 0 4 0 5 0 1 0 1 5 -1 51
-49 0 -1 0 -1 61
-49 63
-49 0 2 0 1 0 -1 0 -1 0 -1 58
-56 0 2 0 2 0 1 0 1 0 1 58
-58 63
-59 0 1 0 -1 61
-62 0 1 1 1 60
-63 63
-62 63
-62 63
-61 0 -1 62
-56 0 -4 0 4 0 1 0 -1 0 1 2 1 55
-48 0 -2 0 2 1 1 59
-45 63
-47 0 1 0 -1 61
-36 0 -16 0 8 0 2 0 -2 0 1 1 -2 0 2 0 1 54
-10 0 -4 0 2 0 -1 0 2 59
-6 63
-6 63
-3 0 -3 0 1 4 -1 56
0 63
0 63
0 63
-1 63
-1 63
-1 63
-1 0 1 62
-3 1 -2 2 -1 3 -1 54
-3 0 -1 0 -2 1 -1 0 -1 58
-2 63
-3 0 1 0 -1 1 1 59
-17 0 13 0 -15 0 -3 0 7 0 -3 0 1 1 -1 0 -1 2 1 51
-31 0 -12 0 1 0 3 0 -9 0 2 0 1 0 -5 0 5 3 -1 4 -1 0 1 45
-18 0 -2 0 8 1 2 0 -2 0 2 0 -1 0 -1 55
-35 0 -1 0 10 0 10 0 -3 0 1 0 2 1 -2 0 1 0 1 0 -1 6 -1 45
-11 0 -11 0 9 0 -3 0 5 0 -1 0 -1 5 1 51
-3 63
-4 63
-5 63
-6 0 1 62
-5 3 1 0 -1 1 -1 0 1 55
0 0 -6 0 -8 1 2 0 -1 2 -1 55
5 0 1 0 -12 0 -1 1 1 1 1 0 -1 55
3 0 -1 0 -9 2 1 3 -1 54
5 0 -2 0 -10 2 2 2 -1 0 -1 54
10 0 -3 0 -7 1 -1 0 1 2 1 0 -1 54
11 0 1 0 -9 1 1 4 -1 54
5 0 5 0 -11 1 -1 0 1 2 -1 0 -1 54
-1 0 1 0 -5 1 -1 0 2 3 -1 54
-2 1 -1 1 -1 0 1 58
-2 0 2 0 -2 0 -1 0 2 0 -1 1 -1 0 1 55
-14 0 8 0 -10 1 1 2 1 0 -2 55
-36 0 14 0 -5 0 -1 0 -1 0 3 0 1 2 -1 54
-46 0 -11 0 1 0 2 0 -2 0 1 1 -1 0 1 55
-32 0 3 0 -1 0 -1 1 -1 1 1 56
-29 0 -5 0 1 0 -1 60
-23 0 -1 0 1 61
-20 0 -1 0 1 61
-18 0 -1 0 1 61
-16 0 -1 0 2 61
-15 0 -1 0 1 61
-13 1 1 61
-12 1 1 61
-12 1 1 61
-11 1 1 61
-11 1 1 61
-47 3 -1 0 1 58
-45 0 -3 0 2 0 1 0 -1 0 1 58
-37 0 -2 0 2 1 1 59
-32 0 -2 0 -1 2 1 1 1 56
-29 0 1 0 1 1 1 0 1 2 1 0 1 54
-28 0 -2 0 -3 1 1 59
-26 0 1 0 -2 1 -1 59
-26 0 -1 0 -2 61
-26 0 2 0 -1 0 -1 0 -1 59
-31 63
-30 63
-30 7 -1 55
-31 0 1 0 3 0 -1 1 1 1 -1 56
-30 0 -3 0 -2 0 1 3 1 0 1 55
-33 0 10 0 7 0 -3 0 -4 0 -2 1 -1 0 -1 3 1 51
-45 0 -3 0 -3 0 1 0 2 0 1 1 3 0 3 55
-49 0 9 0 6 2 -1 1 -2 0 -1 55
-58 1 4 1 -1 0 -1 58
-59 0 1 0 6 2 1 58
-62 0 1 0 3 1 1 0 1 58
-64 63
-62 0 -2 1 -1 60
-63 0 1 1 1 60
-64 63
-64 63
-63 63
-63 63
-63 63
-63 63
-63 63
-63 63
-63 63
-63 63
-63 0 -1 1 1 0 -1 59
-43 0 -17 0 2 0 -1 0 1 1 -1 57
-18 0 -8 0 -10 0 1 0 5 1 -1 0 2 0 2 2 -1 0 -1 51
-1 0 -2 0 -1 0 -2 0 -2 0 -1 0 -1 0 -2 0 -2 2 -1 0 -1 51
0 63
1 63
1 0 -1 62
1 0 1 0 1 1 -1 2 1 56
-17 0 18 0 14 0 -2 0 -3 1 1 0 -2 0 -2 55
-33 0 -17 0 8 0 4 0 4 0 1 0 3 0 -1 0 1 3 1 0 1 50
-36 0 12 0 6 0 3 0 -1 0 1 0 2 0 -1 0 1 0 -1 54
-45 0 -12 0 -4 0 6 0 3 0 3 2 -2 0 -2 1 1 1 1 4 1 45
-10 0 -12 0 -11 0 -2 0 -2 1 -1 0 1 0 3 3 1 51
1 0 -1 1 -1 0 -1 0 -1 1 -1 0 -1 3 -1 0 -1 50
1 63
1 63
1 63
1 63
1 0 -1 0 -1 61
2 1 -1 61
-1 0 4 0 -3 0 -2 0 2 0 -1 0 1 0 -1 0 1 55
-36 0 19 0 -12 0 7 0 -8 0 4 1 6 0 -4 0 -1 2 -1 4 1 46
-33 0 -10 0 13 0 -1 0 2 0 -2 0 -1 0 -1 0 1 0 1 2 1 0 -1 50
-31 0 14 0 4 0 -2 0 1 0 -1 0 -2 0 1 0 -1 0 1 0 1 53
-25 1 9 0 -5 0 -3 0 -3 0 -1 1 1 0 1 0 -1 53
-41 0 8 0 7 0 3 0 10 0 4 1 -5 0 -6 0 -1 3 1 0 1 49
-26 0 -18 0 -13 0 -3 0 -8 0 2 1 1 0 3 3 1 51
-33 0 21 0 6 1 -1 2 -3 0 -1 0 1 54
-50 0 -2 0 -1 61
-48 63
-49 0 1 0 1 1 -1 2 1 56
-56 0 3 0 2 0 1 0 2 59
-58 63
-58 63
-58 63
-61 0 2 62
-63 63
-63 63
-62 63
-61 0 -1 62
-59 1 -1 61
-53 0 -6 0 2 1 -1 2 -1 0 1 55
-45 0 -1 62
-44 0 1 0 -1 61
-46 1 1 0 2 0 -2 1 -1 0 1 0 -1 55
-19 0 -16 0 6 0 -3 0 3 1 -1 57
-5 1 -1 61
-5 1 -1 61
-5 0 -1 1 1 0 -1 59
-1 0 -1 1 -1 60
0 63
-1 63
-1 63
-1 63
-1 63
-2 63
-2 63
-2 63
-3 63
-3 63
-4 63
-13 0 11 0 -9 0 -2 0 6 0 -2 3 -1 2 1 51
-30 1 3 0 1 0 -10 0 -2 0 1 0 -2 0 3 0 -1 2 1 4 -1 46
-50 0 5 0 4 0 8 0 1 0 -1 0 1 0 2 0 -1 1 1 53
-35 0 -4 0 9 0 -4 0 -4 1 -1 0 3 0 -2 55
-15 0 -15 0 13 0 -4 0 8 0 -3 0 -1 1 -1 0 1 2 1 51
-5 63
-5 63
-6 63
-7 63
0 0 -10 0 6 0 3 0 -3 1 -1 0 -1 0 1 3 -1 51
31 0 -9 0 -4 0 -3 0 4 0 -2 0 -1 0 1 0 -1 5 -1 49
35 1 -9 2 -2 3 -1 54
36 1 -8 2 -2 3 -1 54
36 1 -6 2 -2 3 -1 54
35 0 1 0 -8 2 -2 3 -1 54
32 0 2 0 -7 2 -1 3 -1 54
25 0 4 0 -10 1 1 0 -1 3 -1 54
16 0 4 0 -12 2 1 2 -1 0 -1 54
9 0 2 0 -10 1 -1 0 1 3 -1 54
5 0 2 0 -6 1 -1 0 1 3 -1 54
-4 0 7 0 -11 0 -1 0 3 0 -2 2 1 0 -1 54
-23 0 8 0 -18 0 2 0 -2 0 1 0 1 0 2 0 -3 0 -1 54
-32 0 3 0 -2 1 -2 0 2 1 -1 0 2 0 -1 54
-33 0 -4 0 2 1 -1 59
-27 0 -1 0 2 61
-24 0 -1 0 1 61
-21 0 -1 0 1 61
-19 0 -1 0 1 61
-17 0 -1 0 1 61
-15 0 -1 0 1 61
-15 1 1 61
-14 0 -1 0 2 61
-13 0 -1 0 1 61
-12 1 1 61
-45 0 -1 0 -1 1 1 59
-44 0 1 0 -2 61
-40 0 -5 0 1 61
-31 0 -2 1 -1 60
-30 63
-30 0 -1 0 2 2 1 58
-29 1 2 2 1 58
-29 0 -1 0 3 2 1 58
-28 0 1 0 1 1 1 0 1 2 1 55
-31 0 1 62
-30 0 -1 0 -1 1 1 59
-29 0 1 1 -1 0 -1 0 -1 58
-29 0 -3 0 -2 0 1 0 1 2 1 0 1 55
-32 0 11 0 5 0 -3 0 -5 0 -2 0 1 1 -1 55
-47 0 -6 0 -1 0 3 0 6 0 2 1 2 0 2 3 -1 51
-46 0 12 0 6 0 -1 0 -3 0 -1 1 -2 0 -2 55
-62 0 2 0 2 0 1 0 1 0 1 1 1 0 1 55
-64 63
-64 63
-64 63
-64 63
-62 0 -2 0 1 61
-61 0 1 0 -2 1 1 59
-62 0 1 0 -2 2 1 58
-63 1 -1 2 1 58
-63 63
-63 63
-63 1 -1 2 1 3 -1 54
-63 63
-63 63
-63 63
-63 63
-63 63
-62 0 -1 0 -1 61
-42 0 -24 0 -8 0 4 0 4 0 3 0 -1 2 -1 2 -2 51
-3 0 -4 0 -2 0 -3 0 -4 0 -1 0 -1 0 -1 56
-9 0 3 0 11 0 3 0 -2 0 -3 1 -2 0 1 0 1 54
-2 0 -3 0 2 0 -1 0 2 0 -1 0 -1 0 1 0 -1 55
0 63
1 2 -1 0 -1 59
-17 0 16 0 16 0 2 0 -4 0 -2 0 -1 0 -4 0 -2 0 1 1 1 0 1 51
-40 0 13 0 4 0 -1 0 1 0 -1 1 1 0 1 0 1 1 1 0 1 51
-45 0 -16 0 8 0 3 0 -7 0 -2 0 1 0 1 0 2 55
-35 0 2 0 -1 0 5 0 13 0 -1 0 -1 1 -5 0 -1 2 -1 1 1 49
-10 0 -14 0 -12 0 -3 0 -7 0 -3 0 -1 1 1 0 -1 2 1 51
1 0 1 0 1 61
1 63
1 63
1 63
1 63
1 63
3 0 -1 0 -1 61
4 0 -1 0 -1 61
6 0 -1 0 -2 61
4 0 5 0 -8 0 -2 0 5 0 -2 1 -1 0 2 0 -1 3 1 50
-21 0 11 0 -30 0 2 0 2 1 1 0 2 0 -5 3 1 0 -1 5 -1 44
-34 0 4 0 -24 1 1 0 11 1 -1 1 1 1 -1 0 -1 0 1 0 1 49
-27 0 -8 0 -30 0 1 0 4 0 7 0 -1 0 -1 0 5 0 2 2 -1 1 1 49
-2 0 -7 0 -20 0 -4 0 -14 0 -6 1 1 1 -1 2 1 1 -1 49
-10 0 9 0 3 0 -2 0 -1 1 1 0 2 56
-47 0 12 0 4 0 7 0 3 0 1 0 1 0 1 3 -1 52
-50 0 -3 3 1 2 1 55
-48 63
-54 0 6 0 2 1 -1 2 -1 56
-59 63
-58 63
-58 63
-59 63
-60 0 2 62
-63 63
-63 63
-62 63
-62 0 -1 62
-58 0 -1 62
-57 0 -1 1 1 0 -1 59
-47 0 -4 0 1 0 -2 0 1 59
-44 0 -1 62
-47 0 3 0 -2 1 1 59
-35 0 -21 0 5 0 3 0 -2 2 -2 0 1 55
-5 0 -3 0 1 0 -2 0 1 1 -1 57
-4 63
-4 63
-2 0 -2 0 1 61
0 63
-1 63
-1 1 -1 61
-1 1 -1 61
-1 1 -1 61
-1 63
-2 1 -1 61
-2 1 -1 61
-3 1 -1 61
-3 1 -1 61
-4 63
-4 63
-15 0 13 0 -11 0 -3 0 7 0 -2 0 1 1 1 0 -1 2 1 51
-49 0 9 0 -10 0 4 0 -6 0 3 1 -2 0 1 0 -1 2 -1 5 1 45
-43 0 2 0 -4 0 -10 0 -3 1 1 0 1 1 1 0 -1 53
-53 0 -12 0 8 0 4 0 -8 0 3 0 -1 0 2 0 -2 0 1 2 -1 4 1 0 -1 45
-14 0 -13 0 10 0 -4 0 7 0 -2 0 -1 0 1 0 -1 0 1 2 1 51
-6 63
-6 63
-7 63
-7 63
13 0 -23 0 13 0 2 0 -3 1 -1 0 -4 0 3 0 1 2 -1 4 -1 46
43 0 -2 0 1 0 -2 0 2 0 -1 1 1 0 -1 55
42 1 1 0 1 3 -1 56
42 0 1 0 -1 2 1 58
42 1 -1 61
43 0 -2 0 -3 0 1 0 2 2 -1 56
45 0 2 0 -11 2 2 1 1 0 -1 3 -1 0 1 50
44 0 2 0 -8 0 -2 0 -1 3 1 0 -1 54
35 0 4 0 -4 2 -2 2 1 0 -1 54
27 0 2 0 -6 1 2 0 -3 2 -1 55
20 0 4 0 -10 61
14 0 2 0 -9 1 1 0 -1 2 1 0 -1 54
2 0 10 0 -18 0 -1 0 3 0 -2 0 1 1 -1 0 -1 54
-24 0 10 0 -14 0 2 0 -6 0 4 0 1 0 1 0 -1 0 -1 2 -1 51
-32 0 -1 0 2 1 -1 3 1 55
-28 0 -2 0 2 61
-25 0 -1 0 2 61
-22 0 -1 0 1 61
-20 0 -1 0 1 61
-18 0 -1 0 1 61
-18 0 1 0 1 61
-18 0 -1 0 1 61
-16 0 -2 0 1 61
-14 1 1 61
-40 0 -2 0 1 2 -2 58
-40 0 2 0 2 2 -2 58
-42 0 -3 0 1 0 1 60
-33 0 -4 0 1 0 -1 60
-30 0 -1 62
-29 1 -1 61
-30 63
-29 0 -1 62
-27 0 -1 0 -1 1 1 59
-29 0 2 0 -1 61
-30 1 1 61
-32 0 2 62
-33 0 1 0 7 0 -2 0 -3 0 -1 1 1 0 1 0 1 54
-49 0 4 0 2 0 5 0 9 0 2 1 -1 0 -1 3 -2 51
-41 0 3 0 3 0 -5 0 -7 0 -2 1 -1 0 -1 3 1 51
-61 0 5 0 3 0 3 0 3 0 1 0 1 0 1 0 1 55
-63 63
-63 63
-64 63
-64 63
-64 63
-64 63
-63 0 -1 0 2 1 -1 0 1 58
-61 0 -1 0 3 5 1 0 -1 54
-60 1 2 2 -1 58
-60 4 -1 58
-52 0 -14 0 -2 0 6 0 1 0 -4 0 -1 1 4 3 -1 1 -1 49
-23 0 -1 0 -12 0 -3 0 3 0 -9 0 -1 1 -1 5 -1 49
-27 0 -2 0 -30 1 6 0 -4 0 1 0 1 0 -1 0 1 3 -1 5 -1 44
-46 0 17 0 -18 0 2 0 -10 2 -1 0 -1 0 1 3 1 0 1 49
-59 0 -1 0 -6 0 -1 0 1 0 2 2 -1 0 -1 3 1 0 1 49
-58 0 -1 0 -8 0 -1 0 1 0 3 1 1 1 -1 4 1 49
-58 1 -6 2 2 2 1 55
-50 0 -12 0 -11 0 4 0 4 0 1 0 -1 0 -1 56
-11 0 -15 0 -9 0 -4 0 -8 0 -2 0 -1 0 -1 0 -1 0 -1 2 1 51
-10 0 12 0 5 0 -4 0 -2 1 1 0 -1 0 -1 0 1 2 1 51
-28 0 -1 0 -1 0 -1 0 2 0 1 2 3 3 1 51
-22 0 -3 0 8 0 3 0 -3 0 4 0 -2 0 -2 0 -1 2 1 0 -1 0 1 50
-2 0 -3 0 1 0 -2 0 1 1 -1 0 1 0 1 55
-16 0 20 0 15 0 -4 0 -7 0 -2 0 1 0 -1 0 -1 0 1 2 1 51
-53 0 2 0 5 0 6 0 4 0 2 1 4 0 3 0 1 0 1 53
-40 0 10 0 -6 0 -6 0 3 1 -1 0 3 0 -2 0 1 3 1 50
-49 0 -12 0 -11 0 5 0 8 0 3 0 -1 0 -1 0 -1 0 -1 2 -1 51
-9 0 -14 0 -11 0 -4 0 -8 0 -3 0 -1 0 -1 0 -1 0 -1 2 1 51
0 1 1 61
0 63
0 63
0 63
0 63
0 63
0 63
3 0 -3 62
7 0 -1 0 -1 61
10 0 -1 0 -1 61
12 0 -1 0 -1 61
14 0 -1 0 -2 61
15 1 -2 2 -1 58
16 0 -1 2 -2 0 -1 1 1 56
2 0 12 0 6 0 2 0 4 0 1 1 -1 0 -1 0 1 1 -1 0 -1 51
-17 0 16 0 2 0 -6 0 -2 1 1 57
-51 1 1 0 2 0 1 1 1 0 1 56
-49 0 -1 62
-49 0 1 62
-57 0 5 0 1 0 2 0 1 59
-60 1 1 61
-60 1 1 61
-60 63
-60 63
-60 0 1 62
-62 63
-62 63
-62 63
-62 63
-60 0 -1 0 1 61
-59 1 1 61
-52 0 -6 0 2 0 -1 3 -1 56
-46 0 -1 0 1 61
-46 0 1 0 1 61
-45 0 -9 0 3 0 8 0 -2 1 -1 57
-8 0 -9 0 2 0 -4 0 2 1 -1 57
-3 63
-3 63
-3 0 -1 1 1 60
-3 0 2 0 2 0 1 0 -1 59
-4 0 -1 0 4 61
-3 1 4 61
-2 1 5 6 -1 54
-3 1 5 61
-4 1 4 61
-4 1 4 61
-4 1 4 61
-5 0 1 0 4 61
-6 0 1 0 5 61
-6 0 -2 0 3 1 1 59
-4 63
-5 63
-13 0 10 0 -9 0 -3 0 6 0 -2 0 1 1 1 0 -1 2 1 51
-46 0 15 0 -3 0 2 0 -6 0 6 1 -3 0 2 3 -3 4 -1 46
-57 0 -1 62
-50 0 -12 0 10 0 4 0 -8 0 2 0 -1 0 1 1 1 2 -2 51
-13 0 -10 0 8 0 -4 0 6 0 -2 0 -1 0 1 0 -1 0 1 54
-7 63
-7 63
-8 63
-7 0 -1 0 1 0 1 0 -1 0 1 1 1 0 -1 55
25 0 -25 0 12 0 -3 0 5 2 -3 0 3 0 1 1 -1 0 1 51
45 1 -2 0 1 1 -1 1 1 56
48 0 -2 0 -4 1 2 3 -1 55
51 0 -1 0 -9 1 1 0 1 2 1 55
55 0 -3 0 -8 1 -2 0 -1 1 1 1 1 54
61 3 -1 0 -1 2 1 55
61 0 1 0 -1 1 1 0 -2 8 -1 49
46 0 14 0 -8 4 2 0 -2 3 -1 51
29 0 -1 0 -5 0 2 0 -1 0 2 1 1 56
35 0 -1 0 -1 0 -1 0 1 0 -1 2 1 55
32 0 2 0 -4 2 -1 58
27 0 2 0 -4 61
18 0 7 0 -10 0 -1 0 4 0 -2 0 1 0 -1 0 1 0 -1 54
-11 0 18 0 -20 0 1 0 -3 0 2 0 1 0 3 0 -4 0 -1 54
-32 0 1 1 1 0 -2 0 2 1 -1 0 2 0 -1 2 1 0 -1 50
-29 0 -2 0 2 61
-26 0 -1 0 2 61
-23 0 -1 0 1 61
-21 0 -1 0 1 61
-19 1 1 61
-21 0 1 62
-18 0 -3 0 1 61
-16 1 1 61
-50 0 -3 0 2 1 1 0 1 58
-47 1 1 61
-47 0 -1 0 2 0 1 0 -1 59
-38 0 -5 0 2 61
-30 0 -2 1 -1 60
-28 63
-28 0 1 0 -1 61
-30 2 1 1 1 58
-28 0 -1 0 1 61
-29 0 2 0 1 61
-31 63
-35 0 7 0 4 0 -2 0 -3 0 -1 2 1 0 1 54
-54 0 5 0 5 0 3 0 4 0 2 1 -1 0 -1 55
-39 0 -10 0 -5 0 -5 0 -5 0 -1 1 2 0 2 55
-54 0 13 0 6 0 3 0 3 1 1 0 -1 0 -1 0 1 2 -1 51
-64 63
-64 63
-64 63
-64 63
-64 63
-64 63
-64 63
-64 63
-64 63
-64 63
-64 63
-59 0 -7 0 1 0 2 0 -1 2 1 56
-43 0 -4 0 9 1 -2 0 2 2 -1 0 2 54
-32 0 -8 0 17 0 2 0 -2 0 5 1 -1 0 -1 0 2 1 1 0 -1 0 -1 50
-22 0 6 0 -3 0 -4 0 7 0 -3 1 1 0 3 0 2 1 1 0 2 0 1 50
-25 0 -2 0 -9 0 -5 0 -5 0 -4 1 1 1 -1 54
-33 0 2 0 2 0 -1 1 -3 1 -1 0 -1 4 -1 50
-42 1 -2 0 4 0 3 2 -1 0 -1 0 -1 2 -1 51
-20 0 -18 0 -10 1 -2 0 -1 1 2 0 1 0 -1 54
-5 0 4 0 4 0 -2 0 -3 0 -1 1 1 0 1 0 1 54
-26 0 5 0 4 0 7 0 2 0 1 0 1 0 2 0 1 0 1 2 -1 51
-25 0 1 0 2 0 -1 2 1 0 1 0 -1 55
-17 0 -15 0 -5 0 -1 0 2 0 1 1 3 0 3 0 -1 54
-11 0 13 0 9 0 -4 0 -6 0 -1 0 1 2 1 2 1 51
-48 0 11 0 1 0 3 0 7 0 3 0 1 0 3 0 2 0 1 7 -1 46
-58 0 1 0 -1 0 1 0 -1 0 1 1 -1 56
-40 0 -18 0 -5 0 -1 0 5 0 5 1 -2 0 1 3 -2 51
-9 0 -11 0 -9 0 -2 0 -7 0 -3 0 -1 1 -1 0 -1 2 1 1 -1 49
-1 1 1 61
-1 63
-1 63
0 63
0 63
0 63
0 63
0 63
1 0 -2 0 1 0 1 0 -1 59
8 0 -3 0 1 0 -1 0 1 59
13 0 -1 62
14 0 -1 62
16 0 -1 62
17 63
8 0 10 0 6 0 -1 0 -1 2 -2 0 -1 3 1 51
-5 1 -1 61
-23 0 23 0 1 0 -5 0 -1 1 1 57
-52 0 -2 0 -1 61
-49 0 -1 1 -1 60
-49 0 1 1 -1 60
-58 0 2 1 2 60
-59 4 -1 58
-58 4 -1 58
-58 63
-58 63
-59 0 1 62
-61 0 1 1 1 60
-62 63
-62 63
-62 63
-60 0 -1 62
-59 1 -1 61
-53 0 -6 0 -1 0 1 60
-46 0 -1 0 -1 61
-47 0 1 0 -1 61
-50 0 -1 0 -1 0 4 0 -1 0 1 0 -2 0 1 2 1 53
-13 0 -16 0 2 0 -5 0 1 1 -1 57
-2 63
-3 63
-4 63
-7 0 4 0 1 0 1 60
-10 1 1 61
-9 1 2 61
-9 1 2 61
-9 1 1 61
-10 1 1 61
-10 1 1 61
-10 1 1 61
-11 1 1 2 1 58
-12 63
-7 0 -4 1 -1 60
-4 63
-4 63
-5 63
-14 0 12 0 -10 0 -3 0 7 0 -3 0 1 0 -1 0 1 0 -1 2 1 51
-47 0 9 0 -11 0 2 0 -6 0 2 0 1 0 -1 4 -1 51
-55 0 2 0 -3 0 -1 60
-45 0 -17 0 10 0 3 0 -7 0 2 0 -1 0 -1 0 1 0 1 1 1 0 -2 51
-11 0 -6 0 5 0 -3 0 4 0 -1 0 -1 0 1 0 -1 0 1 54
-8 63
-9 0 1 0 1 1 -1 59
-9 63
-4 0 -9 0 6 0 5 0 -6 0 2 0 -1 0 3 0 -2 2 -1 52
39 0 -14 0 9 0 -6 0 7 0 -2 0 -1 0 1 0 -1 0 1 2 1 51
51 0 -6 0 3 0 2 0 -2 2 -1 0 1 55
62 0 -1 1 -1 0 1 59
60 0 2 0 1 1 -1 3 -1 55
54 0 3 0 1 1 1 0 2 58
51 1 2 1 -1 0 1 58
48 0 4 0 7 0 -1 0 2 2 -2 1 -1 54
38 0 3 1 1 0 -1 59
35 63
33 0 1 0 3 1 -1 3 1 55
33 1 2 1 1 0 -1 58
31 0 2 0 -2 1 1 0 -1 58
27 0 3 0 -5 0 -1 0 2 0 -1 1 -1 0 2 0 -1 3 1 50
8 0 14 0 -23 0 -1 0 5 0 -3 0 1 0 1 0 -2 0 -1 2 1 51
-20 0 10 0 -17 0 1 0 -7 0 6 0 1 0 1 0 -1 0 -1 2 -1 0 1 0 1 49
-30 0 -1 0 1 0 1 0 -1 2 -1 0 1 55
-27 0 -1 0 2 61
-24 0 -1 0 2 61
-22 0 -1 0 1 61
-21 1 1 61
-20 0 -1 0 1 61
-18 0 -1 0 1 61
-53 0 -4 0 1 61
-48 0 -1 0 -1 61
-48 1 -1 61
-43 0 -4 0 2 1 -1 59
-33 0 -5 0 2 1 1 59
-28 1 1 61
-29 1 2 61
-30 0 1 62
-30 0 -1 3 1 58
-29 0 1 6 1 55
-37 0 8 0 9 0 -1 0 -4 0 -2 2 -1 3 1 51
-56 0 6 0 6 0 1 0 4 0 2 2 1 0 1 54
-47 0 -15 0 -8 0 1 0 1 2 3 0 2 55
-44 0 14 0 7 0 -1 0 -1 0 -1 1 -3 0 -2 0 1 54
-63 0 2 1 1 60
-64 63
-64 63
-64 63
-64 63
-64 63
-64 63
-64 63
-64 63
-64 63
-64 63
-63 1 -1 61
-61 0 -2 0 -1 1 -1 59
-57 0 -1 0 2 1 -1 0 1 3 1 54
-54 0 -2 0 3 2 2 3 1 54
-44 0 -9 0 6 0 2 1 3 0 -1 0 -1 0 1 0 2 1 -1 0 -1 1 1 49
-31 0 3 0 9 1 1 2 -1 0 2 0 1 2 -1 51
-35 0 5 0 2 0 -4 0 1 0 -4 0 1 0 1 0 -1 0 1 4 -1 49
-34 0 -20 0 -6 0 2 0 4 0 2 1 2 0 1 0 -1 0 1 1 -1 51
-5 0 -2 0 -1 0 -3 0 -3 0 -1 1 -1 56
-21 0 15 0 5 1 4 2 -2 0 -3 0 1 54
-31 0 -1 1 -1 3 -1 56
-26 0 -11 0 -4 0 6 0 3 0 3 1 -1 0 1 3 -2 51
-9 0 5 0 4 0 -5 0 -7 0 -2 0 1 0 1 3 -1 1 -1 50
-42 0 10 0 13 0 6 0 7 1 1 0 -1 1 1 2 -1 51
-47 0 -1 0 1 61
-42 0 -12 0 -11 0 5 0 6 2 2 0 1 0 -1 2 -1 51
-16 0 -11 0 -2 0 1 0 -5 0 -3 1 -1 1 -1 54
-3 0 -1 0 1 0 -1 0 1 59
-2 63
-1 63
-1 63
-1 63
-1 63
-1 63
-1 63
-1 63
-1 1 1 61
1 0 -3 0 3 0 1 0 -2 59
10 0 -3 0 4 1 2 0 -1 3 1 54
15 0 -1 62
16 0 -1 62
12 0 6 0 4 0 -2 0 -3 0 -1 0 1 5 1 51
-3 0 2 0 1 0 2 0 2 0 1 1 1 0 1 55
-3 0 1 0 -1 61
-23 0 23 0 -1 0 -3 0 -1 59
-46 1 -1 0 -2 1 -1 58
-49 63
-49 0 1 1 -1 60
-58 0 3 0 -1 0 1 60
-59 0 -1 62
-59 63
-59 63
-59 63
-59 63
-61 0 1 62
-62 63
-62 63
-62 63
-60 0 -1 62
-58 0 -1 0 -1 61
-53 0 -6 0 -1 0 1 60
-45 0 -1 0 -1 61
-46 2 1 60
-45 0 2 0 1 0 -1 1 -2 0 -1 57
-16 0 -19 1 -5 0 1 1 -1 57
-1 1 -1 61
-1 1 -1 61
-3 0 1 62
-4 0 1 0 -1 1 1 59
-5 1 -2 2 -1 58
-5 1 -2 2 -1 58
-5 1 -2 2 -1 58
-5 1 -2 2 -1 58
-5 1 -2 2 -1 58
-4 1 -2 2 -1 58
-5 1 -2 2 -1 58
-5 1 -2 2 -1 58
-5 1 -2 2 -1 58
-5 1 -1 1 -1 59
-5 63
-5 63
-6 63
-6 63
-17 0 14 0 -9 0 -4 0 6 0 -1 0 1 1 -1 0 -1 2 1 51
-52 0 5 0 -3 0 4 0 -5 0 3 0 1 0 -3 0 4 0 -1 54
-53 0 -2 2 -1 0 -1 1 -1 0 1 55
-37 0 -19 0 12 0 3 0 -3 2 -4 0 2 0 1 2 -1 51
-10 0 -2 0 2 0 -1 0 2 0 -1 1 1 0 -1 55
-10 0 1 0 -1 1 1 59
-11 0 2 0 2 1 -1 2 -1 0 -1 55
-14 0 1 0 3 1 -1 0 2 1 1 56
5 0 -25 0 14 0 5 0 -5 0 1 0 -1 0 -2 0 1 0 1 1 1 0 -2 51
44 0 -2 0 3 0 -2 0 3 0 -1 0 -1 0 2 0 -1 55
53 0 -6 0 5 0 -1 3 -1 0 1 0 1 54
57 0 1 0 3 2 -1 3 1 54
55 1 4 1 -1 0 -2 2 1 0 1 54
50 0 8 0 4 0 -2 0 -1 0 -3 1 1 1 1 4 -1 49
37 0 2 0 7 0 1 1 -2 58
29 0 10 0 7 0 -1 0 1 0 1 2 -3 55
25 0 -7 0 5 1 1 0 2 2 2 0 -1 54
30 0 2 2 1 0 -1 58
26 0 2 0 -3 1 -1 0 2 2 -1 0 1 54
24 1 4 1 -2 0 3 2 1 0 -1 54
27 0 -2 0 6 1 1 0 -1 58
29 1 2 1 1 0 -1 58
25 0 5 0 -4 0 -1 0 4 0 -3 1 -1 0 2 0 -1 54
4 0 11 0 -24 0 1 0 3 0 -4 0 1 0 1 0 -3 0 -1 54
-15 0 8 0 -20 1 -4 0 5 1 1 0 -2 4 1 50
-26 0 2 0 -3 0 1 0 -3 0 3 1 -1 0 2 0 -2 3 -1 0 1 49
-26 0 -1 0 1 61
-24 0 -1 0 1 61
-22 0 -1 0 1 61
-21 0 -1 0 1 61
-55 0 -4 1 2 60
-41 0 -4 0 -2 0 -2 0 1 0 -1 58
-39 0 1 0 -4 2 -1 58
-44 2 2 0 -2 0 -1 58
-38 0 -3 0 2 61
-33 0 -1 0 2 61
-31 0 -2 0 -1 1 1 59
-28 1 -1 1 -1 59
-30 0 2 0 2 1 -1 59
-41 0 10 0 10 0 -1 0 -2 0 -1 1 -1 0 -1 55
-58 0 4 0 3 0 1 0 3 0 1 1 1 0 1 0 1 54
-54 0 -11 0 -7 0 3 0 4 0 1 1 1 0 1 3 -1 51
-38 0 7 0 4 0 -5 0 -7 0 -1 1 -1 0 -1 3 1 51
-61 0 4 0 4 0 2 0 3 0 1 0 1 0 1 0 1 55
-64 63
-64 63
-63 0 -1 62
-63 0 1 62
-64 63
-64 63
-64 63
-63 1 -1 2 1 58
-62 0 -1 0 -2 2 1 58
-60 0 -1 0 -4 61
-58 0 -1 0 -4 2 -1 58
-57 1 -2 0 -1 0 -1 0 -1 58
-61 0 1 0 1 0 1 60
-60 0 -1 0 1 61
-56 0 -2 0 -1 61
-48 0 -4 0 -2 0 -1 0 -1 2 1 56
-46 1 1 5 1 0 1 54
-48 0 1 0 -1 0 2 0 3 0 1 0 -1 0 -3 0 -2 2 1 52
-13 0 -16 0 -6 0 -7 0 -6 0 -1 0 -1 0 -1 1 -1 2 1 51
-5 0 3 0 -1 0 -2 0 2 1 1 0 -1 3 1 52
-23 0 4 0 -9 1 -4 0 1 0 2 0 2 0 1 55
-32 0 1 0 -1 0 1 0 2 0 2 0 -1 1 -1 0 -1 54
-13 0 -10 0 1 0 -5 0 -3 0 -2 1 1 2 -1 1 1 51
-38 0 25 0 14 0 3 0 3 0 1 0 1 0 -4 0 -3 0 1 2 -1 51
-55 0 -7 0 -3 0 2 0 2 59
-43 0 -5 0 -7 0 2 0 4 0 1 0 -1 0 -1 0 -1 3 -1 51
-18 0 -8 0 -5 0 -4 0 -5 0 -1 0 -1 0 -1 0 -1 0 -1 54
-15 0 2 0 -2 1 1 2 1 0 -1 3 1 51
-12 0 -6 0 5 0 1 0 -1 0 1 1 -1 0 2 55
-3 0 -2 0 1 1 1 3 -1 55
-2 63
-1 63
-1 63
-1 63
-1 63
-2 0 2 0 1 0 -2 0 -1 1 1 0 1 56
-10 0 1 0 5 0 -1 0 -1 0 2 0 1 0 1 56
-14 1 10 2 1 3 -1 54
-15 1 10 1 1 0 2 58
-11 0 -5 0 6 1 1 0 3 1 1 0 -1 0 1 54
1 0 -9 0 9 0 -1 0 1 0 2 2 2 55
8 1 8 0 -1 1 -1 58
-1 0 5 0 4 0 2 0 3 0 1 6 -1 51
-3 0 -1 62
-2 0 1 62
-23 0 23 0 -1 0 -3 2 1 57
-51 0 -1 0 2 1 1 59
-50 0 -1 62
-49 63
-54 0 4 0 -1 0 1 60
-57 63
-57 63
-57 1 -1 61
-57 63
-58 63
-60 0 2 62
-62 63
-62 63
-62 63
-60 0 -2 62
-56 63
-50 0 -6 0 -1 0 -1 60
-44 63
-46 0 1 62
-48 0 -1 1 2 0 1 2 -1 56
-16 0 -19 0 -1 0 -4 0 -1 1 -1 57
0 0 -1 0 -1 61
0 63
-1 0 1 0 -1 61
-3 63
-3 63
-3 63
-3 63
-3 63
-5 0 3 0 1 0 -1 0 -1 59
-11 1 3 2 1 3 1 54
-8 0 -5 0 2 1 1 59
-4 1 1 61
-4 63
-5 63
-5 63
-6 63
-7 63
-7 63
-8 0 1 62
-24 0 19 0 -13 0 -3 0 6 0 -1 0 1 0 2 0 -2 0 -1 1 -1 0 1 51
-52 0 4 0 -5 1 -3 0 2 0 1 0 -1 0 2 0 -1 1 -1 0 1 51
-50 0 -7 0 -4 0 1 0 2 0 1 1 1 0 -1 2 -1 0 1 51
-25 0 -17 0 9 0 -1 0 1 2 -3 0 2 0 1 1 -1 0 1 51
-10 1 1 0 -1 60
-22 0 10 0 6 0 3 0 -4 3 1 55
-20 0 -7 0 8 0 -2 0 6 0 -1 0 1 0 -1 56
-14 0 -5 2 -1 0 1 58
20 0 -23 0 17 0 -3 0 1 1 -1 0 -3 0 4 0 1 1 -1 0 1 51
35 0 6 0 6 0 -1 1 1 1 1 0 -3 55
33 0 -5 0 7 0 -1 0 2 0 6 2 1 0 1 4 1 49
34 0 4 0 1 0 -1 0 2 0 5 3 1 54
27 1 -5 0 1 0 1 0 3 2 1 0 2 4 1 49
31 0 -2 0 -4 0 -1 0 -2 0 -1 7 1 50
31 1 -2 2 -1 3 -1 54
31 1 -2 2 -1 3 -1 54
28 0 2 0 -1 0 1 60
26 0 1 0 3 1 -1 0 1 58
25 1 4 1 1 0 -2 2 1 55
23 0 2 0 -3 1 1 0 -2 2 -1 0 1 54
20 1 -1 1 -2 0 2 3 1 54
21 1 3 5 1 55
20 0 1 0 3 61
19 0 1 0 3 1 1 0 -2 1 -1 0 2 0 -1 54
13 0 5 0 -12 0 -1 0 6 0 -5 3 -1 4 -1 49
-6 0 11 0 -21 1 -2 0 1 0 1 0 1 0 -3 55
-25 0 4 0 -3 0 2 0 -4 0 2 1 -1 0 3 0 -1 3 -1 50
-26 0 -1 0 2 61
-23 0 -1 0 1 61
-56 0 -2 1 1 1 1 58
-48 0 -4 0 3 0 -1 1 1 58
-44 1 4 2 1 58
-47 0 1 0 -1 0 1 0 1 0 1 1 1 56
-42 0 -3 0 2 61
-36 0 -2 62
-32 0 -2 0 3 1 -1 59
-30 0 1 0 1 0 -1 3 1 0 1 55
-43 0 12 0 9 1 -1 0 -1 1 -2 0 -2 55
-59 0 2 0 2 0 1 0 2 0 1 1 1 0 1 55
-58 0 -5 0 -4 0 2 0 3 0 1 58
-39 0 -5 0 -1 0 -4 0 -6 0 -2 1 1 56
-56 0 11 0 7 0 3 0 4 0 1 0 1 5 -1 51
-64 63
-64 63
-64 63
-63 0 -1 62
-63 1 -1 1 1 59
-62 0 -1 0 -2 61
-61 0 -1 0 -3 61
-59 0 -1 0 -2 2 -1 58
-58 0 -1 0 -1 2 -1 58
-56 0 -1 0 -1 61
-55 0 -1 0 -1 61
-55 0 1 62
-55 0 3 0 -1 0 -2 0 -1 59
-62 63
-59 0 -2 0 -1 0 1 0 1 59
-51 0 -3 0 -2 1 -1 59
-44 0 -1 0 -2 0 -1 60
-50 0 6 0 1 1 -1 4 1 54
-33 0 -25 0 -10 0 1 0 3 2 4 0 3 0 -1 54
-5 0 -1 2 -1 2 -1 0 -1 55
-4 63
-5 0 2 0 -1 0 -1 0 2 0 -1 1 -1 0 1 55
-10 0 -2 0 -8 1 -2 0 -3 0 1 2 -1 54
-26 0 19 0 9 0 -4 0 -8 0 -2 0 1 0 -2 0 -3 0 1 1 1 0 1 51
-58 0 1 0 1 0 2 0 2 0 1 0 1 0 2 0 1 2 1 0 1 51
-52 0 -10 0 1 0 2 3 -1 3 1 0 1 51
-24 0 -12 0 -7 0 -2 0 -3 0 -1 1 2 0 1 3 1 51
-14 1 1 2 -1 58
-13 0 -1 62
-13 0 1 0 -2 1 1 0 -1 58
-13 0 -3 0 3 0 1 0 -3 0 1 1 -1 0 1 3 -1 51
-4 0 -2 0 2 0 -1 0 2 0 -1 58
-2 63
-2 63
-2 63
-2 63
-3 0 3 1 -2 0 1 1 1 57
-14 0 3 0 -3 1 1 0 3 0 1 0 -1 0 -1 55
-18 1 -7 2 3 58
-17 0 -1 0 -7 0 -1 1 2 58
-16 0 -2 0 -5 0 1 0 -2 0 3 2 -1 55
-6 0 -7 0 -1 0 -1 0 -1 0 1 2 1 55
-2 0 1 62
-3 63
-2 0 -1 62
-1 63
-17 0 20 0 -3 0 -4 0 1 1 1 57
-53 2 3 0 -2 1 1 0 -1 0 1 55
-50 0 -2 0 2 1 1 59
-48 63
-49 0 4 0 -2 0 -1 0 1 59
-55 0 1 0 -1 61
-57 1 -1 1 -1 59
-57 63
-57 63
-57 63
-59 0 1 0 -1 61
-62 0 1 62
-62 63
-61 0 -1 0 -1 61
-58 0 -2 0 -1 1 -1 59
-55 0 -2 0 -1 0 1 0 1 59
-47 0 -3 0 -1 0 -1 0 -1 59
-44 63
-48 0 3 0 1 1 -1 0 1 58
-45 0 -9 0 -2 0 1 0 1 2 1 0 1 55
-12 0 -16 0 -2 0 -4 0 -1 1 -1 57
0 0 -1 62
1 63
0 0 1 62
-3 0 1 62
-3 63
-4 63
-3 63
-4 63
-5 0 3 1 -1 0 1 59
-11 1 -4 2 1 58
-8 0 -3 0 -3 1 -2 59
-5 63
-5 63
-6 63
-6 63
-7 63
-7 63
-8 1 1 61
-8 63
-9 0 1 1 -1 0 1 59
-30 0 21 0 -10 0 -2 1 1 0 1 0 3 0 -3 0 -1 54
-49 0 -11 0 4 0 4 0 -1 2 -2 0 2 4 -1 50
-38 0 -1 0 -3 0 5 0 -4 0 2 0 -1 0 4 0 -2 3 -1 51
-17 0 -7 0 5 0 -3 0 3 1 -1 5 1 51
-23 0 11 0 -8 1 6 59
-22 0 -10 0 -9 1 -5 3 1 55
-12 0 -1 62
-8 0 -7 0 4 0 4 0 -4 0 1 0 -1 0 2 0 -1 55
28 0 -12 0 3 0 -5 0 5 0 -1 0 -1 0 1 0 -1 55
37 0 -1 2 -1 59
37 63
38 4 -1 58
38 0 1 0 -1 61
35 0 2 0 -1 61
32 63
30 0 2 62
27 0 2 0 -1 61
22 0 3 0 -2 61
17 0 2 0 1 1 -2 0 1 2 -1 0 1 54
17 0 -1 0 6 2 1 2 1 55
17 0 2 0 3 0 -1 0 1 0 -1 2 -1 55
11 0 2 0 4 0 1 0 -2 59
10 1 5 1 1 0 -1 58
13 0 -3 0 4 0 1 0 -1 4 1 54
20 0 -1 0 2 0 -1 0 2 0 -1 58
3 0 21 0 -9 0 -4 0 2 0 -3 0 1 0 1 0 -1 0 -1 2 1 51
-29 0 1 1 2 0 -2 1 1 0 -1 3 -1 52
-27 0 -1 0 2 61
-52 4 -2 58
-51 0 -1 0 2 1 -1 0 -1 58
-49 0 -1 0 3 2 -1 58
-46 0 -1 0 3 0 -1 1 -1 58
-47 0 -1 0 2 0 1 60
-38 0 -5 0 2 0 -1 0 1 59
-34 0 -1 2 -1 59
-43 0 11 0 9 0 -1 0 -2 2 -2 0 -2 55
-60 0 2 0 2 0 1 0 2 0 1 1 1 0 1 55
-58 0 -5 0 -4 0 1 0 3 0 1 2 -1 3 -1 51
-41 0 -7 0 -6 0 -2 0 -3 0 -1 58
-49 0 13 0 6 1 -1 2 -2 0 -1 55
-64 63
-64 63
-64 63
-64 63
-63 0 -1 62
-59 0 -3 0 -1 61
-56 0 -1 0 -3 1 1 0 1 58
-55 1 -4 2 1 58
-54 1 -3 61
-53 1 -1 1 -1 0 -1 58
-54 0 2 0 2 1 -1 0 -1 2 -1 55
-55 0 -1 0 1 1 1 59
-54 0 -1 0 -1 0 1 4 1 55
-57 0 6 0 2 4 -1 56
-62 0 -1 62
-56 0 -6 0 -1 2 -1 1 1 0 1 55
-52 0 1 0 4 1 -1 0 -1 58
-53 0 3 0 9 0 -1 1 1 1 -1 0 -1 55
-55 0 -9 0 -3 0 7 0 7 0 3 0 -2 0 -2 2 1 1 -1 4 1 46
-11 0 -10 0 -5 0 -6 0 -5 0 -1 0 -1 0 -2 0 -1 0 -1 54
-5 63
-5 63
-5 63
-11 0 10 0 6 0 -4 0 -5 0 -1 0 1 0 1 0 1 0 1 54
-52 0 12 0 7 0 6 0 7 0 1 0 1 0 2 0 1 0 1 2 -1 4 -1 46
-59 63
-43 0 -22 0 -9 0 3 0 3 0 1 1 3 0 2 0 -1 2 -1 51
-22 0 4 0 6 1 -2 2 -2 0 -3 55
-30 0 3 0 6 1 -1 0 3 2 1 0 1 54
-33 0 -1 0 14 0 2 0 -3 0 1 1 -1 0 2 3 -1 51
-17 0 -8 0 8 0 -1 0 4 0 -2 2 -1 0 1 54
-10 0 1 0 -2 0 -1 0 2 0 -1 58
-14 0 -1 0 1 0 1 0 -4 0 2 6 -1 51
-5 0 -3 0 3 0 -1 0 2 0 -1 58
-3 63
-2 63
-3 63
-3 63
-3 1 -1 61
-3 63
-3 63
-3 63
-2 63
-2 63
-3 63
-2 63
-1 0 -1 62
-9 0 13 0 -3 0 -4 0 2 1 1 57
-46 0 11 0 -5 0 4 0 -2 1 1 2 -1 54
-51 0 -3 62
-48 0 -1 62
-45 1 -1 0 -1 60
-52 0 4 0 -3 0 1 0 -1 59
-55 63
-55 1 -2 61
-56 0 1 0 -1 2 1 58
-57 63
-57 1 -1 0 -1 0 1 59
-61 0 1 0 -1 0 1 60
-60 0 -1 0 -2 61
-58 1 -1 0 -1 0 -1 59
-58 0 -1 1 1 60
-50 0 -5 0 -3 61
-45 0 -1 62
-44 63
-48 0 3 1 1 0 1 2 -1 56
-37 0 -9 0 -4 0 1 2 -2 0 -1 56
-6 0 -10 0 -2 0 -3 0 -1 1 -1 57
1 63
1 63
0 63
-3 0 1 1 1 60
-4 63
-4 63
-4 63
-4 63
-5 63
-5 63
-5 63
-6 63
-6 63
-7 63
-7 63
-7 63
-8 63
-9 63
-9 63
-9 63
-11 0 3 0 -2 0 -2 0 2 0 -1 0 1 0 -1 0 1 55
-40 0 16 0 -11 0 6 0 -6 0 1 1 3 0 -2 0 -1 0 1 1 -1 51
-31 0 -7 1 -5 0 2 1 -1 1 1 55
-28 0 -6 0 2 0 3 0 -5 0 1 1 -1 0 1 3 -1 51
-16 0 -1 0 3 1 1 0 -2 3 1 54
-13 0 -2 0 2 0 1 0 1 0 -2 1 -1 0 -1 0 1 54
-5 0 -1 0 -11 0 -2 0 1 0 5 1 2 0 -1 0 -2 2 -1 51
-7 0 -1 0 -7 0 2 1 4 1 -2 1 -1 54
22 0 -21 0 -4 0 -4 0 -6 0 4 0 -1 0 -2 0 3 55
36 1 1 0 1 60
36 0 1 0 1 1 -1 59
36 0 -1 0 2 61
37 0 1 0 2 0 -1 60
33 0 2 0 1 61
31 63
30 0 1 62
28 0 1 62
25 0 2 62
21 0 2 0 -3 1 1 0 -1 58
17 0 2 0 -7 2 1 2 -1 55
13 0 1 0 -6 1 -1 0 3 2 -1 55
11 0 2 0 -4 0 -1 0 1 0 2 2 1 0 -1 54
7 0 1 0 -6 0 1 1 1 58
8 0 -1 0 -4 1 -1 0 1 2 1 0 1 54
8 0 1 0 8 0 -1 0 -4 0 -1 3 1 54
-8 0 14 0 14 0 -1 0 2 1 1 0 -2 0 -1 0 1 54
-31 0 4 0 1 0 2 3 1 56
-32 0 -1 0 2 61
